old	new
00287ed67470b265e472d1594721ee7dd9083a82	00287ed67470b265e472d1594721ee7dd9083a82
002e4a49794d6e707ae787255d97eba38ea321d9	002e4a49794d6e707ae787255d97eba38ea321d9
00344bbde3094b97725579895bfdaf177bdba089	6f9da3449fe27c86e8a6b5a2f367902d501e1d73
0075ba9ef49ff3cd4a71d1c6c42d89de7046f7d8	85d9fe7db56e4f48067819ee5eff4ce5e104953c
0082a4da9536bd2b8eb6c6d57ff7005485c8d08b	0082a4da9536bd2b8eb6c6d57ff7005485c8d08b
0094435d64be8b1dc016b02506a443e811f4bbb8	0094435d64be8b1dc016b02506a443e811f4bbb8
009aed62d57af65f0e0998196b21f0ad2f404c05	009aed62d57af65f0e0998196b21f0ad2f404c05
00b9db62f397f1c19fd6a37f933a34a82b2ebfcc	00b9db62f397f1c19fd6a37f933a34a82b2ebfcc
00d35376511b8bd28c16dd9c40415e0ddbc533ab	983004eb956b9ec586386daf5dfd1a5962e03267
00d77b92473ee7d8b9b20191daeb74e9b9c22bf3	8be46f7f1c428730b7a85a1a184207768038cb7e
00dd112874bc573ca1842706208ff74776f100f1	ee7e5c61a63eef826f5f48a7b3a61e696fd7221b
00eaaefba8dca2ab24bb8764b205fc3538d325a0	3f850bf9a3d5010bd43c2e75dcff05bec5603654
00f6acfc78107448f30d23db77c151e330dfff0c	00f6acfc78107448f30d23db77c151e330dfff0c
01072a72114dc9919a6b04cd54daabe07c2fdfa5	01072a72114dc9919a6b04cd54daabe07c2fdfa5
011118753f877a857653eb1523498659c8f8c891	011118753f877a857653eb1523498659c8f8c891
0119be095cbb94f5a1bc88425af49bb7f6e33598	f0bb626360d6bbdc8d1877ed8944127a3cc2f54e
01227c848efd848e1572c9811446bce2ed7fa561	01227c848efd848e1572c9811446bce2ed7fa561
012dc69a031532d2ad04cdc06da53b60a4a96231	012dc69a031532d2ad04cdc06da53b60a4a96231
013c24d6b8cdd4c2fde451d55e47986c77d1f794	013c24d6b8cdd4c2fde451d55e47986c77d1f794
01404f810ee58ae81dc0fcf2783dc911f30bc39b	8e60c40c2f13c00535e8d7c42562e51b193c95eb
014e1e0ff77a6d283bc6beb0bed627b34ecc7141	014e1e0ff77a6d283bc6beb0bed627b34ecc7141
0167c649db0ecf208f11786628fc0d76850d6d9d	0167c649db0ecf208f11786628fc0d76850d6d9d
016c65b0cc88b1211ce97ab19de706d99114cfd6	827d05ad4b7e8d5f1d4ce4fc09c90ab364be088d
01a0413c6000a910efae715f1886c1a3c6ab054e	01a0413c6000a910efae715f1886c1a3c6ab054e
01a5baf239b5d4bfaa467f4ab43844b009f7aed8	01a5baf239b5d4bfaa467f4ab43844b009f7aed8
01ca7c586601050f4e61a072073d9c9853c8f421	5e56f0960c5f45bc4e1e960c71fd53c3a9b82331
01cc5e1d2eda59b1a89efb0c0e9594274aac2364	660c51cbeef7c483b646fd715fa8e0c52f1f4404
01cd1acfa77b7009a2b6dedb5114b429e5feabae	01cd1acfa77b7009a2b6dedb5114b429e5feabae
01eb3680461dcdf4b132c196e779ac13739673c2	01eb3680461dcdf4b132c196e779ac13739673c2
01ecb87abb465745f1e69b59004bcc71f982e009	0c4b17ea32f0a59610feb6192ce64d4b0879725d
01fa64e4691e840a3597af648a0df92ed0cf5e57	01fa64e4691e840a3597af648a0df92ed0cf5e57
01fb71779d19e92ad481d58992bd7838b0f1b298	36d88caf8b4d0899303ca7a6866a96af68ade5f3
021657311ef1ac0cea15b586b3f3dfcd75414e45	db6383084153e78085b7c212d65a734aa3bdc51e
022cb49bf66b770558573020aa47bd2a363019c4	022cb49bf66b770558573020aa47bd2a363019c4
0252d152cc5c3613e9255b82371b185fb223cb61	9b68a2ff1b0c5d27566460a4ce90310238ee3752
02637c0bc53303608c6759f16f06f32296245032	02637c0bc53303608c6759f16f06f32296245032
027f2220dc8ab20fce56d58ed9a2ba25b930f873	027f2220dc8ab20fce56d58ed9a2ba25b930f873
0281319cb28028745f9e4e3c3d6ad036d03c3736	0281319cb28028745f9e4e3c3d6ad036d03c3736
02a0fff4403e3fe7f1be02b97c91a4dec8cfde9b	1af0b2e415b3d7ab2d04e2052c5000d600fef4a9
02a33c9e7da13aab7e6381cf056f4d62518b9b7c	02a33c9e7da13aab7e6381cf056f4d62518b9b7c
02aa5039bee999329bebb28a55d8cb8b5e2b5e44	02aa5039bee999329bebb28a55d8cb8b5e2b5e44
02ccbf3014a2ac840e89bb617a950c717e3fc053	02ccbf3014a2ac840e89bb617a950c717e3fc053
02e90318ac8b405489658ca5b2c86b49b7f89bfe	02e90318ac8b405489658ca5b2c86b49b7f89bfe
02f1e588c6f9d91d4710627de3699a821e0bda6f	87311fe34f886e667f154ee7912d8168a6d4cb6d
02fe47dd7bc5779c3fd12bddaff4b6756d069a5e	02fe47dd7bc5779c3fd12bddaff4b6756d069a5e
0310a5e004ee2e0f336e223bc76c07f3c449e546	0310a5e004ee2e0f336e223bc76c07f3c449e546
0319128baeb5c719cb5a722404ec7d5b87be3e9e	0319128baeb5c719cb5a722404ec7d5b87be3e9e
03194ba85f81cf0d715d2d97164deb2758d73224	03194ba85f81cf0d715d2d97164deb2758d73224
032669c739572acf3782ba2b86814c37de93c6bd	032669c739572acf3782ba2b86814c37de93c6bd
0334d7dd0ac6d2fa5442527e2e80be598b7383b2	12bea95980772130216aca620c98f83d7c5f37e6
033c451572b4eb97088f6a088a7d13defba500a6	39e43c59fdc8af3b249090adbf6a89db5f554212
0343166b872f8682538170f51bc2f2b4a92496a0	1b61a4dc634862e3ffcb24cc46115f4de923a682
036f9712db15718a1fa1bf8c7e310ae975ccc9b4	036f9712db15718a1fa1bf8c7e310ae975ccc9b4
038f0c214867175e102133b7502923cadc0216e4	6357fe0c01940ca86e240aca61884c2e3ed9324d
03a81117936a2c5dd287ea497eeff4a8f8b5bd17	03a81117936a2c5dd287ea497eeff4a8f8b5bd17
03ac72971df6a8b71c30e1edd0264fee086b40f4	03ac72971df6a8b71c30e1edd0264fee086b40f4
03b1995432811adfc539c93d2b6a575fa598a74b	03b1995432811adfc539c93d2b6a575fa598a74b
03e127777733d777fa85b771f91d01afb3c25cbd	03e127777733d777fa85b771f91d01afb3c25cbd
043c0686fa1f3a5978bb259287eb79c0451aec38	043c0686fa1f3a5978bb259287eb79c0451aec38
0447444f2fedd8e8e58a43f96aff540e2d9d8292	0447444f2fedd8e8e58a43f96aff540e2d9d8292
044be21940f4bb59564cd198abb16d6cf43dfa76	044be21940f4bb59564cd198abb16d6cf43dfa76
0457c1b66c111d270eb55d6bd9dc2e253ef43160	0457c1b66c111d270eb55d6bd9dc2e253ef43160
04957571b22e915125f849ec1ec075541fad939e	04957571b22e915125f849ec1ec075541fad939e
04b9c6c8a0334fa14615f810141224daafce750d	2276bf7b11f2783842821b3f8361ad5ec59ecf6f
04eabcfe63aa59263ce62b665008d529c7c4e27e	04eabcfe63aa59263ce62b665008d529c7c4e27e
04f2e591fbb4daf3b209d042d70e357035f6d8a6	1bfa07c2b4bba2ee8ed6f23290d9b62e325e2e2d
050791953d63cf8cba2f8c83efd198d6fb629313	086a5203d574067080303390fb8def8da530a7e3
050a4bb4bd7070a1cb5b330fba6594b0b8d0f0aa	050a4bb4bd7070a1cb5b330fba6594b0b8d0f0aa
051176489192cc6b6b730d0c15bb38621d8e041e	051176489192cc6b6b730d0c15bb38621d8e041e
052c91342a18f74626198a8df3ef701c175bd795	b7d85346a5323eed39a0aaa8ce341e0e5f8f570f
0554d2ab572f27afeb261a6142771babec04bd0e	0554d2ab572f27afeb261a6142771babec04bd0e
055c8dae157646f8cd6ee92a2948b61b17f64cd5	157cfe16fb6769ee43b62147e09e16fc0f790284
0565e1aff1326c137457623cea3f403c565922e1	0565e1aff1326c137457623cea3f403c565922e1
0570a81917665f054ba6ad71c059cd3db032e3f4	134782661bfc368dbd7bf8fb74d8778816c18fc5
05960fc34b8625820ed8d2d50970720f45d21d53	05960fc34b8625820ed8d2d50970720f45d21d53
05dc3f7607a7baa452ebb3df420cc0296fd8473c	05dc3f7607a7baa452ebb3df420cc0296fd8473c
05e159261a409da6451105d1d3bcf7e9a7d62661	fef5bc2823647cdf098be5e9a2011b3aeaa51186
05e678f8b19c43af993459d5ec23284675a2b3f2	adea5655f37d18c01e1435692ed56442cadf36dc
05edf925293c1b096503526782f1350b1beefe83	7997b84d7a9a0e28cb05715c0aa7152d32883372
06084626583f2f91a83b3f7012cee6b45d15a041	06084626583f2f91a83b3f7012cee6b45d15a041
061e8a76f51d1d22fcec929d3b29205af213993d	061e8a76f51d1d22fcec929d3b29205af213993d
0643f11918d24ad530cb95461aed9fc7a5b97092	0643f11918d24ad530cb95461aed9fc7a5b97092
06511f44552deeaa2cafd202c8dbb0cc41e94207	addffcdc2128b219f2388c52e98cf86f7d290855
0658ebf097813875895ecfb7561522860dbfdf69	d561047465ed3ac4143dc13b843876252e09b601
065d68aa0e6bf4a63471a178cad486b91625cc98	065d68aa0e6bf4a63471a178cad486b91625cc98
06a8a70cf7b16b29e3fbddefae0e4ebb6c193338	06a8a70cf7b16b29e3fbddefae0e4ebb6c193338
06ad35435e4dc995c5d21ed2eb682fe5afb4b269	06ad35435e4dc995c5d21ed2eb682fe5afb4b269
06c99f98525baf15503cf61cc25041499f950830	06c99f98525baf15503cf61cc25041499f950830
06cbbff28cb2704ec7484bf1d6dcbab48a7eea60	06cbbff28cb2704ec7484bf1d6dcbab48a7eea60
06e952c4aa2f87c8b8ef4d464b65ba0cdb073f9c	cbfe8fda2b0db1be07435978682a5caa83dc69f3
06f38fe213451af4ae8680e578bbc92c910994b8	2e05915a909604b079c90f600b917c50bf938091
06f5a497e2d857f0b80c20a84b22464f0bc8f741	06f5a497e2d857f0b80c20a84b22464f0bc8f741
0709bed66851aab9f2a7b7ffed755f74db72073e	0709bed66851aab9f2a7b7ffed755f74db72073e
071c05d24d00809f052295f670937ac6cf19d79f	071c05d24d00809f052295f670937ac6cf19d79f
072e6e60b27063afbe6eded29de938159275be43	f77a66848903d6599c2d796967f2ef2cfdd47e6b
0733ae1e23c42c761f46abb1a235d95d7901800e	264e68e857dbc2815e653b552d72eed7fcdf1ae4
0748e5f5ae309096b245124fbc978a53f30bee9e	0748e5f5ae309096b245124fbc978a53f30bee9e
074d215c9a7e2bae6abf5dd2165d6eb84d36943a	074d215c9a7e2bae6abf5dd2165d6eb84d36943a
074e22719a89b7abf2ab612c057ea9fe475e9dbd	074e22719a89b7abf2ab612c057ea9fe475e9dbd
075085139b42b57d9786f68922200dc84effb9ba	58e805efd7178d3173617316f8e8117582f33c66
0751e501fff9603766e61234decd945583f783a1	0751e501fff9603766e61234decd945583f783a1
0753947e049a8ecabeab5220f4d3427eeb256a65	c399093f581832ff9204b89e9de507e6d8ef4a4a
0772f0b6d08c0d2588b18153d4792671c333cfaf	0772f0b6d08c0d2588b18153d4792671c333cfaf
07967192f9d761d870cbdfc21ada0e3181946d05	07967192f9d761d870cbdfc21ada0e3181946d05
07a5e0d54e4ce129211a76b1e291a6311229b87a	07a5e0d54e4ce129211a76b1e291a6311229b87a
07a60086da3275780f29a6abeecb8f839aa5b18d	07a60086da3275780f29a6abeecb8f839aa5b18d
07ada7be07ffd72b16d051df22a254da202e46ed	07ada7be07ffd72b16d051df22a254da202e46ed
07aec7548ae5dfcf2d8cb3cb28bd087272b56f41	07aec7548ae5dfcf2d8cb3cb28bd087272b56f41
07b38bbd75147fa65e931e0e35a6da63cd4daf01	1b73fc4d94057f294ae72928f4419c684bcbdfe9
07b49ca4d4cfb2c0900a1f9c22d49f6dd0a22964	07b49ca4d4cfb2c0900a1f9c22d49f6dd0a22964
07bd1d25472d1c0bbdec440bde27396402eb4d73	2747c83786b7e60ab535ac984bb92687af4156b5
07cb622df65d78ffc2a31e2dfe656c40e7fefa1e	07cb622df65d78ffc2a31e2dfe656c40e7fefa1e
07e99f162b3e7b26f38908d28c2e09dca80477ae	aa691bda16971f4a2cf11b128536f98786b592d9
07f193e00307d623f22352e2ffcec20c63e4423b	07f193e00307d623f22352e2ffcec20c63e4423b
080599620e9d78952b7e48a3facd4a39699af4d0	080599620e9d78952b7e48a3facd4a39699af4d0
085ef6e33047350bfd3f536dc653967d7f2f4bd8	085ef6e33047350bfd3f536dc653967d7f2f4bd8
0869fb65c70bc34587b7b465cf009a7a12b367e5	0869fb65c70bc34587b7b465cf009a7a12b367e5
087e61e9cb5b7e4a6191dc9453acd1c67178385a	be2df8a65a8d1d7ccf66466769a9c3566c0bf578
088fd81a92857f80c526edb41bf553392e8d9af8	088fd81a92857f80c526edb41bf553392e8d9af8
08969bd4581c82f1e7f4c61b8f05bfef996d9925	08969bd4581c82f1e7f4c61b8f05bfef996d9925
08ac8cb11ed07031709430b8f4d263c02490c1c5	e9ed9074e50acb0d0b061759c11588b8392471bd
08b6aa312b6ba339611b3591eea8b1d91063461e	08b6aa312b6ba339611b3591eea8b1d91063461e
08b8fa2f7d1f066af1ee99926af4043ce9b6d24b	08b8fa2f7d1f066af1ee99926af4043ce9b6d24b
08bbbb08b0080fd2a03e0fdfa00bf73de7b9dddd	08bbbb08b0080fd2a03e0fdfa00bf73de7b9dddd
08ed4e2ab6329bd3255e4541d5d18b1627d1bfe5	08ed4e2ab6329bd3255e4541d5d18b1627d1bfe5
08f4c8b5fbac45c565448b528b64ec71a8534b93	08f4c8b5fbac45c565448b528b64ec71a8534b93
090a2744ba536992ad512f4fc97d4be3e914c199	4808422786c67bde5eb5fcc6a469c7f0bc24cbc8
090a72258e76f84367c886da0e41ae79e181d2c0	e65c192a5581139eb07c5fe01165e0e046fea249
0910d97fdcbb2de2a424f11020e255eb858703e5	0910d97fdcbb2de2a424f11020e255eb858703e5
092a33090a3d3dbc96a9b51677d7dba0f1c7874f	092a33090a3d3dbc96a9b51677d7dba0f1c7874f
0938153f62a9809704e2cc35ada458fe0e1c8353	c801331217e02db313dbc41f9aa81118709a0c08
093e13e191c729d450ad176fd9a5b8d7d64eb43d	093e13e191c729d450ad176fd9a5b8d7d64eb43d
096ecca462a6c8fa619ca2024a9629edbf230cbb	3a740940d1d461d8b701acf74f030d0fee2efe6c
097314dcb90409b2830fcc2af6c0d32dd80a7529	097314dcb90409b2830fcc2af6c0d32dd80a7529
097a7cc1c2f5a0162782d9e4e53dc300c9189d8d	9aba4f41c4686d5ef6519e7d556fdee22e50023b
0993aa6e00cbdd33492a9ca9d9837772cd4ba06f	0993aa6e00cbdd33492a9ca9d9837772cd4ba06f
0998973da88b940f57096a683780c6c7d8bdffe5	0998973da88b940f57096a683780c6c7d8bdffe5
09b85dbeecca6b747904f23ddea93c36df7565d5	09b85dbeecca6b747904f23ddea93c36df7565d5
0a287e33797902d99acb03fb088063d035b04ae7	0a287e33797902d99acb03fb088063d035b04ae7
0a35a0be34c2ffb459b6d17f56a5874dc8cdb5c8	0a35a0be34c2ffb459b6d17f56a5874dc8cdb5c8
0a465124d20a82ed07a8b54155806b14d407c5d7	0a465124d20a82ed07a8b54155806b14d407c5d7
0a49945a5073a3a64b59ac9f6a65ab78c03c6028	0a49945a5073a3a64b59ac9f6a65ab78c03c6028
0a5bba2db7b8f8fd13d81622d9cbbfa1d56a8684	0a5bba2db7b8f8fd13d81622d9cbbfa1d56a8684
0a60b73410a97879c7fd2c93229c52a1fc2934f3	f9ac3df6dfb7c4f43a5cde7af7b6ada6cb2e3dc0
0a62608d8e8c05b70b5e9a29c683f74e792389be	d14095c930d3b16125c2f8e04d584234ac3fc957
0a700b0421e844951bf45de4e1dd32387f06cc91	2bf2862b1c5835a101ef7c7b094b7b76ce888a7b
0a7dc9d9036adfcd25bac834a90e2ecbc534a98e	576eb5f9dfe80d5704a26e3b3988ef5e67a345d0
0a94627f23e2c6fb81f5f085ed695d80e57fa3f7	0a94627f23e2c6fb81f5f085ed695d80e57fa3f7
0aa0236d19d083e4541159bb19ac3e8c6d0bf6a8	b33d86e4885b770f70c0ddf38f5234ba39ac7931
0aa161e899ee920e01fe1bb349fa889f953f48ef	0aa161e899ee920e01fe1bb349fa889f953f48ef
0aabf88937bdcc3d4b2e997e1e266fdad3264a58	0aabf88937bdcc3d4b2e997e1e266fdad3264a58
0ac1326a6b62253b3d40e4d9232026fd46f2bc8a	0ac1326a6b62253b3d40e4d9232026fd46f2bc8a
0ac1a967d179b7140ff5e671aac0e15e7e361535	0ac1a967d179b7140ff5e671aac0e15e7e361535
0af6943b964eec2e2babb85aadc4b456f68ffb56	ff0044b9e47b63bd7c79a8c46b85a163fdd8db94
0b02a16dca8c017fa77aea5483b5bf54c30f9fb9	96bb246c007ece6b707e330331672cf79ac1bde4
0b072c330578987ad33cfebd152e129460bff771	0b072c330578987ad33cfebd152e129460bff771
0b11074be728530409d237bb53e6f495399d1e4f	0b11074be728530409d237bb53e6f495399d1e4f
0b113ffde24ce8bec926ffdd4973db6e790b38ed	0b113ffde24ce8bec926ffdd4973db6e790b38ed
0b361608be7b128f173dd1e30c92f57d751b9d0d	0b361608be7b128f173dd1e30c92f57d751b9d0d
0b59185bd9b695db4dde016e68014d97170c5e4b	e812a69ce83db96797c11e0b433e7521f823fdaf
0b5c7334ffbffa1c778937f32800258e8f605d20	802088fe1073a2ed844db333294febf1732d5ce7
0b66732ba4a77c4ba823537001828c1a75563c5d	6f25c5c0be2fb5a3053fe328bf6312665cd22150
0b6ae3f206d955b3b63a8dfbca7b964a7254460d	0b6ae3f206d955b3b63a8dfbca7b964a7254460d
0b7197356e537b9d6114f566608611ea77312876	ec9d32f528c42e0e8bbd5529c2237c9d693daf20
0b78cc0050f1f180f5563317f85aa28f978be745	0b78cc0050f1f180f5563317f85aa28f978be745
0ba6563da067b39803ad843e0b760be8630707df	f48b6290103875c2374615ea194254d26bb04ccb
0bb478f920307fa412d8b8dbce03467e417bdaab	0bb478f920307fa412d8b8dbce03467e417bdaab
0bd24197eed1abcae2b2a3c3a83aba63850d7c01	c34e8f2eef44a3508a2a649ce2931ea1c154f77e
0bdd526112f7975ecf13064a96e2e8672fa16667	1911b60a86eee0de344bf1cf7a53e69730365523
0be534f998511f01c3808023776d79da5d8cb459	0be534f998511f01c3808023776d79da5d8cb459
0beba835fb978b58816f849d16e71a665cfd9d37	67f3e3046a996ccd60ca5b044d3e287e95fc1a1e
0c16771bce89c664151918bd2825f0cf4989d263	b0d93d6de5147e5b9d9b443f9790a34489375de5
0c1c2b831844f5627c66d395d95db3d989a5b621	596d238e610c58f101ef1cca432e85804b178105
0c4587c55a83e3301a44ee10a64d15d2ba1da2bf	8276a9c4c431dde2eb60be84b7b2c9f44b94adfb
0c458aab77d854a95a7acf2de64b42f07c76b9be	709f57f879eaf6c5faf8320ed9590f072db229f2
0c4e87c592dae20ec517bd36ebed1a523caa52ae	50f795c0ae6cc61d95729f9f8351f0be82e0ac92
0c50e5556231f7947b15f97b7e71b101ba52d0c3	0c50e5556231f7947b15f97b7e71b101ba52d0c3
0c5896a561fb8397daa79e60d4f1c80cb299463b	7d87dbc315f1bea8495b7ae19e32b3f189ca3d42
0c63f4916e98e10bebdb5a5b3b1e7da2249da1d2	0c63f4916e98e10bebdb5a5b3b1e7da2249da1d2
0c66f06d148368a19e341d6b46cf6d73c5c0fd8d	b985e0a5dc5cbfefb8c63355afa960c6d5462ca4
0c70f3de9fb192f67afa57bd301420302de6422a	1a9290b2071136558fb1ec502c30b60af45f6a42
0c9f3fa6960b33842a3ba1fb97c595a64a667dd5	0c9f3fa6960b33842a3ba1fb97c595a64a667dd5
0ca1ed8bd935afc17eed116b855d6fa5f743d45e	7266b78a7e143438058aeabe7e5343edcdbdb571
0ca963964635ff03bb38bfffa677e4b77648e1d2	0ca963964635ff03bb38bfffa677e4b77648e1d2
0cab2c0702910379dc8a0c494d249c804e323642	0cab2c0702910379dc8a0c494d249c804e323642
0cbc73939af68bd4fac8b13fc37c229a38e0e077	0cbc73939af68bd4fac8b13fc37c229a38e0e077
0cdfb8136cd885f8937a0985b1350157fea2695f	38ed1e31bde66b3f6039d27edc9aaedcd86f1a7a
0ce6b7cce7d5fe7179155a8f340ea853f550c5e6	7dc9e5913649b5a8b87b74028190cb7b2ff3e057
0d03fd106a114535f6739305eeb045061ccd8897	3d005df92a59237cc594cfe325dc02f5fa93f589
0d3bbddbccbd3421408c76b6a1d561105d5249ce	0d3bbddbccbd3421408c76b6a1d561105d5249ce
0d48573168eabd76881d99e57c4fba5db92bbaf9	0d48573168eabd76881d99e57c4fba5db92bbaf9
0d4c86922888a53a08fa12f760d18911e0cd12ce	63b0862f0258dd3c9c6e30a9b27ce0aa07df301b
0d69d89a1d81b8a067f1dd1377fef6c769dfdf6e	0d69d89a1d81b8a067f1dd1377fef6c769dfdf6e
0d83602a2110ccff596ae1b55d772b8b355679bf	0d83602a2110ccff596ae1b55d772b8b355679bf
0d894aa6d1de15ffb94e11ca331a27bb08c4e8d2	0d894aa6d1de15ffb94e11ca331a27bb08c4e8d2
0d8bd8f4c39594e7fde5ad85673898c44029fe91	b15beee60f928d758ff9a569bb51d7cadf188fb9
0d9e5c0fc9e4a7f0ab867575c56724db0905d4ab	0d9e5c0fc9e4a7f0ab867575c56724db0905d4ab
0da2d5a54e8ef0ce3258f14d61cebced09015fe9	0da2d5a54e8ef0ce3258f14d61cebced09015fe9
0da6ee2a0d6ff0890e5f3388dc59b66a1a9a4fd7	0da6ee2a0d6ff0890e5f3388dc59b66a1a9a4fd7
0db47994b0fa6a7296afbba45d5aac85d47720b4	f54cc951f8f7cdaee57c72bfde9c6829014fb513
0dcc3d465be960abf82c128d7d2cbd4595d0018c	1d7b71c405143b6a17e5aaed55e4b14098b838bd
0dcd0f553ac60692569af0553b800a08d55aede3	0dcd0f553ac60692569af0553b800a08d55aede3
0dff0a99bd49ff9c63d67274d9a0716088b5c756	0dff0a99bd49ff9c63d67274d9a0716088b5c756
0e19b0aef231a17f167e387b3d3eed09bcac2f54	591c59cfaffe225c61416b985016fb6994ab85d4
0e3507d7abd2dc806b63a45a8910f504dfa92b1a	0e3507d7abd2dc806b63a45a8910f504dfa92b1a
0e5bc873b6c6e8dbb33248c20ca529b3b7904c8b	26aec51610c49a59fc45548e5ca6fcdc5b2d834d
0e606db5a5826adceac69fda953993e559aa662f	0e606db5a5826adceac69fda953993e559aa662f
0e61c29030a346096d13ba1cc1e434b83cd51853	0166705371f35feac5eb6a9e0ea2a2fd7d38532d
0e6b9eb94d4da501af2e8d2f08c90bbc042e95c0	0e6b9eb94d4da501af2e8d2f08c90bbc042e95c0
0e7396962245b9e712096cc2262738e578695ee7	0e7396962245b9e712096cc2262738e578695ee7
0e83c3a71d1eb15b7c297a2130c627385a2b6045	0e83c3a71d1eb15b7c297a2130c627385a2b6045
0e88fb95cb640c68a955ea723e74df082c0c00c9	0e88fb95cb640c68a955ea723e74df082c0c00c9
0e8bbb15eb9474595ba42894d6f45b08fa61f635	0e8bbb15eb9474595ba42894d6f45b08fa61f635
0e99314f3cff5a28ecc61b40f2a0a76201d0d698	48740dfa13ed1c44487757af6965ab8dcf2cd905
0ebdeae02ec2bb320d1469ffce16aaabd4ea89a6	0ebdeae02ec2bb320d1469ffce16aaabd4ea89a6
0edaa3389590bd413f52d99092aee80092821ea5	0edaa3389590bd413f52d99092aee80092821ea5
0ee2f94996b9f02587af490f33d1b5ed560ba50b	0ee2f94996b9f02587af490f33d1b5ed560ba50b
0ee801cdbe3516a397658eef87b58e0f58e923d7	37c66bc7e8059dfad01106dbc76d0ecad3f95765
0ef6d338220886d10d85a30dc5f48330a2c9a334	0ef6d338220886d10d85a30dc5f48330a2c9a334
0f0267c91b7acc94ef273238a77b72e9a12e2679	0f0267c91b7acc94ef273238a77b72e9a12e2679
0f23bdc54ba811178c59abd30054bbdfa4b2268d	0f23bdc54ba811178c59abd30054bbdfa4b2268d
0f5367828729f82526cede589f590109a4c6d3e5	0f5367828729f82526cede589f590109a4c6d3e5
0f63d96ef787bec696e030488a4e8af7d7fd987a	fd76cd41e8d8b31eb81fc4630d4729ea66dcc10d
0f6727c842c03e092423208de44063d05b1cd959	0f6727c842c03e092423208de44063d05b1cd959
0f7c0db7685472f549f32b66d4aa570010764b53	4274842ed0af0027e106cb2eb09d335cc66c0307
0f8298fa67cf8254f74eb75c14e68a11a040f7c6	1242c4806e1fab987345a54d1ee3a2bd71986bb5
0f86da70149e1d888d3941dbcea3d7676a50e0ae	0f86da70149e1d888d3941dbcea3d7676a50e0ae
0f940f3a164acc04ae20856acf7328144a5b4e07	0f940f3a164acc04ae20856acf7328144a5b4e07
0f99fe4d24c21080978876dbc890f52d12f3a425	0f99fe4d24c21080978876dbc890f52d12f3a425
0fb872dda036ab17dc82595d890c26858c1d7a5c	0fb872dda036ab17dc82595d890c26858c1d7a5c
0fbea0b53a4f8df23297834c49ecf90abc4392af	789b88649487aa47fc6e12509a7576b34b777a1d
0fca2123ae7fc66475a17f651028c1845febf607	0fca2123ae7fc66475a17f651028c1845febf607
0fd30d0762e26ba6b267ac2d2a0dd5816687ab8f	0fd30d0762e26ba6b267ac2d2a0dd5816687ab8f
0fdbda16d22ed7ba86728c53ebabfa0480a680b6	0fdbda16d22ed7ba86728c53ebabfa0480a680b6
0fde7e78bcde5aab91d97ccd94edfaf4b20c78d1	980786dbaf1c5508bd2429c1b76f462add2bec46
0fe50879a6be5a0a06fff07cdbec3f0989b149df	5e011fe8af64a97868685de3c9519ae6a4e445a5
0ff36e991a4ec320a5b018a0075875a3f0762e86	0ff36e991a4ec320a5b018a0075875a3f0762e86
0ff64c64a2dc13249c3ada1589bd715ac9dc3a1e	0ff64c64a2dc13249c3ada1589bd715ac9dc3a1e
10229c1913794ee86e2cb39d1de7a45c04636c2a	e96bf2dee73bac82b9c42f6be8d79581bd38d55b
1041674f611e6f9e559262a52de5c6818231338f	1041674f611e6f9e559262a52de5c6818231338f
1043c96e7db6646f145f1c97233f987bd873dea3	1043c96e7db6646f145f1c97233f987bd873dea3
1045ddf3fa56b79ef5eefde9b6ed6938c033572f	e6f71ce1bfd6659229548c4776c211e11fc4564d
104a7deadf6eeafea5d3270aa232bf789a81c9da	9847ce18cd69a17114a5b61b8cbd7b05ec9b53c6
104db2fa6cf440e04607071a4a72ce5fe223cbbb	104db2fa6cf440e04607071a4a72ce5fe223cbbb
104e86729c5e2418e9cc87fa0e8d81dabe826b27	104e86729c5e2418e9cc87fa0e8d81dabe826b27
1073d34bede209deaf7517d87b4e04785b3f406d	1073d34bede209deaf7517d87b4e04785b3f406d
10803f76b3e4cd0ab2df4185111bd098d973ce7c	10803f76b3e4cd0ab2df4185111bd098d973ce7c
10b36a634414368447d5a677ca4a0aef47d6ab7d	9fb548a556001f4ab487fbafc81ba07725fb024d
10b58ab51522bd698839182736e8d2e43b10d858	3ce9cf3e7d9486af9a6d750f77bd20a95cc2ba91
10cb4775a0116153fd8def66f73d4d0e5bc97b1e	5e72eec0de8652419367d709d2321bfcc3a04751
10ccb9b1fa2190ab375d4b5d79d09522e10d42a2	af2b9ed36de5992f54a80baa42cdc35592b516cc
10f07558c5a6affe3c1992716b3998e49a7fc34a	10f07558c5a6affe3c1992716b3998e49a7fc34a
10fbdcfc2829848e28f7c018a8ba974fa1c490d1	10fbdcfc2829848e28f7c018a8ba974fa1c490d1
10ff88e593b5bbc6449335a2d110c1daa72f885f	98c6bfe9d4c698fec5590bc807f8ad6d23c6ea20
11083106b228a7ee26a22ecaf287abdde53cf160	11083106b228a7ee26a22ecaf287abdde53cf160
110b07fdf5150b79e6401292a1bbe6b0c9ad81ea	110b07fdf5150b79e6401292a1bbe6b0c9ad81ea
110c4da03420d97df8b4a1aeb916c7cc021ad08f	110c4da03420d97df8b4a1aeb916c7cc021ad08f
113e5fd772d9369bd21256b60bbe8f58069015b6	113e5fd772d9369bd21256b60bbe8f58069015b6
1142ac95ffe682100237b9ab8060b953a74e64e0	2e2711f128ef81e125d27bcfc795a67be3c69ef8
1150dcd2f167411063181a959abc9493e3c34379	941eaac964ba482d0360b4e24484d7a434fd305b
1159a6e934a95cc47e2c9aafacc2e1dd21d7a180	845bd7d811b5bc86b08900d489627ab6ea07e50f
1163461807e43777777deac400650b0c1dc2d025	91d0bdc25d84aca230f24ec9b1fbfe194de653ec
1164959b21612f78e0920c4be75a7b786788cce2	1164959b21612f78e0920c4be75a7b786788cce2
117a605f963822e4fc4129f629c851e991828cec	117a605f963822e4fc4129f629c851e991828cec
117e07d10f9a39e9040dffe7a77fab74d6f21731	9c2c80e35f67b04eb78ec6cb707ab838774d2661
1197b9755be41b95f9a23604c205286936214747	1197b9755be41b95f9a23604c205286936214747
11994292b1837db6bf26d843760da7e370128b4f	11994292b1837db6bf26d843760da7e370128b4f
119d7d0ef9deeeba2efc857dea1651e467ebdc7b	119d7d0ef9deeeba2efc857dea1651e467ebdc7b
11a076aa76b43caee0eb2caf7e76394f72440aac	11a076aa76b43caee0eb2caf7e76394f72440aac
11af5b66f6602420b69d9e43fa4177c35d51b4e6	013910d8f9848d8119e4de977463aa9cf63c4888
11afdbf2895aea00a07e60a4bb47747fdaad7401	11afdbf2895aea00a07e60a4bb47747fdaad7401
11b3f78567a9542e5c44d367edba4499bf7f75da	11b3f78567a9542e5c44d367edba4499bf7f75da
11bb6c52b2e8c0bd61dfd32454d8a4dcef721ba1	f13135e3d5ae190beff5abfb33b24dc883d329e7
11d51b9889d01f41a88b2f141cf10c1e153d4cc3	9b43399535d9bfc930b31ff1ee77730ef384903e
11e7a5d4f6856062a5ac00a8d90ed97b5c2e56cb	a6c6ec48ac805e8f095b68fb6e4abb27a07ecd2d
123a936f052041c1bbe6c5f4fae6dd48a98ad3bb	9935c6e3f0505c0e43c2c266110548a257678c74
123b4bd17b6fb0d541cf2dab82e72a2b7e3e509c	f85c9233dfc0d5164d72e8ec88a10328fb85de23
123dfcb738fdbb372cb9b5928f27a6093adf1bee	123dfcb738fdbb372cb9b5928f27a6093adf1bee
124622bc90f240f1e3f4297b5ba8b573e5f7549e	239c825bb48f37e7bb1762ff95fdc97d0186c71a
124690980f761872b1adc64d41551516b717589e	124690980f761872b1adc64d41551516b717589e
125108aa26fdb3c2af53050d4add68f5cd74b668	125108aa26fdb3c2af53050d4add68f5cd74b668
127ad47e99196b543270c166d57e3478b0e321a5	9776fe53fdacc95734175317882d38c2be23ad13
127d023bc2a42ba45024ccbcd3e4138b67067503	127d023bc2a42ba45024ccbcd3e4138b67067503
1284c28e0d80a26279913fd2e503005e5582d5e2	51951b1e85fbbe0055a2e0bfaef11414b9d39160
128f1a2202ed7d602d2fcee74c150ca91d874e64	128f1a2202ed7d602d2fcee74c150ca91d874e64
128fc4e045550a2b8bd9ada37eb4f635e9e9d8b0	128fc4e045550a2b8bd9ada37eb4f635e9e9d8b0
12c6ecfc381fc6ce3516317cec8cb97e8326429a	12c6ecfc381fc6ce3516317cec8cb97e8326429a
1304c96d4299e26e6399b5e8af1590b134c6c493	1f34ef53fb7eafb83b9b604f319f4e6c4045e5a8
130fa404657660ab59c88936cefab58c4a2a2e99	130fa404657660ab59c88936cefab58c4a2a2e99
13124ed31c77fcbf30744a828a49c93af6e949d2	13124ed31c77fcbf30744a828a49c93af6e949d2
131390337579b7bd9d0b2ec80889285b2588c4d9	131390337579b7bd9d0b2ec80889285b2588c4d9
13248718b0a91fede0219c8b6ca742d74eb12627	60e8842afeaeb799447a9b55375b7c0dedaafc7e
13353590eec487651d48c021b2c283eafe3c5dc1	13353590eec487651d48c021b2c283eafe3c5dc1
134aa057738ba43ac7952b4bcc515323edfff10f	1ebbedbb229e61e853a9b0b3d7b04c8ba32143b0
1360700aea71d86f50cb66e9269447d1b3b20724	d34cb38536dc3e6a0f107728f5ccc0526480d7d5
136205760dcb699f4da936f7cd913831284ae47f	bd8b2a4f580b60b3abcaf6ba4e26af0aee8e27b3
138b49382495bc44f86f544db47ad77217e180e3	138b49382495bc44f86f544db47ad77217e180e3
139f8eea19e558d2a8befa23ef88afc8e3a39857	139f8eea19e558d2a8befa23ef88afc8e3a39857
13a7e5f07500d5dc8844d664d866f3f7aaae30a2	13a7e5f07500d5dc8844d664d866f3f7aaae30a2
13cb3ab3306d57236fcecf2db8e98a3d21a2163f	13cb3ab3306d57236fcecf2db8e98a3d21a2163f
14027634a1375fe23f533d63414e40d6c308a397	79dd445270cd9206052edc989c46aea1fef13a86
140ed1f34125a46be037c188966b31d5d8408455	6161e322c3a34b850905d714fe27c55823f6f11a
14195abc86eae975e90a21e66e72e2ad3fbd51c1	14195abc86eae975e90a21e66e72e2ad3fbd51c1
144589edabe17ad7bce24aa372024c2df46ef3d8	5ebde9113f7532e9ff03852ca2366328484ed84d
1454e94e78dab848c45414d4c7187473a0fab746	3d90b71b686b2d11e1bfd7ec8b9bfb1dcc6e997b
14567db6fa21a0753ace318565bf5906833de4a8	14567db6fa21a0753ace318565bf5906833de4a8
1469c439670e9517efcf98a24c8f858f97b1a162	1469c439670e9517efcf98a24c8f858f97b1a162
14716ddd98211202797ac90d96a50dcc89b9e091	14716ddd98211202797ac90d96a50dcc89b9e091
147f79dffc649f617e9777370e8ab83b9553bdaf	753dd316ccea62702ea9cdca2fa261e02e87a6fc
1499d827fb512377653a677d8d7e6760a7728eca	b5ff60f875957edf44b55491367658b4ea9ad962
149e65ef5186854cac78425125adaf8a666141ac	149e65ef5186854cac78425125adaf8a666141ac
14a3abb99eb477c0cc7833624e7532eb2b3e6c5e	14a3abb99eb477c0cc7833624e7532eb2b3e6c5e
14e4e69c5b2517683592b333a35b8ecb15df9fd6	14e4e69c5b2517683592b333a35b8ecb15df9fd6
15125a80ac101a12d4c41adbfbd7682d2ab24e86	f05f691510b74ab3da2e6acdf28d96065b55b76c
1535883f5f13dc0aa14ebb55fb6ec15fa012cb23	c24a603e2a95f31de2417025879f1cb8f8c7a57b
153e4729f1bc6c3367b815d10ce6f1dcb5f3af63	153e4729f1bc6c3367b815d10ce6f1dcb5f3af63
15427e32bcb12cb5e6762db8c314fa78dc49f45f	95204bc54ec8cd0e1415a753b2e04c2216acbb74
15464e2e214f27b0afc163b3a22e245260984e2c	28cb1f138eb5bbad3a83e7952cb5cddd5ac27470
154e6ee8cf8e265734b3e121618858fcd8be7236	154e6ee8cf8e265734b3e121618858fcd8be7236
154fff20307aec5e9bb1409cc7827792c64d9c3c	154fff20307aec5e9bb1409cc7827792c64d9c3c
155abcf96f51c88790f955ba502f13f2d5028444	155abcf96f51c88790f955ba502f13f2d5028444
156db68c7790e3e785b05a8877cf6695e0bfb08e	f22821fe66aa71f1f88753e575468f82dfcf60fe
15898ea54888d10625e5f12de1a4a2679f4be2d1	5efcaaed3517eb334631c6e83dd7329455bb5cfa
15952923e3e9b491afc7832df0d577095dfd7cd5	15952923e3e9b491afc7832df0d577095dfd7cd5
15963d24681d4ea4dcc4a8983762a341408364b6	665d39956f1500419d53d36bd2c83fb26820f634
15a4234dca6cf248722ee2c72edfa421adf87ac2	0b86b8c9da8639f0001c5eb14675ba57098f7ca9
15dcb89e6be8cf7a706fd88c3bca237362b1b50e	15dcb89e6be8cf7a706fd88c3bca237362b1b50e
15dce4f74ab508a905ac9106e77b57ab84941614	15dce4f74ab508a905ac9106e77b57ab84941614
15e8a28a6f206ef1dbccd8479f4da4f1af5feddc	15e8a28a6f206ef1dbccd8479f4da4f1af5feddc
15f42596fa670863f31b0211f2db5a3a9c87e1c7	15f42596fa670863f31b0211f2db5a3a9c87e1c7
1607567d68c50a07baa4c9872d847aeb33b946d2	31d0a435fb8c19e66595c504add6d8c2e3aea2a3
160b8fab984c1d3af2108b5dfac5bb4f678b8ff1	160b8fab984c1d3af2108b5dfac5bb4f678b8ff1
162a7286bf7bc098efb0e58fd4f4c02bcb581905	162a7286bf7bc098efb0e58fd4f4c02bcb581905
1640bfe3938c24a9c986bae065882233967f1591	58d6413b7ea7f5172ea7ae73ab5f9fa5f163b1dc
16477bbd9154949ecceb5a32dd6e8ac66ac16abf	16477bbd9154949ecceb5a32dd6e8ac66ac16abf
164e89f14e58264ce1d5c50d23f49b9a73febdde	164e89f14e58264ce1d5c50d23f49b9a73febdde
165d86a88f9802d21334b8a114cabdbb323a44c3	165d86a88f9802d21334b8a114cabdbb323a44c3
16816f0b6c3426e5f552b1bd36807ab2d277c487	16816f0b6c3426e5f552b1bd36807ab2d277c487
168a94cd2d93ac8a7dd4f12b6ee5e34e21b24fcd	769000e51323b0633af45ffac3e3c517235eb19c
16b9604b54547771e7b16396325fd250bba047a4	16b9604b54547771e7b16396325fd250bba047a4
16d77bae98d8835ef0c6dabfc894294db87cc467	01c44d85917319efbc7ffa0af082ebdba11c464f
16e8a0ff6e118623fda80f39f05a0c59271deaa1	16e8a0ff6e118623fda80f39f05a0c59271deaa1
1704ffc423a63ea656d5e4febc43682cc882d32d	193348bafc654c6715eee142b7b41ce0124daa39
17161e588465d23c5b3e1d2bf69f0e87cc15e384	17161e588465d23c5b3e1d2bf69f0e87cc15e384
171d7d9bf156ca47e405f3fecc7f0faf96669996	171d7d9bf156ca47e405f3fecc7f0faf96669996
172b5a16e4d3134e2db9e58c12e4c91193242885	172b5a16e4d3134e2db9e58c12e4c91193242885
173ea3da80739727b21d1ce89d64ad5a0dd66cfd	173ea3da80739727b21d1ce89d64ad5a0dd66cfd
177bf5c00913d19498a4f586b48c9aa98833193f	177bf5c00913d19498a4f586b48c9aa98833193f
178730b3369c5dba3bd7de93275c259d662aab25	178730b3369c5dba3bd7de93275c259d662aab25
179d87e2aad0d3f1b999679315b3729516fadc53	179d87e2aad0d3f1b999679315b3729516fadc53
179e7457e71c1653812254cebf71ffbb23ab8dbc	179e7457e71c1653812254cebf71ffbb23ab8dbc
17a7d043b02c984475db15036e07d6aa42829e9f	17a7d043b02c984475db15036e07d6aa42829e9f
17a7f3ac7da251cee85a8bb674e339a971f4202e	17a7f3ac7da251cee85a8bb674e339a971f4202e
17bcf00cf6f4880e9c4dc68ddcbdfc939336a302	17bcf00cf6f4880e9c4dc68ddcbdfc939336a302
17cb2c123a0341dcacab5a8b100db1d40207674d	17cb2c123a0341dcacab5a8b100db1d40207674d
17e9700bba67de50a2f24f9130f2a9d58230312c	17e9700bba67de50a2f24f9130f2a9d58230312c
182a67cb8ee53e5e62ba37fe825c874561c3257a	182a67cb8ee53e5e62ba37fe825c874561c3257a
18562a8efa5a470235ff3898c8095a70707eac26	18562a8efa5a470235ff3898c8095a70707eac26
188da84934b7d9231e1cf2a587c8cb9d434e8145	188da84934b7d9231e1cf2a587c8cb9d434e8145
189c6939fff0d1e533dca034be21b77913dc913a	46aebf77b21b8992c3611b2100ed96b43d3c7b7e
18a29c8fc785c50b07d5b1dcbd07cf31cdff9b51	18a29c8fc785c50b07d5b1dcbd07cf31cdff9b51
18ab76f93e3aead749da00a52a9a539ba6a57876	4ae6a55ea94580eba92057fc311f15e5820d1fe4
18d46062c30da87b30666b1ba0f290872a28fa7f	c046f6aa1a97c28e4d649c9fb0ad4de1e881cb35
18ede8071e79045c65b5b47c563379f2bb5cca3f	09bc4fbbff19625914d94626ef9253289c206c4d
18fcfb467f5844911c345ed8e33dce05a68a2943	18fcfb467f5844911c345ed8e33dce05a68a2943
1900595c3e7e6ee03a75d75b4adb6b411efaca46	1900595c3e7e6ee03a75d75b4adb6b411efaca46
1907af236a972f44aee6720f7eeb4020a6afd021	bf519cd508bd11947a918d5dff1318138706b803
19221d472cdac3247d3e8f64c5ad371ee36ebdb3	19221d472cdac3247d3e8f64c5ad371ee36ebdb3
1938bf4cf58077ade551d2ae1c28c841118f4bbf	1938bf4cf58077ade551d2ae1c28c841118f4bbf
194a55ab3b1b498b1ebf3ba9277b63041ff33200	194a55ab3b1b498b1ebf3ba9277b63041ff33200
195a486e62ddf85f42d1735e0cadccd15dfaaec7	f43efa1e098ec72dc9c522e85038a1362abd0858
195d78f4132d7b28ac4960cf1960b78ba7f9e47a	195d78f4132d7b28ac4960cf1960b78ba7f9e47a
196724f506dc3c362027faaaf430ca6456024088	a7722aac95d19539bab2ee403dc336301650631b
198c3f7fb1792177987b6ef50eefc345d511c79a	198c3f7fb1792177987b6ef50eefc345d511c79a
19a8791af0a3a94a7d011af7d3843461670a4919	19a8791af0a3a94a7d011af7d3843461670a4919
19b2170ba4dd7913f3080e0bce376d462914dff6	19b2170ba4dd7913f3080e0bce376d462914dff6
19c8b65ca5c2495a6de965fa5a81abc92b2156c4	19c8b65ca5c2495a6de965fa5a81abc92b2156c4
19d8609f68c5354034797466619b4a8b9fd9b6b8	f4ffbe8d9706dc946cfab7afbbc93f5cf482e16e
19e5d48e45211e112ba11fdac46742f7520a23f6	19e5d48e45211e112ba11fdac46742f7520a23f6
19ebe6f203cf420e25f3b08edc63c937cc7ec17b	b8336ff342dab15c457703763eb36cbb28a3a7b0
19fe3bcc125afede8da3a5b0fb5a8057f4d65a1d	19fe3bcc125afede8da3a5b0fb5a8057f4d65a1d
1a096328db17bc47f7394c6857b692057ec1d51f	4fb7c5806b8bad46a9a7d6b26d05ace068e6c348
1a4b0a879b90bad9e84c2ed7dc1af55d71816ce3	1a4b0a879b90bad9e84c2ed7dc1af55d71816ce3
1a4b1dd71db83afdb5615e2657810d435538e90b	1a4b1dd71db83afdb5615e2657810d435538e90b
1a62ce742d111e294b3008267c5c904ff0a6b7ff	1a62ce742d111e294b3008267c5c904ff0a6b7ff
1a634ced487fb997dfe8fbd606a4bdd453996ad2	fe126b510b7e2b6908672cb88884da38f32023bc
1a68c3a51590701eceaea2b86c9b370073671c82	1a68c3a51590701eceaea2b86c9b370073671c82
1a8379e72216e0c109f9498caf64abfa593b299c	0870def6c0600557e66092405b66290a2de1b45c
1a9314a69e15348f7b7cf6f12de5952fb43ead8f	1a9314a69e15348f7b7cf6f12de5952fb43ead8f
1a96d320d0e3765c6b588de872dd5f0f0e2ecfd4	1a96d320d0e3765c6b588de872dd5f0f0e2ecfd4
1aa24cf5013f9747cee0e487f44fd138cc33139c	1aa24cf5013f9747cee0e487f44fd138cc33139c
1ab9e1f5c6d8d8cfb2a7adb8d8f46b02ba9bf3f2	e80d0a24439f8820ea99017dfae71c9584fcf9c6
1abf3e94e9a1cd847e2e6db9ff6586f782936f4b	1abf3e94e9a1cd847e2e6db9ff6586f782936f4b
1aec268103fa0be437b33e0d9a9cf0388dccd2a3	1aec268103fa0be437b33e0d9a9cf0388dccd2a3
1af6bc69c6e2ccbe1cd1e25e899325ba758c671b	7a17bd81e35eb0bdde1858eedfaf4119b1e6426f
1b200052ca5a1c6ac9581b109e4fc66fad7aa012	1b200052ca5a1c6ac9581b109e4fc66fad7aa012
1b3bd4e7f05efeb44f2e8a61dc13cfe2814f3f28	1b3bd4e7f05efeb44f2e8a61dc13cfe2814f3f28
1b4d97579ea745de3a66413d0dea52be354582b9	1b4d97579ea745de3a66413d0dea52be354582b9
1b6a94c9ae67f70b87a03b759b1c1295ec442b7f	1b6a94c9ae67f70b87a03b759b1c1295ec442b7f
1b6c5dcfa5e61acba7a59e7efcd2d399c3e827f2	01ad4c54ddc8eecd84d32670de511e171c7f358a
1b6d39553021d7d304599b76661c97098f1c70ea	1b6d39553021d7d304599b76661c97098f1c70ea
1b8086e548b1fa15fceb165793012cf225b1c6ae	1b8086e548b1fa15fceb165793012cf225b1c6ae
1b8ac4b4479fcdffead1a6ba2d3b98f29b9f2323	1b8ac4b4479fcdffead1a6ba2d3b98f29b9f2323
1b9ab1b58a0c7e61c859ccbf861b287b8c234e54	1b9ab1b58a0c7e61c859ccbf861b287b8c234e54
1bb12f4b2d2f18ce0891c4c824b6d3c092f961e7	e6011c21cd5dba4b82ff70a7f31b1866e71bd2c3
1bc388ff8b111907aea0f86442efbb018ca741f0	1bc388ff8b111907aea0f86442efbb018ca741f0
1bca92d17f268564f530dbc68f52286126f729d2	1bca92d17f268564f530dbc68f52286126f729d2
1bcb5c068c2dcfce39a895a5f8e2b585526bca24	1bcb5c068c2dcfce39a895a5f8e2b585526bca24
1bd2e0898469a3fb2546e87bf6b753cc15f5d125	1bd2e0898469a3fb2546e87bf6b753cc15f5d125
1bdba257d7ead64ccf2b67cacc421dc58baf3a0a	1bdba257d7ead64ccf2b67cacc421dc58baf3a0a
1be39a52327f999eb770daf21c2f0639d12316bd	1be39a52327f999eb770daf21c2f0639d12316bd
1bf372e906eb261c6e7b5f3ef239c29f63abed7f	1bf372e906eb261c6e7b5f3ef239c29f63abed7f
1bf641cc2b10e698c8e563a3e97b12b1def0e586	1bf641cc2b10e698c8e563a3e97b12b1def0e586
1bfaefda0e91f213cbce7eb633384578f048fda6	c9296c8578f71be2a742d5f879f74ff122c01e65
1c076bf9fcf81f0fe58e77860c499e2439389b57	1c076bf9fcf81f0fe58e77860c499e2439389b57
1c20919225a4f94ffd4b0257dca3fc81c8f38548	1c20919225a4f94ffd4b0257dca3fc81c8f38548
1c28dd1ac2352c453fdccc7ae653d7861525f4c7	1c28dd1ac2352c453fdccc7ae653d7861525f4c7
1c3f4d6127fdb3dcaff029774863c884181469d3	1c3f4d6127fdb3dcaff029774863c884181469d3
1c45e52edeef9aaf6baa70f3d7b66e0bbe55ce7c	6e3e28679f5e4a74e643445322035f61fcd2489a
1c4bcd46b1ed8854c913a20958839c19c0e0a4af	f6fc3febb7c0304050f12e7a23565e2ec9e0b037
1c6774fd6eb450ac81736880fa1febb058108b67	17385efc91ddee2ed86c34f0dc3a6ea19d1a1d46
1c732eb695c7500e1ef7ef35749a37a15b283115	360987a22a1c5aa21ccd75fe1b266cc3033533ed
1c8fbd613cbbe5cf7e65bbda673cd41ad1bab25b	1c23fe30dddf9a8bddbef9e0cb3616a4c3843798
1ca654bf314dd30ebfabd6b8995a2ed63803a5f4	1ca654bf314dd30ebfabd6b8995a2ed63803a5f4
1ca952c098dd83876d36a8bd0cdf19b197bbe234	1ca952c098dd83876d36a8bd0cdf19b197bbe234
1cc8a251127d5f5607fba3463540006cbed4c3b3	1cc8a251127d5f5607fba3463540006cbed4c3b3
1cd6a97937450953472b358e57b85b127f4da27c	1cd6a97937450953472b358e57b85b127f4da27c
1ceb83091cc6d440dbfd0619291b8561cc2c2ab0	1ceb83091cc6d440dbfd0619291b8561cc2c2ab0
1cfb92a49ec303808868bf006944379548280f95	1cfb92a49ec303808868bf006944379548280f95
1cfebef4867a81fe19b0df3ec5f7593012c159d4	1cfebef4867a81fe19b0df3ec5f7593012c159d4
1d08a9f30a87066ea0a2e3b3274a22210cdfa57d	a727d70d67ed0822d0cf4442dbaecbbbb5f4d041
1d1974a5257ccf7ea454388668e9819011ce7101	e138efc6b8c8d9155612aa2b277181184363e0b8
1d2525a5dce1ad06487560a577c9c9408328fbb9	1d2525a5dce1ad06487560a577c9c9408328fbb9
1d27394f92aed03c1ed7d01c5a80e82a81b06c4c	33ec446c4b4d43f9534b0d16972cdc7aff46e9c8
1d2e0c1e37b530b8e50c0767d50c3b39532bfd07	1dbc0fc6fab0027f2f7ba2eb601c5693baf57415
1d75e45da785d3ace7054924ea6516f3f1dc2ac5	1d75e45da785d3ace7054924ea6516f3f1dc2ac5
1d78e7f7a54d8a7b9feb9b4d8e5a38ba6e4b8df0	1d78e7f7a54d8a7b9feb9b4d8e5a38ba6e4b8df0
1d981181e884add53b1b3e4d63b9d46576fe62d5	1d981181e884add53b1b3e4d63b9d46576fe62d5
1d995fdc023c68b13528488b0e151a03a4da78f7	1d995fdc023c68b13528488b0e151a03a4da78f7
1db27897d03c46664110633777cb576293b82794	1db27897d03c46664110633777cb576293b82794
1dd46ba5438d210ba62e17b1d1b4ab0e06b782d2	1dd46ba5438d210ba62e17b1d1b4ab0e06b782d2
1dda248182ff24ec7019c8a682be512965705fcc	1dda248182ff24ec7019c8a682be512965705fcc
1ddced4f18331a2d4dc2d2748644416753eb0723	1ddced4f18331a2d4dc2d2748644416753eb0723
1de9b1b171f6d8ff5a2728a4d07731c6d9ee8561	1de9b1b171f6d8ff5a2728a4d07731c6d9ee8561
1df121c68e1f0d7ad0f646867fd060e5a63e528e	8bb12cbbb82862d8218ae584c4037c045b8ffde6
1e0c37b224072712e9778ec3524314687307c852	b4f08afa3b7a134caf0c9e2d1671dffafb0c9a66
1e3c2bfb446bff73924b5f94316229da1dceb589	6dd3deda8882857d5bb5173bfa36b5a1ebb216b5
1e3d8b8e757d6679d3fa651b3209dd813f96e6f6	1e3d8b8e757d6679d3fa651b3209dd813f96e6f6
1e49ef8421e14a4e24b649845143602ec6c1aff0	bda5587a369c24b7f2e4ea5f91ab6de91ff48041
1e4bdd8b5f741662e35741525462fc11be17a38e	bce220cac2ebe56fa56315fe2266a151472f01e3
1e52ed4e391d42ff9421b42308ba14a6fad15ed6	7513baf12533481f3a8418b6a60063303256851b
1e62f9a7de1242cbb082c9b1a1f3e806700e4377	1e62f9a7de1242cbb082c9b1a1f3e806700e4377
1e67a7e2119d1dffca0b042b6d7cdf33c96b9c96	1e67a7e2119d1dffca0b042b6d7cdf33c96b9c96
1e79ae378573af8f816f2fc38d3f4e6b9a495298	1e79ae378573af8f816f2fc38d3f4e6b9a495298
1e8f6a412763a2e4030cc18a681e935f88d270a6	076bc829c217c498275edf34f8a8832611dd765e
1e962990df587873324ae961cffa367c03301a06	1e962990df587873324ae961cffa367c03301a06
1ec16dfc39b3ea10664f33cfb04cfbf6567b735f	1ec16dfc39b3ea10664f33cfb04cfbf6567b735f
1ec76167b70cffd3e9bd55c54de7dd2c5fd05c95	5f615c0ef87bc8fdf6195a23c7ab9ce1fd8d9050
1ecbcec120ba49b87db2e6e998e69b51aa7ebcae	1ecbcec120ba49b87db2e6e998e69b51aa7ebcae
1ed4d77c41867de6a3a078e672095f18e8856960	1ed4d77c41867de6a3a078e672095f18e8856960
1ed6c6f2e2c68acf21869bf3150ecfec5145ab24	e2309c75d51aaebc73f3a4fd92a70fc65f28a9ba
1ee2a50c018c6a6f18a781d8384f6dfd8290dde6	184b1b303f33827dba088c7dd11c124fdef66b77
1ef6a84eb11322ac720d54d482a413e7127c5139	1ef6a84eb11322ac720d54d482a413e7127c5139
1f103d79974ff7e2403f36ca11628332e075bfdf	1f103d79974ff7e2403f36ca11628332e075bfdf
1f3d70b3201c741d9d6f301340a927d5f02ce99c	0e5c81b5505fcdb841a68ee4362dec0e7e25bcaa
1f73b0859af37c9be33736bcdb700ebe0fcece2d	0ab7d29fb61d6f617130694c7004bb1e3d98dc7a
1f78573e962c1f2bb4a7b18f4bb24123451dad13	4f350070dfc1badda09be60db220d56e725215b8
1f964efe305816641439926b4ede4473563056b2	0a5b7a116f08b8debb96e74a69fddd58fe23fec8
1fbe39876f1803a5639a40ce478dedd119b5de9b	ae8d846389036c37c0c1672c9cbe41bd5858e1c4
1ff357393c5722dc31f52cc12c45d9bd4de5f9c2	1ff357393c5722dc31f52cc12c45d9bd4de5f9c2
1ff985c95a07768d21510d4ab49c39c649026db8	1ff985c95a07768d21510d4ab49c39c649026db8
200457f6f271106969ad04670a5f5977f38fdf3e	200457f6f271106969ad04670a5f5977f38fdf3e
2026d4c8bac4abcfd6710d34d83284b24ecb277f	2026d4c8bac4abcfd6710d34d83284b24ecb277f
2055fe07fe86208ded39caa44930924286e134bd	2055fe07fe86208ded39caa44930924286e134bd
20666d33f440fb06ec3e85ce2367674db3685ef9	20666d33f440fb06ec3e85ce2367674db3685ef9
20a7737300fb0557cbc0e1712f833163cadb61ce	45db3391d938e55c4ff090ce69de55b00ea4cf08
20d4e7e260e1d30963428b91d6b54ef0f4778953	3baeb3da0e0bad65525efa185c46bd5eab4ffdd4
20ea68d39e59e2ddeb5150705958619b8d79c287	20ea68d39e59e2ddeb5150705958619b8d79c287
2101c6399b34bcc64e741a655d5d05526fec68fc	2101c6399b34bcc64e741a655d5d05526fec68fc
2101dad90be5fb56f82b70d5c170c99a13f876d2	545868ab694eba361d7cbb310fa849ca249e67d7
21021ce351310e96ad811debb7e63024d8388f0f	21021ce351310e96ad811debb7e63024d8388f0f
21031e86f8a576c3fb59a667c1198c01118250ed	21031e86f8a576c3fb59a667c1198c01118250ed
21076da75787796ceb6f2c3eb403fac2d142630b	b299a7edf35b6f3ae0c3edbc1463d9aef518db3e
2118f0abbef0dc3cc7888ff8f352c785f21fe583	39cd01640b374d834bbd0baeec05ae78f502640a
214b8ae8e1c1605d0ad0f20fbfae94b7e422eb40	bc3e858380e647d79b5f1db1d76e21dd5b38ead8
21816d78bb293c6494162576719fac9f4189fd1e	21816d78bb293c6494162576719fac9f4189fd1e
219d1ca63d046368d76543bdd44facfdb9243b30	219d1ca63d046368d76543bdd44facfdb9243b30
21ac34ab6a0ee3bc78839e9f8641a732f9ca76a9	21ac34ab6a0ee3bc78839e9f8641a732f9ca76a9
21b40d7e33bf4674b1f2081e2773e6f423ebb07c	ca18c80faf3a8c67a607e485f890deb18f27354c
21b948786714845ddfd4cfbf37e029b0c7cd9a3e	21b948786714845ddfd4cfbf37e029b0c7cd9a3e
21c77b3d3991691f84428f21360c90d8da34e226	21c77b3d3991691f84428f21360c90d8da34e226
21d8802db28fd9ac3ce78b565efa636e9ddd38e1	21d8802db28fd9ac3ce78b565efa636e9ddd38e1
21e90811dd213af01f9d354e12a626b9fefacc38	8919fd71d866cd2e46fb2499986f890fd0365931
21f99c8200cf30f6e51b33c32364830739f1d2d1	21f99c8200cf30f6e51b33c32364830739f1d2d1
21fee13da07bdfd1cf956b74cfec692cd30a7ec9	21fee13da07bdfd1cf956b74cfec692cd30a7ec9
220ccbc5e9671e905f9725357994b7aae2de72eb	220ccbc5e9671e905f9725357994b7aae2de72eb
220e163c08a1ddbe8f37ceec10a0bea626fb3fab	220e163c08a1ddbe8f37ceec10a0bea626fb3fab
220fe6d26fb366e421336ecba9e17b47f7d255da	33a99a20e3925c40424ad6ab2fa7ee61bf4eff15
22256297e40b8a28b8a44e19ce198ec1887dea73	2771ec6504c80f784b5b3ee684b5e3201d45a442
222636a752d8b64b132ca8d270189ce46c1fe071	6052727406caa710994a3620a7de761ca3812de7
223152c29009b039553840015756eec37bce10ac	223152c29009b039553840015756eec37bce10ac
2241e6250cf1bc0cb6e86997cd0dc2fe2feac46f	2241e6250cf1bc0cb6e86997cd0dc2fe2feac46f
22729bf7250f443e3f568722661cb9643d843ef3	22729bf7250f443e3f568722661cb9643d843ef3
227d07c3c7a72a60dbaff0fc99c63ae295fd6a0a	bb9d9e93c0e4d82a1a7241b1cc1609d9bde9e8ce
22946db376f0bbb9ece53d1703d2282ca83af7e6	22946db376f0bbb9ece53d1703d2282ca83af7e6
229d03344e0408efe1173afeed8fddf2157a0e92	229d03344e0408efe1173afeed8fddf2157a0e92
229f42c7ed76d03b5b57fed9d8a75c670ea1592f	2ab5a82151ee3e0fcb95829daf6d0b2697b45401
22c32571e96abeceb0b8cc59f27e336f9070ad1b	22c32571e96abeceb0b8cc59f27e336f9070ad1b
22c70e266d68a0d0c296b6559fc7124311789558	22c70e266d68a0d0c296b6559fc7124311789558
22ce853fc4cb47b818a34220e02dbaa0f55bbca9	686318409d5e39f7ff7d77ac91b4993c60a7e1dc
22d5a8bbffeb237200f91bda65f42cf0d1ddba96	22d5a8bbffeb237200f91bda65f42cf0d1ddba96
22ea87b4d430a049a21ef28dee1a27864398d56c	22ea87b4d430a049a21ef28dee1a27864398d56c
22ec8edcc3507cb0565bf5e7fc92e2a5039a5ec1	22ec8edcc3507cb0565bf5e7fc92e2a5039a5ec1
22f75170d56e90787361837b7831a19a66458395	bae9f858c79c98baa49c1c093ddd85f967f11b90
22fb1e001e33717d732f3ef0d65bc7c29c747bbe	22fb1e001e33717d732f3ef0d65bc7c29c747bbe
233b09d4fba890b0008f77be6ec5ab070e1e7f46	6cc83cb645c9dd5aa0396bd751f8a7f4f708171f
235fee960276a28d159df3c94689e28a397dc80e	8fbc25c512b9929f24ee7df5c1c6130af90558f2
236266f3def56f939655d4ee9801c3a5b91baa21	236266f3def56f939655d4ee9801c3a5b91baa21
236d24381ad93319cbea45d937ac0d53667c3467	236d24381ad93319cbea45d937ac0d53667c3467
23889c2a8d4c0045a4e9188509ecdc550abcb7e3	23889c2a8d4c0045a4e9188509ecdc550abcb7e3
2397a5d6ae4b33115ab22213b7ba9c4a6c0153e2	2397a5d6ae4b33115ab22213b7ba9c4a6c0153e2
23a768bc42f82ead3d8664937b0976a1b06bfb5f	23a768bc42f82ead3d8664937b0976a1b06bfb5f
23b47f9df94c67b395bbe985630a6716e3a3291d	a0e996666199db824d4201017368deed332e730b
23f330a9049e21a106a1eae2aab2e0ab4ee0580d	a2ac80d627c38823de7c69feadfcc0dab64f5c74
23f3faf75e4d728d32ac872383854a0280248c32	23f3faf75e4d728d32ac872383854a0280248c32
23fe53b72be6b0b0629b596100b41f5ec6a0dcf9	f33f8a3125360b19e1e2b923261058adb490ebcd
240fdcf43f5178093bb11c20d2aa7179de5c1dbf	240fdcf43f5178093bb11c20d2aa7179de5c1dbf
241ccdba6dc7c2cf1b162dd254ada88f25b6a9b0	9920cee74b9fa8bfa7652da3e5866ddca24267dd
24202182032670f0d762dbd98581a74e5427b818	a88923711f6d8180bcb2eeb047719f619ea2523f
24320a22c84debbdaa2a92d0dd2b639b96ba490a	24320a22c84debbdaa2a92d0dd2b639b96ba490a
244be5c34da78887a13641a5bfd68e15450fa521	244be5c34da78887a13641a5bfd68e15450fa521
24527d71310bc6563430424f2d6b33e749440522	d31f8ff0267b725e59f05eb15ba4f34e631adaea
246317574a711b553b71dca5bbd68ce22956a5f6	246317574a711b553b71dca5bbd68ce22956a5f6
2476849b040f0d9a0b6db822aecd7b4fd0747da1	2476849b040f0d9a0b6db822aecd7b4fd0747da1
2478e740fc9459bf3e8ea47fa603a061f85c9394	2478e740fc9459bf3e8ea47fa603a061f85c9394
24891a2fed94d40714d999140686a88424d072c6	24891a2fed94d40714d999140686a88424d072c6
2496c17dc3a33dc653443bbeeff7b02b4e533b76	2496c17dc3a33dc653443bbeeff7b02b4e533b76
24a23eef9b2d5b4bad772c5f8e9706239212eafd	24a23eef9b2d5b4bad772c5f8e9706239212eafd
24a7de3e69fbfa0043235bac08838c1401c29505	e866123a4cc1f768de27b703393d519a7bda2ce6
24c10280df6d3320fa59afe7188fb064c6cd13dd	eea2713f78478a61fad8989904ab261066574bad
24c88b0f86e0ae342ae9f02bd68cd317170578d7	52eb7c02dce791757fc6589106088adfd21d308f
24cf6b5121602a2f5d081e3c29b436f4bffc1480	24cf6b5121602a2f5d081e3c29b436f4bffc1480
24d231ebce69dbee26bb632973af2804acfbffff	535927339c07c8dc6120bfb701dfcb5ea87142dd
24e78525cd74d7cf52d3814d8907d1b7c370f1df	24e78525cd74d7cf52d3814d8907d1b7c370f1df
250d9d44cceeeabeb3e1fb79b82c1be054055563	5753853179f27a854403ebcf3222850f9588306a
2520d041cb28ef9cca85c55d2a2b0d3f85497d7d	2520d041cb28ef9cca85c55d2a2b0d3f85497d7d
254307e3be58e74013e359c39aa8dda9efdf71d8	6c8bd50dfe0c485ba9058faa3beb851edb1e356a
2546c916d7f1b576a04f027938513a925c525d02	2546c916d7f1b576a04f027938513a925c525d02
254fa16e4821952ab61e2ff4f65ea81de5ca49b9	254fa16e4821952ab61e2ff4f65ea81de5ca49b9
258e387dbf7b17e5b93b31d7b4a55cf54cf2f7af	2d24e388d2f6ec1cac64fd9aa6d7d2a8bd241024
259ff1eeaecfe397ec6a74e363cb684f6b1269f7	616c7fb50889ac57685c147c9ddcbfc56f85e2ac
25c2ad77a1af91ce005ac7c957d3fbc6ed9f6ede	25c2ad77a1af91ce005ac7c957d3fbc6ed9f6ede
25cf88ad177e77b77980cae0a68cfcd76af06d49	25cf88ad177e77b77980cae0a68cfcd76af06d49
25e169babedffe91d4c5bc464f89fd25207bb673	25e169babedffe91d4c5bc464f89fd25207bb673
25ed313fc5f33aaf6434279378d11ec83bf9449b	25ed313fc5f33aaf6434279378d11ec83bf9449b
25ee2c016d4674fbf76a31520f833fda1214660c	25ee2c016d4674fbf76a31520f833fda1214660c
25f061b7781cdc9f738a4858aa331dd10a3ef9d2	5635cb660b4e6360ce8206d406f70d025a5f0827
260ee54da35c5414ab04c2ad3699f23b0aed0317	260ee54da35c5414ab04c2ad3699f23b0aed0317
26114648ea512a11ecd85c412bbfc7c174da6d70	26114648ea512a11ecd85c412bbfc7c174da6d70
2611c581de143e5e78ebaa9fb2fcac9bb2bf69ed	2611c581de143e5e78ebaa9fb2fcac9bb2bf69ed
2621cba346bbd68f2e2667cd71603ca12168b611	df1b7ad079dafa3495a8b3bc97bf18b5089206b6
2627b72569c770ebcd80a0edf629d7a0195ae461	4cd417832cce0c94ade93056b740e2a32b3839de
262d1d423b6f06877a72c2eaa9134f65ce60141e	262d1d423b6f06877a72c2eaa9134f65ce60141e
263c21a53b58dde1d5d1fb573faca25c5dbd007b	62cb7c394e5c79a05d75b9e7eba6031106bf4b69
264d15717823381fba7b819759190f488ad00d5d	264d15717823381fba7b819759190f488ad00d5d
266a3dcc3e844a6eb500de055236e79467976521	266a3dcc3e844a6eb500de055236e79467976521
26a4be41a7518db2f5d3ab8e86305929f2039a76	e4dee20c606019e0b97f920b81bf0ad88b83272f
26b21cbb2ee6874a70e3de835da60b91dee62c92	26b21cbb2ee6874a70e3de835da60b91dee62c92
26b6cfc655301b45c03176288efb1d4fb55b21bd	027184e4082b010809b932c530f01a9f2136b265
26ef8c9079767387bb414e4761f1b7d95c2241a1	9128cd1bf3f3913845cc74bdc214d31f673c0d7f
26efc44fbe9d9f7dfde3096ddb8b06e3bc1d8a9f	26efc44fbe9d9f7dfde3096ddb8b06e3bc1d8a9f
270a15065b452230e3d1c96a3d6889753eadb395	270a15065b452230e3d1c96a3d6889753eadb395
2711c1102ebdacbd87568a7f61e3494d5b0bc81c	2711c1102ebdacbd87568a7f61e3494d5b0bc81c
27191f0582bf1175784398c9386f8d0a7841092b	cc1d969c8802edf45ca8e3c8080ad201d35b6dbe
271ad169da027e016a466f04f2ba348de6887094	1bb839b63f56fbaa1e6ac343398c0658a11dd0d1
27286213d6b652387258c2f759da96aa659129e2	27286213d6b652387258c2f759da96aa659129e2
2731b12de711f46cd34697edab5d678aa4c0200e	2731b12de711f46cd34697edab5d678aa4c0200e
275e4dabced8ea2c63c003bb630aaa386037ed07	275e4dabced8ea2c63c003bb630aaa386037ed07
2774500f7dd3f7c2c784d9e3def401a323aea4e2	2774500f7dd3f7c2c784d9e3def401a323aea4e2
27a33fd758161e5abe74f206f363b62a2609639b	27a33fd758161e5abe74f206f363b62a2609639b
27e7defc3691b2adfe15e6718b1cc4a5813ba646	27e7defc3691b2adfe15e6718b1cc4a5813ba646
27ff95072dd461e86bee7de05fde57359e9a58be	672ed2123690f7a044c7da835693ed65ee5503d2
280439de85871e37d1f2489cef587bfe00d47c6c	280439de85871e37d1f2489cef587bfe00d47c6c
281382d111e8a30808b682198a9a302e96c36cc1	281382d111e8a30808b682198a9a302e96c36cc1
2815e7cbd3fa682ce2acfc83124937027743b198	2815e7cbd3fa682ce2acfc83124937027743b198
2842c497dabfdb0b13c315e22b206128eba9f57d	4470a93e236873a586dd4a9a686ded1ac1f3dc79
285a046aae4c417a02df1e8998fca864cfd0ab27	9c9bce49ad51e5d96aa170e8941ff51f091fa7d9
28769373383f348e7e0fa9ec1b9604d8d88aea9b	53867226075465c23fe15d930d83dee6ca6fb847
28aa988165071999fdf15348ed31048c310c605e	28aa988165071999fdf15348ed31048c310c605e
28b1164469ff29a78343d1ca32a1e7c4e7818984	28b1164469ff29a78343d1ca32a1e7c4e7818984
28b136d15b6d7207fe592d530a1a8eaf5064b626	9b45d721eed4eb60a3a4eb4ac6216add0b30ec74
28b2b0244a2a776668ad2d6aede3110a76761c40	28b2b0244a2a776668ad2d6aede3110a76761c40
28b74d3ea24e824209cfab6932e8093e596c2682	28b74d3ea24e824209cfab6932e8093e596c2682
28c6eb36dbf3bbdf40e53ca3144452f6e4813793	ffd14ab09cc3dda3ee99c00199cb7a52d4ccb612
28e38f469745ad6110e1bcd2b7f6f1c161c3850c	28e38f469745ad6110e1bcd2b7f6f1c161c3850c
28e67e33fa6389f82baa4d375ca1b69e964a671b	3fbcd0d7077690c94e32105baf68683285ba4ca4
28eac545d475f4950ee2566067f28f5cbf954247	2d256bf488e26a7cef4c0e934728bf298358a1e7
29246103fa674b0c2359a5460e67979e470f9b4e	d60e34ad6ec402e0cd6edbd0d9efcc8fecbccf47
292ef27f3ef363d5bd2f586e6a7435b0785ccd16	d676d03e66d0e22a6d288e111f0bb4db489ae5a1
2955e737a2243c9df9bf1d586f8bf0a31f49d2b8	2955e737a2243c9df9bf1d586f8bf0a31f49d2b8
296024b988bdf28940fc7752ec5b99c1576269e0	afb7739e17bb2b013cfd1fc44816284d84b8d937
298bdd738ecd9aa1535b8cc6120358f2fff6e6bf	298bdd738ecd9aa1535b8cc6120358f2fff6e6bf
298df38c7c339bf931ed6bf8f09fdaffeaf43370	641d62b68aa89911cbdb93d1ddf7cc5524ea4b67
299618865307f34c3e48f3ce11a28519653bdb04	a28c8da3366715794e73e1a5b0673950131972cc
2997c9260c3635234b2f9d6d586789173155342f	2997c9260c3635234b2f9d6d586789173155342f
299a18bca89f898b543fabd2994964d5e1d73eb9	299a18bca89f898b543fabd2994964d5e1d73eb9
29ed046627fdfabbee2346fd1587d7afa8a59a90	efa0ac17dee15b622ffbc81dce320f011cc6f8b3
29f18ca7364d04968d3273252b998e2a4fe32780	6f17358049b4a86158b93992c23b1435aa292b1f
29f37f86993a0f1ce7ad8289f3e51d6fc5620dfb	29f37f86993a0f1ce7ad8289f3e51d6fc5620dfb
2a094c77e9cd9c484df30eed7a987b1d2345832c	2a094c77e9cd9c484df30eed7a987b1d2345832c
2a0983885848b83003e2d6de9871b1c9417f4102	2a0983885848b83003e2d6de9871b1c9417f4102
2a0a38383deeab900aff340e68b70d623a1297cc	2a0a38383deeab900aff340e68b70d623a1297cc
2a168e96de84c8c2e86dcaa3680da57fed141495	2a168e96de84c8c2e86dcaa3680da57fed141495
2a1b86e29b5911e0d1a81e79b96e3998235fa4cd	2a1b86e29b5911e0d1a81e79b96e3998235fa4cd
2a3260e9b42835e79e5546cb1568a400ba5cac04	2a3260e9b42835e79e5546cb1568a400ba5cac04
2a35f1b08c94970086c51845f9a3b86718f096b2	2a35f1b08c94970086c51845f9a3b86718f096b2
2a58c45e82f188e98fe466e2bdfbfd70f1fbb38a	1f9b5408f378c2160c5d76db1be12a09ec908a1a
2a842481b726ca0dc51057b5d7830a7be0512590	2a842481b726ca0dc51057b5d7830a7be0512590
2a887052540b0e9ff9e21fb51b22d64cb50bf3a3	2a887052540b0e9ff9e21fb51b22d64cb50bf3a3
2a9d8eee5f5596caa5e8668a2c0d55f546a1214d	2a9d8eee5f5596caa5e8668a2c0d55f546a1214d
2a9e0290080ed688e1e222931d6955ab111ede3b	2a9e0290080ed688e1e222931d6955ab111ede3b
2aa079afd37f9621c305f806fc937f40193bed8d	2aa079afd37f9621c305f806fc937f40193bed8d
2ab41d088e128683d16b965864e19361c0dcdbef	2ab41d088e128683d16b965864e19361c0dcdbef
2ab92add0e392438fed829fabb2f3a343a22e1f4	2ab92add0e392438fed829fabb2f3a343a22e1f4
2aeed54a1a3bb55b2182da2512ca14db2cc08e4d	9bda197afa8f81b1be7a7537550f8ea491b013d2
2b0368af380274a20a34d9d5c63767fbf64611cc	481ba6227dcd78158d0405405e5e27cb08a84c5d
2b177b9fe188ddb7d12ad37bd1edf6911af4e2ca	2b177b9fe188ddb7d12ad37bd1edf6911af4e2ca
2b19c859f32601515a22b4eed853b04748b61574	9795d8b2f00e445f32d280ea060f00f618d5b60d
2b2efd8f068c5449bc17895262924dc66b6e176e	2b2efd8f068c5449bc17895262924dc66b6e176e
2b2f7fb7ca18be7e923d180181311cb3f05e4c69	357c630474701df4f310f36b1e64b834da7df93f
2b3247e812ed828f65477c8b1ee0bc7f5a64e2f7	2b3247e812ed828f65477c8b1ee0bc7f5a64e2f7
2b4ab3535fe3ef68ea725b6227e13effd168e3f8	d9283c56754ae114f31a592c67c286bbcdaf449a
2b5690dc485216a4af378110d3a7fee1c856bb18	2938328da078fc76c05384865f8cb2fa0a9498c0
2b58e2849989bda2a89b9f882163a56e61767e1e	93a2bb746e2e99d5f45d3f0410dda20f3a00d798
2b5982038de8284c30e8d56d651038baf4971b74	2b5982038de8284c30e8d56d651038baf4971b74
2b60fa0d0107ea56c78df5c4621c39d7ccba0af8	b7a0def9d72f7447c74b1d7455289e2c5a27f063
2b74306295100f8e18acf8b0beba905799594a10	2b74306295100f8e18acf8b0beba905799594a10
2bb0ca76b2b27a4c9cf45351b631507816cb09c5	2bb0ca76b2b27a4c9cf45351b631507816cb09c5
2bb55c8ef530e7ed0eae737d4cb254d6bb6aea80	321181937a83ba82f989acc125021dff05a5af4c
2c31ea74968d157557061806d471b3ed9466d7f3	2c31ea74968d157557061806d471b3ed9466d7f3
2c41d69444aad3581d4bf587be2367885d4f0431	2c41d69444aad3581d4bf587be2367885d4f0431
2c42b25fc9ef752c2616decf7e707bc33333d045	2c42b25fc9ef752c2616decf7e707bc33333d045
2c5066f789d7753bb8b9ab9afa1ff4816e3a7eb8	2c5066f789d7753bb8b9ab9afa1ff4816e3a7eb8
2c57909d12f9a0173fde3f562b7944d672fbfa6e	2c57909d12f9a0173fde3f562b7944d672fbfa6e
2c7a0759500f3863e851b9054a22217d19315acd	2c7a0759500f3863e851b9054a22217d19315acd
2c883c0f7a34b9b852779044d8a6fb151ece4a01	2c883c0f7a34b9b852779044d8a6fb151ece4a01
2c99f73982fac2706a882d4fca8866d938edc890	2c99f73982fac2706a882d4fca8866d938edc890
2ca80e76b9cf27bafbe91f8d4ff6a49adc0957b4	a4ce26b3be0726a2c13c79cb24d73cc6bffdada5
2cc665ab676d2deeab61505fd3d527ae3971cf8a	2cc665ab676d2deeab61505fd3d527ae3971cf8a
2ceb72311f9ff0b7132976b1052644654a7b6f24	2ceb72311f9ff0b7132976b1052644654a7b6f24
2d124cc7fb129e3275b3a5ffcebde3dee6958669	d01aab8be5a9b76900592fae8d91d0d9a93bca6e
2d21d2e7b9de5f74f93a00516b031582b311c572	2d21d2e7b9de5f74f93a00516b031582b311c572
2d2a98609c49b2ef577b829f1693e9b65eb2eb38	56d96b0f8b9ff4f7881addba3243fdb8afdf88f5
2d4a5ab0b22fad2fe75cc2061528d2a6320a915f	2d4a5ab0b22fad2fe75cc2061528d2a6320a915f
2d4f0c1123fdd4c501653db0146ccc79c1355c5f	2d4f0c1123fdd4c501653db0146ccc79c1355c5f
2d54a48281bded09e57a10221af96a64b5bdab77	6bf631f558424aad7264fa645cf6498d5b71c200
2d5ab26be5ae92eba53e25793b7a8f6dd6548101	2d5ab26be5ae92eba53e25793b7a8f6dd6548101
2d93fa4b5590af822b7048d388306c2066f62420	693b01b6de3e8420f8e82268467a8944268351c6
2dabe0f174627d4a454342a431999eeb99f36b49	9a31ba4e33fdcd5e9e80a3eb0b99dea312c40a9e
2dbf84ec16e4627d00bf0bc767817154877a0edf	2dbf84ec16e4627d00bf0bc767817154877a0edf
2dc8f4c17a48e689352f364f4a71275171fbf6c0	d014c004ec743a84e974ecbccca5d660a04e7a26
2dde7790531313b73ed559a609d59ce50b445f9e	18f0d50cdafe91e277b9043ce31b2377388aa7c2
2deef9dbac5781973d089419b326401463bb1b73	2deef9dbac5781973d089419b326401463bb1b73
2dfea2793f84134598fe2d261d805dddced11620	2dfea2793f84134598fe2d261d805dddced11620
2e189a272a8511560ffdd9d4b25010fcfe08c8bc	53948206c257835dbcf76015b2ffb6bd2ebea920
2e19401cd91b9b1854af12c12d30443551799f12	2e19401cd91b9b1854af12c12d30443551799f12
2e2108cdf2a44950f2ba36a1f2bb9f664f605ca2	2e2108cdf2a44950f2ba36a1f2bb9f664f605ca2
2e2dccf1980a9b37041daaf2c25e2ef674a04824	2e2dccf1980a9b37041daaf2c25e2ef674a04824
2e501bdb92b432066ace973d79981cfe93309f8f	2e501bdb92b432066ace973d79981cfe93309f8f
2e5adc6f37e32cc5e98a01b942da3d261df22425	98fed85d8265bf28b8a892744eac7f4910506e7d
2e5b7c37fe3c2f8a7b6730ccd4d6df06da518514	2e5b7c37fe3c2f8a7b6730ccd4d6df06da518514
2e71a99cb8c29c836cd1ace5fff35dcad49d88c7	8c106cc50eb864542c325a590566b96bb5082be0
2e7248ac71be77847ffdebed27eb5835309afee9	2e7248ac71be77847ffdebed27eb5835309afee9
2e920ea45940e2eed333ca49dbe83ed7df7bc885	2e920ea45940e2eed333ca49dbe83ed7df7bc885
2ea1138a32d62603ea84e3c8e9cffacb243a7545	2ea1138a32d62603ea84e3c8e9cffacb243a7545
2eaa21be7862041eda58866f885d09d9e9f3ca58	eeb542724e1ceaa77644266dbfeaba84fc314ccd
2ebaa62d8a31faee4f6800c1cf3100b07d8b7ad2	2ebaa62d8a31faee4f6800c1cf3100b07d8b7ad2
2ec296968d55eb940217b2f25d205521ce11a051	3ecf16068dd6c536501d44e9bb27e06b7d054c93
2edea5e906d3ca8c9736bb1eede368cd11d1b379	2edea5e906d3ca8c9736bb1eede368cd11d1b379
2edf12e11a8ff9299a9b65b900309c8ed218b717	02fc5f86bc1cfc913f0bd512f119ba245a0e311a
2ee63df60fe8f357e580673cd55345d668f2fdcf	d9976eac748c4a245003dbb5a5a8e671c70b3daa
2eeb5ac2f5ca7805742c01a8679cacc8e6afdba6	2eeb5ac2f5ca7805742c01a8679cacc8e6afdba6
2ef40bda91404f34ace36d68c4b53339afc9c40a	2ef40bda91404f34ace36d68c4b53339afc9c40a
2ef8bb69f83685ca008b626618d5cfcdd695a4e4	89d6b7708f1de8b9864b557cdba7a986b891baca
2f0cedeb62c6663e1d55ebf82e8623833c631095	d82834c2f53197172ed7e0a11fa47d59934e7bf7
2f4c175b93a07c5dd089678e40c6aaa20372aed3	2f4c175b93a07c5dd089678e40c6aaa20372aed3
2f4f9d03a67fa3c900094a4d112f1605ef2d834a	8d0272febbb529ad9ddff4172d75510978d78195
2f80f4521f47bb5d4a34b10f3dc756e2859f4b3c	c96e537e6b6fa16f8532e683aed31a1acfdd17ad
2f84d2dea0d8223029edf832a2dbc43a3e819e25	e18360fe0a7d5133e1c6560a6a20e339eb70501f
2f948fc2f75c4c90de3c0a3703a644fd62ea23ba	2f948fc2f75c4c90de3c0a3703a644fd62ea23ba
2f9a4fcf288e14dab071c0c87d5ac07de96f6933	2f9a4fcf288e14dab071c0c87d5ac07de96f6933
2fb052384596275698973b3cf576276b3a2aa3cb	fddc01f7d5598eb74107d34a51da6d24cb2d3e21
2fb1c4f541bc9c7070e385a477aee1f3dbaf7195	2fb1c4f541bc9c7070e385a477aee1f3dbaf7195
2fb4c38b05b2263e048c19d59f53286dca2e12c2	2fb4c38b05b2263e048c19d59f53286dca2e12c2
2fb664872c3cdc688f3e07fcf571bcb182b73c69	2fb664872c3cdc688f3e07fcf571bcb182b73c69
2fbb60780f305cc45d80fb79fe168ded8774f118	2fbb60780f305cc45d80fb79fe168ded8774f118
2fce293bcf3094c01fa79a3e0300a84c03c6825f	bf62d8d9eebe3cd37735751389fc1e6148e946bc
2fd6bd75864cfb77b4ddbc723c2fe4418a6c2727	7fe543ee8cc4ee18fe80e2b78dc92ee624604052
2fec4f4a5d7052e006c75bf4d645fe1d9f7b579d	2fec4f4a5d7052e006c75bf4d645fe1d9f7b579d
2ffe7be584fb04df08c2c1b12c7dab9dd5e5773b	2ffe7be584fb04df08c2c1b12c7dab9dd5e5773b
30021c8f8cb27dbfa413985614ef388db9dd0f72	30021c8f8cb27dbfa413985614ef388db9dd0f72
300b740049ec0bb1d0c807cbb2ffbc77e4aa8e0f	274f8ec26ef65eea3c8433651e78518bbe796630
302106d2ec33f7c7e097f167b7144f00b45376f1	7058085b8595d45e8db44f03843d59d267260292
3045e88cd440d288ff92a3465acdfcc8205c56ef	6a6d46b1e82bfca8849d148003b5ad8ed65584b5
30540a06403ffa6cb1844b70a2dbb69132f870da	30540a06403ffa6cb1844b70a2dbb69132f870da
30682b5199e4f13e8f91215f6bc037ee6a30b34c	4738d760eecb271f5b3ad19d5f38f47c939ba038
3092fb4128dad9a2579f267e915519fa9cdf648c	28ee3417cee74db5cab56c2d840ad1273a2b67c7
3095e1addab22d8aab2f01342eab81f98b50c195	28d0761d6d678e457bf7bda5164003ef6842bdd2
30bb31c779f26d5b691ceb29b0cabe91dcd9ff41	3a60e8fc35aef9d3ce1e057f2989afbc60c1bf62
30d2d6f285768945e37f66f07b32d453602e77bc	1cd5f51f4d5b7806c9f685bd0e37c660f967d359
30f95313ff0f2dde63978aa446e1f8b5fd3ce987	f2b80a686a748dea8bcd0c36a023d9eb81813eca
30f9e3dd9e9a0f4e6c69b4444f0149d7ab317288	30f9e3dd9e9a0f4e6c69b4444f0149d7ab317288
31230232f09b39c966e21645b01637f28aa80e27	eed027c30798b91d53208304119cf7dc2c2865cc
312e3f9dd872f7082ce5385e8b9e82beac64fba5	26730300862d1563c8001162bc0174f4ba3c422c
31496237bc0cbc1b5b6983a6c7e57c43f9c7a03d	31496237bc0cbc1b5b6983a6c7e57c43f9c7a03d
3165ec481945f3f53e0dd1f7ff2b1b2d538b252d	9dc550688780bc54ad037bd7dfd822c643675577
3168f935240aaa932f35c7e5896ed83542f3db54	6e2b0fad65f9aa97c17021d9df1c08d3d82cdc8f
317921ffb5fd0a463cd899fc4025af46e2e8f543	317921ffb5fd0a463cd899fc4025af46e2e8f543
31903e49aa7d6088f914d84bd39fa6eca98d19e3	9798081fa283bddaca36d96b2bd278e519e1aae6
3194de5e6210ee516c58157f24b48926e413c60c	43e29579bb7cd7162812583d1cde15c43817195c
319d72fb11e1173ec81cabf4ccfb93ef607fa86e	b238ad949c44d8b01c216b517b62175c70844d86
31c4f5e23be55b768475b66ae62679c7aeb1b3d8	31c4f5e23be55b768475b66ae62679c7aeb1b3d8
31cdf6ae99d790451a675469066077fa5661bc0d	b1f9e2173d2bfec11f215fba2679e95d779d23d0
31dd7591072f499cde7aa806441dfb00123dc218	aabe1984cc2a4f2c25979bb148b6f4373a52c642
31efd947f85a173e02ed7d8ca6f9848fed8a6a3d	31efd947f85a173e02ed7d8ca6f9848fed8a6a3d
31f6467400f5b46c02bbfa84257d109c4c323786	31f6467400f5b46c02bbfa84257d109c4c323786
31fef700438b33345caeeccb4e78bcc21d56062d	cc827412d6256c67404bdbc3a9a2d7dbb8cd0962
3213fdd4fdc232331d4e0b29df79e1733921f28d	3213fdd4fdc232331d4e0b29df79e1733921f28d
3216c1b9966153818024bcc1fa19f55cbda57aea	8c300df92def908ed23cacc86d22505812382c4b
32690d9174c4e3cd0a8328640df16ed884a61aff	32690d9174c4e3cd0a8328640df16ed884a61aff
326ef3afabbd1b02d3b084953fb13b76f99c56a4	e2a0a9d91bd6b3e16e302c049becadced6ae1098
3279db2682513568478051dcd46327cf8c525015	aaff9f053f5b9373aed323a1c894dda364040071
329015c17174f97298ec48522c99d06011de3757	329015c17174f97298ec48522c99d06011de3757
32a35e3bb09e425df44702d5c191e51f37e55c6a	e897c59e613eb172d5046bdebe959102dca9b48f
32ab9e1bf61cbcc25ee9473516c9d656756a64e0	32ab9e1bf61cbcc25ee9473516c9d656756a64e0
32b3c1c3678bf1a6ad0c8a827cfe3efbb2eb2adc	32b3c1c3678bf1a6ad0c8a827cfe3efbb2eb2adc
32bd6ba9a5bc7240a3b9e405877b1a940fcbe2f6	32bd6ba9a5bc7240a3b9e405877b1a940fcbe2f6
3309168f39aff86091ba6f6091f55150da385d83	3309168f39aff86091ba6f6091f55150da385d83
3329741845307f2a3cba0fa4f3e287b86d937d1c	a2ce2fdc021f1b5fee1a680330bbcb2c8d333058
332a92bb58aaf3eeb0837d50a8b67d9460568e5f	332a92bb58aaf3eeb0837d50a8b67d9460568e5f
334a05a18986d3f1a14b5555692e4780c381a117	334a05a18986d3f1a14b5555692e4780c381a117
334dd5571a4ccf49c1b5d0257ace3f646dad2574	7281677342b4fa8a546e9cc9084e6b27cd95f7e5
3373cabbc47e5be393d501387e5dc68a3cb37274	a4f179872939f38ba75e6a12ffb93b5ffe97661c
338509d2da7d06e1b77315c39c609d9ad72b6c82	42e9b4324dcc8fe44584af3c83b5666db4e56b7d
339cd3f0fbee59302463674fac8835420188d1b7	339cd3f0fbee59302463674fac8835420188d1b7
33a0cc488bd968c75af713f8245d8ada1b4f0638	33a0cc488bd968c75af713f8245d8ada1b4f0638
33a628b0912cac89ad1afde8ba96d049b7329125	4aedf49eb4b8f000cc7574ce584c8a246b78f7f4
33c2d7db46d31735d5b4dd0824581ff7f9cdf805	33c2d7db46d31735d5b4dd0824581ff7f9cdf805
33cc3e631abfddfe5f9e2fa9a568eaa4f080de62	956ef934ef53fbb9e41bdced5d110028d9acaac9
33ed976608212ef9b0209ca262f940802df38f81	33ed976608212ef9b0209ca262f940802df38f81
33f299f95ebf2c98f7590016fb0da0fffc5caed1	178d9dd2961f9b18a0145aa8b6a0819419896c52
33fc9f6466ac9f7c0d33373efca64142e816163d	613e7a30139bbd5545280127469229a8302fbb2e
3410ba740eb876461fc2effcb7ed75017be29de7	7b9405a2aec1bda828bb829eea30491df80c8d99
341e66733aa1f4971384186336b73c0ea4a3e45b	2f2b9521113020f374c22567b08cfb070e6044e6
341e76005874b663ccd1122d783e6819cafb30dc	341e76005874b663ccd1122d783e6819cafb30dc
34426b5d1b5d907ec34af947a35c4e6eb14f0278	34426b5d1b5d907ec34af947a35c4e6eb14f0278
3449e32aea77065d8d290980797d43f3a12a7295	3449e32aea77065d8d290980797d43f3a12a7295
347aaab73567426e5488a449a70fdba351f13b96	347aaab73567426e5488a449a70fdba351f13b96
347dd34fd93bdaed3f47506d73f992ca957ce3f2	0d30763c91eeb9a8081b8f4edab4a1d9c8dbc700
348d4898e563cb9c5f66894841dcb9b14f4bca2b	f4c19e4b856dc2781e87f1989a89453ffe7a7b71
34a112ba2ed23ef75cf82085d6780f5610430d6e	07d2319dc615ba4e9cc2a105984161ec39d3f170
34a49ddd1b78d71bdca9a66fd4362fb16b951570	34a49ddd1b78d71bdca9a66fd4362fb16b951570
34a9d307b2e7d5e9accac350929340ea7cfe8725	34a9d307b2e7d5e9accac350929340ea7cfe8725
34b454503cb7594e40660b3aec0ed89d46e4f312	34b454503cb7594e40660b3aec0ed89d46e4f312
34c2c9aa7fa6059848496a115f9cbd5e2d44f9dd	f1fa101c6c49f30a6b2132f9a5406f7830c0ae38
34c50e465a808594ddcc0197a5700c65d15b59c5	34c50e465a808594ddcc0197a5700c65d15b59c5
34c6941837c300cc2c44978ae6a843cbcd776244	34c6941837c300cc2c44978ae6a843cbcd776244
34c6df35d813c9d30d041a3f6e20b12e9fcafbd2	34c6df35d813c9d30d041a3f6e20b12e9fcafbd2
34cf44a7c579ff8113f505c07a004b9671bfd3d9	34cf44a7c579ff8113f505c07a004b9671bfd3d9
34da8725020ac12d046cf8346be42c5fbcbc4bec	34da8725020ac12d046cf8346be42c5fbcbc4bec
34ddf08f5983d523bf1bfb00ce6b06a55a76bce0	34ddf08f5983d523bf1bfb00ce6b06a55a76bce0
34e13c3c0c776ba75758d0b81a4c37da6153003b	17abc0b046cb985ac672906a455a1e800a71047b
34fe5ec32855cbd8348463cd39a2ff8fee0f3b7c	34fe5ec32855cbd8348463cd39a2ff8fee0f3b7c
3502addb3c658b4139514d7d3ddfce8050d408ce	527dcf85471ea768a4d93d32e4586a42baf8ad6c
3503331b074088671a05a259cb14a35e48dd5293	0d3aa2eabbc1e539a31ce923e03924278ca1f2e8
354e0f8a780b894403f482650e2e559fb806edfd	354e0f8a780b894403f482650e2e559fb806edfd
354f26ae44ee4f33e1b4d348c337f4cf5f19c5d8	354f26ae44ee4f33e1b4d348c337f4cf5f19c5d8
3554ce0a9ccbee008df7c93035532f9b636219da	3554ce0a9ccbee008df7c93035532f9b636219da
3570f003376d83e6005a8e60e5a3d64bdcec7777	3570f003376d83e6005a8e60e5a3d64bdcec7777
3571b268f2a7cf9ac9349d5391058a50f241bbf2	3571b268f2a7cf9ac9349d5391058a50f241bbf2
357297de4eb4ca9c25e14c98a0584559ebfe1704	357297de4eb4ca9c25e14c98a0584559ebfe1704
3591f3f27817260eca6e72970b0c0610044cb2dc	d3d466092b4e3df00b8dc7c103c68e827ae04182
359bc21ac28bd7ec36c9e4132a18669f7af9167e	4e64b341b7e4a02e69aa066073d9dc31c0304b68
35a8533912417b1a93b830ad66995292df81a6d7	af474ec7e2847777ffc7757856d9e1c4134ead87
35b31153fc096f43f4a19bd6d258167883f4f034	35b31153fc096f43f4a19bd6d258167883f4f034
35e1458b1c37bf37d61927a57195c16a5ef690a3	b3281bcb5c25997b72d4d117044aa65181b07e46
35e8d4f5822b7b7a268000a21b1d9bcac5c92d05	35e8d4f5822b7b7a268000a21b1d9bcac5c92d05
35eaf20991b35f4b6f8f6a1fa393e2c61168f0d3	35eaf20991b35f4b6f8f6a1fa393e2c61168f0d3
35f2d7208d12f12fe846f4f453614cfee5eb9656	274027ab933dfc2c3370a97ed99afc53a653d950
35f4000832f0703bfe9f044ffd82636263883300	35f4000832f0703bfe9f044ffd82636263883300
35f6a2da07d3dba6b7495d913e874cd019ec031d	35f6a2da07d3dba6b7495d913e874cd019ec031d
36076c3de8398725afbb7393bc2544348c226a9c	4f54b743ab1210e7fd6a820853355db5abf7ed3e
360fff3815ffc2fee71664e7a8954fb2717c92e6	5d0b8b1a22758793edd20ee71688c01bbf3e307c
36140de6ae52d1f3b093bde56ba6920b2bd16ec3	36140de6ae52d1f3b093bde56ba6920b2bd16ec3
36346c66bbf1bbc928a285e35c40eba1b842e829	aa1acfb0781c09876ec13d5a3d478b2e3ecda4a2
36487d9f25779651665e569e403936a820aa1f76	83f7f883dd6588ff1b933c8b3f4fb55d87150b40
366ef542b980804cc7a89b9874c80e46a43b5a0f	366ef542b980804cc7a89b9874c80e46a43b5a0f
367d8281d10c58b0dcf05e3270eba608c0bacc15	367d8281d10c58b0dcf05e3270eba608c0bacc15
36946d709d0ee58cc2bb5049e08707aeb6d007b2	36946d709d0ee58cc2bb5049e08707aeb6d007b2
36a2ab7d9395ebaad53804a31ff593bf210d63f1	436b2fc5f3c3e90cf0b22f4e8926ec0367d0893a
36d28f929f43dd88fdbb02037f47e4d1c756bcfe	36d28f929f43dd88fdbb02037f47e4d1c756bcfe
36dac28df44ee6edf98f48d3d10466daeaf06f37	08c82d044fac8fc625eb73ee334272fe168f8e6f
36dbe70e40a79131c3ad8cc29f2ceba7058216fd	36dbe70e40a79131c3ad8cc29f2ceba7058216fd
36fae039af73d583fc9c95055cfdbec486bed2b9	36fae039af73d583fc9c95055cfdbec486bed2b9
370580d229a4e4939c0202ec8498932ea264ca3b	370580d229a4e4939c0202ec8498932ea264ca3b
3747dcdb1f590f868bce92028f538cf3cd63fae7	3747dcdb1f590f868bce92028f538cf3cd63fae7
37489437d69f10fac48974ae361a2edbf3272e5b	37489437d69f10fac48974ae361a2edbf3272e5b
377453b102b47ad94a98e1b92f0660910a5d9f65	2b0344c02aac981bfe1e9ac706800dcb96750366
377fd00f950cd40edd596277dd7f851fd9e7c507	377fd00f950cd40edd596277dd7f851fd9e7c507
379227cb94f96c1bf8bd97f64b515de62100f15e	b8f829b774a3e106d56e5902c00cb8e07751ed71
3795099894f39c0cc5f142fda0ef6ad944277f41	3795099894f39c0cc5f142fda0ef6ad944277f41
37ae9cd3681ee7b02a63fc33c40d016022f8031b	37ae9cd3681ee7b02a63fc33c40d016022f8031b
37b111dd279ebe27d9db84244ead633c4e77c531	37b111dd279ebe27d9db84244ead633c4e77c531
37cb96f32852618648e903a8b185625a1540e7ce	37cb96f32852618648e903a8b185625a1540e7ce
37d2a06770e92df7d327b3077dd3e7dd46f94349	37d2a06770e92df7d327b3077dd3e7dd46f94349
37dfbeab6b1618549caef1324144b3ba1df33550	37dfbeab6b1618549caef1324144b3ba1df33550
37e4cdadd3850f7677dfac6623b638e4c76b149e	bf76d73ecda9ab894589a68dcb99f57ac5ba80d3
37fb6d0a2b02459e5179f29082b435177e3454e8	52dbb32ba1a8937cf32ea7cfd1e01c989750e34a
37fbd2be3fc3a21ad1f7fa7ec43af6dbba3501df	f7fe83ac720850b0925af336477767c17787c514
380021b50e8c1e0f7436a51d6cad2c993603bc56	393dac322c7da9e15f2ea78371033e7f7de3e569
3806d43ce6c3de64e3f4ef3385520ec66c789f4c	3806d43ce6c3de64e3f4ef3385520ec66c789f4c
3809994dc5ce452c587993bb9389d888bb4c41fd	3809994dc5ce452c587993bb9389d888bb4c41fd
381552b4e31be5d2562121bfd5d22c11a3c45781	8367f9e40deed25f1daf6decda23e82d72683627
38178f6524f4e6669f216e98509561aee3ae6870	38178f6524f4e6669f216e98509561aee3ae6870
381b403c64cd059108c68d7697fbf15cdbeccb61	381b403c64cd059108c68d7697fbf15cdbeccb61
381de752dc40ceb61a37033ed090b25c95d1b140	662b16e452d56a55d6d090b3b61d4b19892a4fe4
38319f16da50500813fa4ef1f4f3f27f7fd5f587	842d52a54e9e3c7b1d7b2244a227801ab8a066a9
38529e5165385dc67c8cbb885fe66f121a368ac8	188a07081cb342ddb423283ef486f56242d4d9df
3863b3be02034b3278f58d7090dcf0bc20445fe3	c8f625dfa4e5577bdc6063b3f31647f8ea9c2bb9
387e4a19b65f08ea1836541b886ef0b1ec4c5055	230f149f692a14b322ec29cb049a961babe037e4
38a06d964f945f05acbfd5f6385d2a7097a9bd45	38a06d964f945f05acbfd5f6385d2a7097a9bd45
38a582c5585700f98631e60293c29b9b4dce56f3	0f176cd33d27ec41dc1cdca8f598b6eb9fd6d0ef
38bde0e5a67b6d6c2a8b15cfe3a112a2d9314735	38bde0e5a67b6d6c2a8b15cfe3a112a2d9314735
38c40e875347675a4dfe788d5d8e284868d63c73	38c40e875347675a4dfe788d5d8e284868d63c73
38d52c60b530f09d3b5316627b233d3872aa4d35	38d52c60b530f09d3b5316627b233d3872aa4d35
38e447b0fb59c0d468dbc14c7d913d33213afc5c	550136fb0f771005d898c46cd9adb7b7ebdebf86
38e9ab2fefb58502a946a7e8e7e9710ee63901ea	38e9ab2fefb58502a946a7e8e7e9710ee63901ea
38ef3e9d8d26907e1f4d0a782f86e26892e3733c	38ef3e9d8d26907e1f4d0a782f86e26892e3733c
39097d45a7148566871da2f5003b739d1f57defd	39097d45a7148566871da2f5003b739d1f57defd
39474a2972c47c94be75cf9c701f0596ca7d8825	39474a2972c47c94be75cf9c701f0596ca7d8825
394997596902d17b33f3c962395e025c3c80f5b1	394997596902d17b33f3c962395e025c3c80f5b1
3969213c437b8ea6004fa82ddb9c4198e7070c9b	afb76239063e2c262858365c9633836eaaecef0c
3999cf93f217af9d5fca5c77d8ab75b7e074b6aa	3999cf93f217af9d5fca5c77d8ab75b7e074b6aa
399ce2657ccfe1652775389bac36bb306c216d7b	399ce2657ccfe1652775389bac36bb306c216d7b
399eda05e12d0b8dad817f5ff9d4fa1bd3b05fc3	1936cc3d22d6f511eb47a83f9c92ac473f93977e
39a1314f5c6a8042b046632ef640ca92f970528d	39a1314f5c6a8042b046632ef640ca92f970528d
39b4ea2d12c6b75dad83f6b02e5212076155d5bb	39b4ea2d12c6b75dad83f6b02e5212076155d5bb
39b6587f76deb79b22bf819f084c09985c560b4c	522756fcc0a7dc6ffa6f9e4eb5f52d4d176e7195
39ba23e00d5151431b82d874f49579e9df74fd66	39ba23e00d5151431b82d874f49579e9df74fd66
39d1f4adccd27c9c81628a42fd5adf461a367659	39d1f4adccd27c9c81628a42fd5adf461a367659
39dae32826a5dbc31f72e06610adef05d215717d	39dae32826a5dbc31f72e06610adef05d215717d
39e31287d62d39555014d0e41af61de55d0a4e7d	39e31287d62d39555014d0e41af61de55d0a4e7d
39fa8fcf774e3fee83f34cf0b98b364dd65ef615	39fa8fcf774e3fee83f34cf0b98b364dd65ef615
3a143558c46766f22e241e3efe05869838e7da7f	3a143558c46766f22e241e3efe05869838e7da7f
3a4e953483eb760d9bc92b20034b32a2e2d5a375	748814df1560de6762ea39f3b401e93a9b7df51f
3a841dce45283b4713fd1e391fe45a3a13bcd223	02e7a07d5fdcbfcfda76a231b76617c0bd03ac17
3a9ce638d878266da054f7dacd792d5cfa2c2633	b0bc5cecbc6187f7a0a2537075a4a32aa4b20444
3aac40cb59154118a2416b3f96e857ec0c0e2359	3aac40cb59154118a2416b3f96e857ec0c0e2359
3abb601b2ab919ecc6200eae995f4f9f5537273a	3abb601b2ab919ecc6200eae995f4f9f5537273a
3ada48788e102f37509ac7dc351a1bb3536630ea	3ada48788e102f37509ac7dc351a1bb3536630ea
3adc7ad17ca5a50cc1d0caffe9ecd50f6c5ad59c	0066d46ce96e1249af6a6200bc002b0b01985d24
3ae3762b94c03367be84ce247b4689c3c66f7651	3ae3762b94c03367be84ce247b4689c3c66f7651
3b209b05967fa49c3b9131e6452508e6c03d291d	3b209b05967fa49c3b9131e6452508e6c03d291d
3b2fc0625ad7e1a32b84b573bcad49388317901a	f3b9ecb693d11f014fb778cf4b81296b15a6f56b
3b3001b9a66a9aad2f6b1445a1ab2cbeacc41958	3a0732795567d3f53c0f3dc7871468ddc9a6b103
3b33aab22c384145b1e12efc006b74ac2a127ea3	3b33aab22c384145b1e12efc006b74ac2a127ea3
3b3a031ac95149f6dad8433961235aab23f4efd9	3b3a031ac95149f6dad8433961235aab23f4efd9
3b782f2216663c5b7b167ff900da1894488ecb4a	3b782f2216663c5b7b167ff900da1894488ecb4a
3b848403a6e97e1ef0ac5d1f132b83d78d52289e	3b848403a6e97e1ef0ac5d1f132b83d78d52289e
3bb8f70726e8af7e722f138fab73781d94af0746	3bb8f70726e8af7e722f138fab73781d94af0746
3bbc4993591fda56e3944cbbd89c3d259008cf54	3bbc4993591fda56e3944cbbd89c3d259008cf54
3bbccdb7f80826bf37e2ed62007e29b66e9cd2f7	3bbccdb7f80826bf37e2ed62007e29b66e9cd2f7
3bc4c57f6820cb797dcb9a65ede32b5eccdb76f3	3bc4c57f6820cb797dcb9a65ede32b5eccdb76f3
3bde0ecd28f0aa08b32872b11a785a3e656f6146	3bde0ecd28f0aa08b32872b11a785a3e656f6146
3bf3983097fe7a155321240816b0291b1ff16d74	3bf3983097fe7a155321240816b0291b1ff16d74
3c076d2a11bd1cc7a69f4e1eb4959a51aeb338eb	3c076d2a11bd1cc7a69f4e1eb4959a51aeb338eb
3c12f8b1a31b9c0b26815df24ca5abc20b869a3c	fbedc4b8ed50ada7758da73bfe6088d632d798d4
3c1cca93225125cb97a8994ae0e325b262c87fc3	3c1cca93225125cb97a8994ae0e325b262c87fc3
3c3069ac3d6ab5436430f33b6dd69be0b492d9f0	3c3069ac3d6ab5436430f33b6dd69be0b492d9f0
3c312c63685ff715d568306d8c44c2115b1653d5	3c312c63685ff715d568306d8c44c2115b1653d5
3c37dbd6d20b5a757f30c45b9dc1a1d3b502ac68	76bf47c2454d212fd2a8b001d1a2294f6b702af5
3c44c89efdfd8cd99ab043bbf7f197803cef21ea	3c44c89efdfd8cd99ab043bbf7f197803cef21ea
3c60b6360b8658e67182b1e9e617ca5392d33fba	8d7be900500a0ece8aaa3179a6f3e90408399208
3c6c76037248b7d4e0aef3c08dd25e3fbf0d5fe1	3c6c76037248b7d4e0aef3c08dd25e3fbf0d5fe1
3c6d028a97087f4f9cb5860369fd9f820516e6e2	3c6d028a97087f4f9cb5860369fd9f820516e6e2
3c7c58914a898b1d797de76337e081c1c593d7b4	6ad5d1ff8a2f60d69a64ad162f553659739da420
3c8bc6e8f47a5b6eab33efe2ba7ef660839e6401	505c6891987731693bff81760a996aae019dfc8d
3ca5ed537d45b06eeadcc858ffc17877f0dd6e68	47ab8a7bf72a1f3b3c4d2cd4102631cbaf90b61b
3caccc0c22dfc94fc31ee427647d9d08a791cef3	3caccc0c22dfc94fc31ee427647d9d08a791cef3
3cb505b168994e74966054494ed080d9441e8c97	3cb505b168994e74966054494ed080d9441e8c97
3cb5afe2161e870f8df48ce0060612e55b5bc68a	3cb5afe2161e870f8df48ce0060612e55b5bc68a
3cbe753200b9b802a8458ccdd4ea7f04c82fffdf	3cbe753200b9b802a8458ccdd4ea7f04c82fffdf
3cc632117db0ba8429ec971c811892fc6968a260	3cc632117db0ba8429ec971c811892fc6968a260
3ccb16744471ebe18f9b6688701b2b3b0eb0965d	08f63f43f116909d255afd1800dcade7a8b9c66a
3d056005ba2282325c3c2c7d67af5a502e63365b	3d056005ba2282325c3c2c7d67af5a502e63365b
3d18e9c0ea54d99fc4824b7919d74a4c3a38502b	c573d9d41231952b13597a7b98e59413ec8b3aa0
3d1abf393fc84adc009d7a526f41722018856054	3d1abf393fc84adc009d7a526f41722018856054
3d237060fc664a8df0dee1b50c2473a733011381	3d237060fc664a8df0dee1b50c2473a733011381
3d2a9492d540dd5ebdb06f3cbf9ca621ad87fe63	3d2a9492d540dd5ebdb06f3cbf9ca621ad87fe63
3d335027725861c5c3bbc9c70afceb779e882f55	3d335027725861c5c3bbc9c70afceb779e882f55
3d3356b07650930cae939b8c850f40e11d2f384e	3d3356b07650930cae939b8c850f40e11d2f384e
3d3c8359ff530d6d4a7c9f2af0f76a81b6854dd9	3d3c8359ff530d6d4a7c9f2af0f76a81b6854dd9
3d49d1393c3dbd2b9a013315786008d3f5da2f0e	fd82f33c8caa2f87efd035b5d78be6a24e4fab5d
3d5d6cea3e793c0319f2f3faf41692cdee856840	3d5d6cea3e793c0319f2f3faf41692cdee856840
3d717d62a559caf3de73bf04183a6dad4a08369d	3d717d62a559caf3de73bf04183a6dad4a08369d
3df1736fb6b78ddad50739fd1186f94bd638420b	0b6ae1d0b25dd05d4dcd3eb4e5c3fee784c75fc7
3df3e686cd6faa981e8ed788419bc3ed9744a7ca	dea89da67cb594bee4e32f284f5dfe515d2a170f
3df781adcb6d98e839acc9bc8ef8da615acb51d6	3df781adcb6d98e839acc9bc8ef8da615acb51d6
3e01a57a5202f6aead28bd333ea43c1d04bc7f0f	3e01a57a5202f6aead28bd333ea43c1d04bc7f0f
3e3cb90b4472c37bfeec9067630b630868388aec	c294cea5307ac4266e733249bc0641f210d6572e
3e3e0b145298cc5d12a9898cb7cb780bf1e863cf	3e3e0b145298cc5d12a9898cb7cb780bf1e863cf
3e5e9840a0f2e520a7f87211b72e0578fc3c903b	3e5e9840a0f2e520a7f87211b72e0578fc3c903b
3e6855feb9a4ce308ade732e6495051efb8c4c26	3497ee9b5828f1072c95bc57c7cc83ec1960adb5
3e73d2aa8e1fb5925b388178f02e623e291a12df	cee3f5c0a2224717b570cce3caef0367480488ec
3e98bda264e024b3aa03efafd0ba0abab9a19a5a	21e877fcaafdc59804888a39837ea83f17d26467
3e9900fec695beb273e72476c649ead61999ecca	3e190c8ce77b8c52d1bb64386fb3cc7a81075ddb
3e9e1be98a6a66d6e48cf0f22ac4a6d29e13cf21	fc2c1ce954572bcbc110cde59ce1760e1bfa57b7
3ea905493bdf35704bf56fc4a556b138757899d0	3ea905493bdf35704bf56fc4a556b138757899d0
3ed581733462cfb9c975f76f71f2cc04f2b7779a	3ed581733462cfb9c975f76f71f2cc04f2b7779a
3edfe4ee0ff2dfed7265e8715c906d36d180b6b9	3edfe4ee0ff2dfed7265e8715c906d36d180b6b9
3ef8954b3b2ffbb58c72fd686b20951efe5887f9	3ef8954b3b2ffbb58c72fd686b20951efe5887f9
3f0eb42f97ff10b7e0ab1df5fe46ab257d70d89e	3f0eb42f97ff10b7e0ab1df5fe46ab257d70d89e
3f0fb18f68fe9218df88fe644a0e282a6fa629ab	94cb106c2cbe994de329b069066c9a2d3e2657c7
3f1c2b9747404471e738942f85026914d3c7bf40	3f1c2b9747404471e738942f85026914d3c7bf40
3f1d151e7b14894bbaa5a41c288f502b81d4a1a1	3f1d151e7b14894bbaa5a41c288f502b81d4a1a1
3f213b5e0e10b2c9681fce168577f504644d89a3	3f213b5e0e10b2c9681fce168577f504644d89a3
3f3f8f9b278006f0d501c9bc2a0e545e8782d635	3f3f8f9b278006f0d501c9bc2a0e545e8782d635
3f44aec33a0c1951b8e2b34acbf54bf70ca8f5e8	3f44aec33a0c1951b8e2b34acbf54bf70ca8f5e8
3f4a126c2bef152c7111fc42b32816bc7d18aed0	3f4a126c2bef152c7111fc42b32816bc7d18aed0
3f713d6a459c9dbc6782a9b83f96893753f1a66b	3f713d6a459c9dbc6782a9b83f96893753f1a66b
3f7fbff5935bfa211b29c7711ff87fd711d55037	3f7fbff5935bfa211b29c7711ff87fd711d55037
3f9ea7e37eae9294edd6dc7db21a8dc5276038b6	3f9ea7e37eae9294edd6dc7db21a8dc5276038b6
3fb39aef1bccc657feb994dfe299b33b70b58a18	b5b3fb2dfd022831ddfd4101944ec298c748009e
3fe687d84d7c301ff25a03d0ab096fb993787e48	7d57afadfe1e6c53ac7f2f1b75ec1f284bb869a7
3fe6f5b2d1b03b405da8f2fd6116986e282d7628	3fe6f5b2d1b03b405da8f2fd6116986e282d7628
3feaaae33a91b453a457da14e013af47aa7dee51	e1d17e95d9797c56491e5d7768539c55af520bde
3fef138daae0a5c357b385156738d34107a04956	20ca85806fe95d96c528ef7ced4523d4157d1ef4
3ff88f0cabcb9e0819bc503404a3dda21e8222bf	a009a93a0cad25e1d8069e29952857c38b05179b
40241c23e56e930420b0a485cc5917a793d31f59	cbc66ec1b8659ef9fe709b7971b8c30cf4799459
4024d98ffc2020550a729e614fbd046163bddc5a	4024d98ffc2020550a729e614fbd046163bddc5a
402ca66ac4d119b8574ec5c73f3e5fb2989d9fb2	419ab98c2e4e8abaf37eeace48245f4e5d5851be
4030da771cf19fe2553b66de233e30347da4372c	1beda88df001883cf8dd78c913501c93bade2ece
403495bfc2ce7e104cb98c6362fc7af579c22ff7	e40d05a2ef31338c5fde58ad3a307f6b60e49733
404e967d8488253c0da6d84920715e5e77d23583	404e967d8488253c0da6d84920715e5e77d23583
40a347b060fe38db5df63adde66dbb591ccd35c6	40a347b060fe38db5df63adde66dbb591ccd35c6
40a92e8feaec1c6a2ebbd4d2d8a02bc0f7a59680	40a92e8feaec1c6a2ebbd4d2d8a02bc0f7a59680
40b5b8adcd247512c391466e48e887d79930f238	40b5b8adcd247512c391466e48e887d79930f238
40ef09e2bc0bfeee504089f0f5de8a485b296e9e	29dbfa857ad2eb1783f86f1d077227e98e911ac9
41143b6e191b5105e7b0ef52e554c25405b762ee	41143b6e191b5105e7b0ef52e554c25405b762ee
411738b914bf19039276837f041badf2b4247466	411738b914bf19039276837f041badf2b4247466
4117f5e8a230853b291de36c911ea8ea389aea0a	4117f5e8a230853b291de36c911ea8ea389aea0a
41196d496df3de174749618b01b6f4701b3c1999	41196d496df3de174749618b01b6f4701b3c1999
4123382c609e2e2d6257cd4d5d406e52d7f4b25e	4123382c609e2e2d6257cd4d5d406e52d7f4b25e
4125026b0c2ccff751150043e0aaa1e4bc0a14f0	ca98e89de68bc05b5240d3fc6fb97e5a65502d3f
413562b2c97bd310a9383a071ba72bdca55aa8d1	413562b2c97bd310a9383a071ba72bdca55aa8d1
41682675a576be301c6a6ab842084a08cfb36ef6	fb57d6c22377dde8796e0af271748a3ec6d154da
416bdc974bb68d85ac38b1453ce28ed5822e13a5	416bdc974bb68d85ac38b1453ce28ed5822e13a5
4182abab817f1580170fd6858874e401b456563b	33aae1ab2664dd9110409acce2d7b119f5385b08
418946f91f9f1adf251c1e26b189dea4d7eedde5	418946f91f9f1adf251c1e26b189dea4d7eedde5
418a1600eb3744e3ce6365fc60b49f91d6e92a44	418a1600eb3744e3ce6365fc60b49f91d6e92a44
419c85cf5189f87f983c74979447e939175751b6	419c85cf5189f87f983c74979447e939175751b6
41a1e4f5aa382a07f6df5dbe2ba6dce65c39973b	973710ecabc6c68d22ec7ee06db7141c34db5cb2
41ab878e9e57521e61d58500d8621c8c4025718a	eb1c2b19f4250d352895d82018ee87ab445e4a5c
41b0e2ffe73a848eb82985eb12734f78e713521f	41b0e2ffe73a848eb82985eb12734f78e713521f
41b4aaf4108fd7140ce6e5215b4019381ea47d62	41b4aaf4108fd7140ce6e5215b4019381ea47d62
41b9f2b5384881dc0daa04f5c25720b1e9a8660a	39e78cf372432b7adb0d16db12192c85b0575103
41dcc86fa1582469f1551f4fc6da9c9d80af8d6d	41dcc86fa1582469f1551f4fc6da9c9d80af8d6d
41ea0ac4c31c377089e59c4b74301f86b4258481	96ea9e4b9c9ef0418d44337077bfbe85707abbdc
41fdedcb124a5cee37082822bb2be4da30ac6fc7	41e65275f222010de8c968e376af19dabdac1914
420a8be279eb57faa118cc0b81f0d8166d2408f8	420a8be279eb57faa118cc0b81f0d8166d2408f8
420e475960bf8a4cacc2f14d4866315c118085ff	3d45d4d5e463c1e791d422936475e03ad4ac23d2
4210cfb771cabc4abbf32c3592ba1f999a239da1	0b3a3657028c0fb9364404c8ec0247ae1d1eabe7
4228dcf15c2068ca3498cce31b06318842b7c1d6	4228dcf15c2068ca3498cce31b06318842b7c1d6
425b66567d0e5eeffffd43c777fc9424f3414592	425b66567d0e5eeffffd43c777fc9424f3414592
42706a7f142ead447b9cc152adf55fa5cc0e03ed	42706a7f142ead447b9cc152adf55fa5cc0e03ed
42820905f5377a63d33809787ea9a94135bfc990	358f13e9d2d0133b6e9effb7d9dae3bd11c26b15
42a730de10c6f1562aeb08d3ba1236bfebb81e6e	42a730de10c6f1562aeb08d3ba1236bfebb81e6e
42b734c5d3ba1c83295d80e9fc886a23f716ba39	42b734c5d3ba1c83295d80e9fc886a23f716ba39
42b7ce93abe54cbdb2ce3720578aec2c55738f4c	949bb98e4fd48582c14f46c1f6a5b8edd4c326bb
42caff784124ba621feb2775359472c6365a43a1	c939754bf5367ed0b2b4b4d0e891753643af3060
42d235cfee54c41c638a91dc02b1d6c4467e368f	42d235cfee54c41c638a91dc02b1d6c4467e368f
42e1da2a66c88b84603ef1dfd975f43c59fa1983	42e1da2a66c88b84603ef1dfd975f43c59fa1983
431018043cd8d569fab18fc0a42acfd2cc17d4f1	026e926eed3f943fe694603d0501f2aadf99ba8e
431d3e1774bacfd541d34bb15b7f6529156d9d07	431d3e1774bacfd541d34bb15b7f6529156d9d07
4358617fc5b0118e8e7fab1638f9e288b29d868b	a88f7408d5dc1aa36d2a37ed19df5f86f478891c
436710e97205dcb3d3c74a5730864be31fc520bc	436710e97205dcb3d3c74a5730864be31fc520bc
436d7fc4ea2717445b6699c574a4935516e6b96c	436d7fc4ea2717445b6699c574a4935516e6b96c
437458f04e96e0030467b68fc14ac391b176d5ff	437458f04e96e0030467b68fc14ac391b176d5ff
43761ebd83254b893581648ed294196ef7b0d0d5	43b3a19a1c4b7ade1bc0698e237eb05ebdb5b421
43e36805ee08adf8997b3834a36a9ccafff40c27	43e36805ee08adf8997b3834a36a9ccafff40c27
43f6482e56db99957e61b9c7e50d248b53328736	43f6482e56db99957e61b9c7e50d248b53328736
4419d18e7db134e25525932422cef55533eea375	bf5cec35380a2a4b8917f6ebe660b7fd9da7449b
443594e1bd3b3a9ecec039ff870845c631b2ce55	58f0daebbea6488b8dc564d4ea30d57c42233deb
444610cc6383f57f0c308b09ee630ca4b68aea39	aba7eebb9b697ad48a0d62e7fdcbb6e6663a66fb
446116247a86fb3751a736fbe0b5f0a3f8eec613	446116247a86fb3751a736fbe0b5f0a3f8eec613
446cf5e0440b5b4e0fccb42491c447134ccb1903	446cf5e0440b5b4e0fccb42491c447134ccb1903
4487a55345d9f78f565b659a7b61fffeedc3d35a	4487a55345d9f78f565b659a7b61fffeedc3d35a
44889f8a5bcfa56761eae770071dd052e31c4043	d4b1c59fb41cd8a13ee86c96f5c381c021ca2d12
449cd086dc9b05002e2f15d4fccf2110ccddee92	e0c086359cb46332477d3e4c33433772b62f58eb
44b5c87df6b0be2c8e2480a59c04a325a829f8b6	44b5c87df6b0be2c8e2480a59c04a325a829f8b6
44c158e099d640a1b510ada6f99f4b58727f3876	44c158e099d640a1b510ada6f99f4b58727f3876
44ff52a61ac0904020a43bf06e4d0b74fec96807	44ff52a61ac0904020a43bf06e4d0b74fec96807
450fc752d5b78d9d29583acf080fff05d6fe6df9	450fc752d5b78d9d29583acf080fff05d6fe6df9
4517d89396164897351bd481376eca97492d84ec	4517d89396164897351bd481376eca97492d84ec
4517f4ebcd519dbcd36998ee476ffa1a15544f10	4517f4ebcd519dbcd36998ee476ffa1a15544f10
4531e6239c3eba9a77839476dcf4c5ec87cbf82b	4531e6239c3eba9a77839476dcf4c5ec87cbf82b
453e0d5c0d14044c7bbe193a6dcb1adaaaaf9ffd	5de435ada506e3a19356dcbf1c106a857888b3c1
45586c03899fc118634237f371fad4b558744816	6c97e750980fc23e1802aec21011f518b976d830
455f01dcd0dfb63c64eb82504d042199546817f6	ca866f305d1cd64299e85098179d06e6ad4e74da
457b795bfa5044f21480fdcbcae742f2606dfa0e	7fd8db1766c499f073f20c289aebfbd7e9f3bd04
4594e69fe2c723a0a325c82ed5616a3c89b6f127	b6f9116dbad1e87b9490497ea405f8e6b86503de
45c3f2d8004992c4a8a5e7dd1d0c9b391219b1e4	45c3f2d8004992c4a8a5e7dd1d0c9b391219b1e4
45d23b85584e5e54069fefaffa92a62853e78bd3	dcde76a86ab2ec082d7df5434908cba1e22bbd1e
462bb794d97d734f7cc0dc899b10adc2e1ecebe0	462bb794d97d734f7cc0dc899b10adc2e1ecebe0
462bb8af72336633c3a8aa91c16a51e9d2b41bbe	9550ecf9d807cb02617ab1e862eded70604cbecc
4636a93349e16608dc32a34a8a299987d2075741	4636a93349e16608dc32a34a8a299987d2075741
463e776070812d442a5fa8e3a9b09b52be8e9895	463e776070812d442a5fa8e3a9b09b52be8e9895
464390eb0fc2c42b650c08bfb830fa3f50155b7a	464390eb0fc2c42b650c08bfb830fa3f50155b7a
464de35297fcb277a90531728852c77ba6557409	464de35297fcb277a90531728852c77ba6557409
465bb2c97b53987f1633c16769092466cc9e0cb2	465bb2c97b53987f1633c16769092466cc9e0cb2
465cd7714d4ffbb2403c6e5d1ce547d5d216f2a5	465cd7714d4ffbb2403c6e5d1ce547d5d216f2a5
4668f7a06df6c4d34fba488c80cc4f8d3008fd95	7f1bc626b81f3c511107525afaf1c5c7c75a9874
467fe473651008b716499630fcd1098d0f00db18	467fe473651008b716499630fcd1098d0f00db18
4683b73076376eca1ab6e9c4dbfb16aa4a396ee6	4683b73076376eca1ab6e9c4dbfb16aa4a396ee6
468a12c61e5a7f01f8f1bce49c02531f8955712a	468a12c61e5a7f01f8f1bce49c02531f8955712a
469e1c8c97ae7593aef92cb6f9b6db3c438e78e1	469e1c8c97ae7593aef92cb6f9b6db3c438e78e1
46aad5d90d4487a916448fee999c57d87cf5480f	46aad5d90d4487a916448fee999c57d87cf5480f
46bce5886b7d466bcc0d0cd3f21d522a4ca41619	aad88d732eec4b103d10549a0fa3920c4f7f364e
46ec6f318932072b84038f7f4be7c63454e62547	06088d8d219e0b6197ed4e28b8805d9c0f4bfdca
46f005c34ccd98717812b1e0590be424aed22e7a	46f005c34ccd98717812b1e0590be424aed22e7a
471c6be20cd2d13ef743984cd43c18c1e741bdc6	471c6be20cd2d13ef743984cd43c18c1e741bdc6
472fdc9847e4e0ab90f5e799e1fd9c8fe9cadd37	a9991bc61eab0cecb9d411cfafab41089aae5bcf
47403a42f3515a95339d04f8f29a13571a274bce	47403a42f3515a95339d04f8f29a13571a274bce
4741e70bda77018ecf7fa0e8832139d7fa21b074	4741e70bda77018ecf7fa0e8832139d7fa21b074
4745b359a60e75be2ad9fa3da4a53341d1ff420e	dcf38a0d9344616ca88339fa930dcea9e08fd4ea
474c53d58af57a1c17ffa7ff61050e69f40e02ff	474c53d58af57a1c17ffa7ff61050e69f40e02ff
474c71db1db08d74a9f55a27499952f261042972	b1e19c9254472e48787714ed3f6281c9318806b0
474dfd2f59889dfc01993a91c2148de2e87b1a8f	8255452b3dd1981e03c745aa2cec2e90d848d502
476b6b5f1a898efc409370d804057babd106aa33	ddc461fda44e1fccee286ec751dd5a43b0dabe2f
478d19693d0424d8d1a696d7a711fb7ff9bd5dcc	95e1fa36fd85897490e6a24d42c8ff5c42dd90c6
478fcd15e5c1f582608b7ead32f9d5fd06c6d81c	478fcd15e5c1f582608b7ead32f9d5fd06c6d81c
479532d459872c1b68a77358f2d97ad59e213920	479532d459872c1b68a77358f2d97ad59e213920
47abecb58224de61881cb385253a469dd49c2164	62fdf32ae7757aabfa247f942b4bc3a1ee7a6569
47b5f5aed474b1b020ec5ad16cf89cf4ec896cd1	47b5f5aed474b1b020ec5ad16cf89cf4ec896cd1
47c627d303a4e7bb80ac4e0a28429dc43b3c4382	47c627d303a4e7bb80ac4e0a28429dc43b3c4382
47ca07d139fbe5bba9fd040a6d4a7d78866e3df8	47ca07d139fbe5bba9fd040a6d4a7d78866e3df8
483781ff82352f26d867d216118cf953ede4ea8a	961962572fcf1e425a3fe593bc874389d88586c6
48384e946ebe74cdfd19fca78c1dfe755e01d588	48384e946ebe74cdfd19fca78c1dfe755e01d588
4839c0f2962c0fa42108932d14eed64eed8d75be	1f452d8556320227ac5218d4cbf23c7288f5713b
483b0877cf9de1feab467f34b1cd583443e426bc	6865d68bf288ec29cd1fefd828ca8931591e1079
483e8f3e2acde8d5ccc81b25eda286789d0ace3e	8306f0e4c253dae705fc3aa417d85b556c39f581
484bfbcf1a58cabd57aea7fd2b86c93b2d1f4f01	484bfbcf1a58cabd57aea7fd2b86c93b2d1f4f01
4852d14fa8e32131b0968d142e299f53464a2b53	4852d14fa8e32131b0968d142e299f53464a2b53
4853bd2e34bbcbd1c2d82cfb0f05bd64dc057a36	4853bd2e34bbcbd1c2d82cfb0f05bd64dc057a36
4883ac428b72b85100d1a63c2dcf297f2bb9350b	4883ac428b72b85100d1a63c2dcf297f2bb9350b
48bc8f4b14024eb984b8c262e183e11e7e0baca6	48bc8f4b14024eb984b8c262e183e11e7e0baca6
4904aee1bcfa52611af71e7f8a16def1b6672264	99c193e7679b0687890023d85f3aca9ab8f63282
49310503f5177932cb7bd5ef68791c71ef215611	49310503f5177932cb7bd5ef68791c71ef215611
493b325a1c4c9597fc4da2b15df3b1e8851dc15b	493b325a1c4c9597fc4da2b15df3b1e8851dc15b
493d83bf294aee2b34270564e1beda3afba11387	493d83bf294aee2b34270564e1beda3afba11387
49425f55aa9a1b77317e5670fd3217302fce4b5b	49425f55aa9a1b77317e5670fd3217302fce4b5b
49491831523abd181f19430754329a8e544a92aa	81ede048e9011864f4333160934d07f4f5b1d708
4955e6249f7758b136f4526c02ceecaa726535f4	2cbdbdfa4eb289ee81a8cc2227b8e0dec5368b13
49602e844be83ba52c41a4a1185d39696eb1db6a	49602e844be83ba52c41a4a1185d39696eb1db6a
4963c0e5087a1606ac60ae25a2e61a58dac85a51	4963c0e5087a1606ac60ae25a2e61a58dac85a51
496b61e67ae1f4fe5ca1ddc2c1c8a94f272c32c9	521d13016b7504577026c3aa3476e0231c5fe77e
497b0fcee9eb8064c6385a127d81b62586fb80f5	e0b7c96a4f570418d92b7021fc4a31c0f108c501
4988e2b0dacc132efd740cd3a54888802e616ac6	6f1af74a4d5dd8fc045dddc4bc1fcd887eb35758
49c908cc045eebfd001f8d115986e976e7279402	49c908cc045eebfd001f8d115986e976e7279402
49cc2171b53506145e783366fb0882dcc9e9b0ca	49cc2171b53506145e783366fb0882dcc9e9b0ca
49f0ac317fe12e4667887900880ae8fd058d460b	49f0ac317fe12e4667887900880ae8fd058d460b
49f24077b3c51840508cca323a4179d28fc90b2e	49f24077b3c51840508cca323a4179d28fc90b2e
49f9321b0146af53f9cf022c2a729295b93504a9	2bd1383fcd332bcd255e4a9d684b0cdee3087bde
4a03c7ee9948c9fa89ca4f8229afff4ec1a89d87	de7986d67ffa541f98a9420ed0dde07b72ad9d12
4a05668f347002c2df37f274228acac48bfbed79	aacaeb50f2383e754f79eaf5c6309d45c79da608
4a06c83ce05c29273ffa3447ce5e638d5f897c4c	4a06c83ce05c29273ffa3447ce5e638d5f897c4c
4a0fa21ae69650f044f0b3bd4c19cce9aa89d8fa	629697af303971e6f0cb8ebb2d5af2e8873b5f53
4a0ff1f403ac68398bd7e6a213cff89e32823324	4a0ff1f403ac68398bd7e6a213cff89e32823324
4a101e942f895bd1bb2582f81df7e1997de03d95	4a101e942f895bd1bb2582f81df7e1997de03d95
4a2a55e99d5971c05f6098d527289fa68a929b06	4a2a55e99d5971c05f6098d527289fa68a929b06
4a328d3b2ceb9fa0a80b461386343be12c3cec19	d92ce6569c07ef0ae65a9fa94a5d6768e1032f3b
4a3df108267036b7391bbcf232405655a161c504	4a3df108267036b7391bbcf232405655a161c504
4a44ce7f96b93aabb402656c279e9eeb0f452619	4a44ce7f96b93aabb402656c279e9eeb0f452619
4a9dc8861cd6cc3711686a632929277a800b604a	4a9dc8861cd6cc3711686a632929277a800b604a
4b02df44a365bde5f519041b2e08732ada1e762c	ebb59a556d58caabfc7f44fb7fda6b695439a795
4b35cefd91a1f28dfac58e7a9c8c73803b0be902	4b35cefd91a1f28dfac58e7a9c8c73803b0be902
4b3f848bad40b786323e7407a7da4c63ee938b3f	040dd0cf941809223acc49723c3d3b755ff237d9
4b4d2c9d7f2d8e9cf1de81914e5381ae695d4c7f	05c77b5fa8a8468d4d185075b3ac389a3b0d3ce4
4b53452882cb5a31119e1722435ec0060ff78998	4b53452882cb5a31119e1722435ec0060ff78998
4b6c31a15036c0b2e0ea1f373f128a4c0db3ab08	4b6c31a15036c0b2e0ea1f373f128a4c0db3ab08
4b7fb71aa95badd628747b6169ef0caec21a0338	4b7fb71aa95badd628747b6169ef0caec21a0338
4b8fba93c7be075da103ec852fc0520635d75003	4b8fba93c7be075da103ec852fc0520635d75003
4b974a5db28fdb09a95e9bda171ed6f20e05c8cf	4b974a5db28fdb09a95e9bda171ed6f20e05c8cf
4b9851f350a5b1c3f105145fbfe8b1b5bb278e6d	bc8ecef853365ceb7a5c1763e6d0ab5e864bce5b
4b9b26e6358c6efeb0fe7716b765b38bd4685ce8	4b9b26e6358c6efeb0fe7716b765b38bd4685ce8
4bad457d44b37050a3941fc0c142082c9fb8eb57	4bad457d44b37050a3941fc0c142082c9fb8eb57
4bca9e92a23d4089ed5e6025a3f1b105803efb75	4bca9e92a23d4089ed5e6025a3f1b105803efb75
4bcc6b95962e82a7b36851cb712b33ba187752fa	4bcc6b95962e82a7b36851cb712b33ba187752fa
4bd1f8f02a2ad106b5d36126f48eb1deba4e63b3	4bd1f8f02a2ad106b5d36126f48eb1deba4e63b3
4bd9d617e8221405e2d488866711888fe9d98d6d	f05ffa818f2eda0235e8cfd87961356073ad5250
4bf4f9a9c6009f8b5886343341ed6caeca401df4	4bf4f9a9c6009f8b5886343341ed6caeca401df4
4bf50df7864f715af18f73f6c00ef05df8069a5f	4bf50df7864f715af18f73f6c00ef05df8069a5f
4bf7a503ad10a1e59da18975967e4a64c2aa88b5	6e6ed3566dacf3ffd72c220c3332022e8e0e0d75
4c08b9cdabf8ce324d7d93a412e0ae07c39741af	81ba6bd43cf6473870f09856e6ff535eb019251d
4c18a0bc9aad52db7b22980ce7c0321ecbd2f8a5	62e350cd6d3d5242c9b287011dcd17bfcef2c0f1
4c3116e93b38afb187c077b38d28dd5eb5e39994	75912ae09594dffc2f09bde7fb9fff445596818a
4c3999fd066af5257efe65aebc9a799b2fad1139	4c3999fd066af5257efe65aebc9a799b2fad1139
4c49dadb9d4b405a67539c1e01a2d48abe4c28f1	d19d0da4ad867dd7cb5db8898e1e99076f1446bc
4c4f235872173be8e8f3da7609d53091545fc1ce	314044af3e2eea3c278a8f1429662f7edadb95a8
4c54b38c1dd24bedf754544c60955ac0ca87c442	e9efde63e792a76440ced3a5653a695d994465f2
4c5c1da2b5a883ee9f69aac03291a681c5f10ad5	4c5c1da2b5a883ee9f69aac03291a681c5f10ad5
4c614e53eacec8387d3f2ae6a1ead6d361e7c34a	4c614e53eacec8387d3f2ae6a1ead6d361e7c34a
4c6b8d44ce2e768e95b822b11f618cc40f4bb9f0	faf9f5cf5e475a0fff0071590a530e86d69254ba
4c7c8854dbce46c760b4178e0368a08b4f6e9879	4c7c8854dbce46c760b4178e0368a08b4f6e9879
4c9299130facca9413419d98ace8ec87d0b6c32b	4c9299130facca9413419d98ace8ec87d0b6c32b
4ca6eded73aacd84d7bfd155ebb109b0292d58c3	4ca6eded73aacd84d7bfd155ebb109b0292d58c3
4cb79bd6cf629c69139e8dbf35597ec642a215c1	4cb79bd6cf629c69139e8dbf35597ec642a215c1
4cc86bbc01880275427e5f43969453d87c89ec5f	4cc86bbc01880275427e5f43969453d87c89ec5f
4cc98b969968b689515a39cfa25f6441ddab2732	4b187a22f767fee839b16494f0b63fc796b5c86c
4ce55ef23efea71655ab68dff3a9f3cdd63d6558	4ce55ef23efea71655ab68dff3a9f3cdd63d6558
4ceee4f56984bf5129a5cbe4929e6ae5d3092c35	4ceee4f56984bf5129a5cbe4929e6ae5d3092c35
4d121b175ad5c9e3db217cd91bc71009031ad4a9	b6de5cd07b5790c00bb17f7f495726f04ee71d2a
4d12db1e0cd0ee29224aadc876ec02341fbeae58	798452f193bd4db0e8c2a3229bac4816c39c820a
4d14dbf85156e08a35cca1760b55154d48750361	4d14dbf85156e08a35cca1760b55154d48750361
4d19e1c3ff23d61df4c49907360d7fb1cc14530e	db19b6fd849db886b5d63257236a95b65b0cf7e3
4d2f6f18486cfa05fa75f9be49a75355c9381aff	4d2f6f18486cfa05fa75f9be49a75355c9381aff
4d33b6d179e9ded0148a17c4072ee3032d8cf9e3	4d33b6d179e9ded0148a17c4072ee3032d8cf9e3
4d399fe3dcd97c6108f5c3708252dc8f8f3abea5	4d399fe3dcd97c6108f5c3708252dc8f8f3abea5
4d4a5e2c997576acb3f2d98141b641612e029c95	ff6b13f9dc013d9ae5c5e05cf70e3bc50d6d34cb
4d597d6de7a32ab8c3228e1243d547d8303d7b46	525908b308ddff6b0124665e590cbe1667a5d2b9
4d79e6bfdcdddaef94831557876f11bc07c3ba85	459e8416f0c869addf1ee760429051b653c449b7
4d8aceadce9746c546e3f7ed11ad0161b4171771	48cabda6809374e86e270073f3ceab9d22b3b4eb
4da44dcab365a157e506ad518428a1cadf0f20c6	f1419d3b3cf7d79a1098cd4bfb10eb503a433d27
4da8d82c1ed3019ed98a9205d5871eb8477a3fa8	4da8d82c1ed3019ed98a9205d5871eb8477a3fa8
4dab7d10c8b43dd324d299cf4c761e2ebe6998d9	4dab7d10c8b43dd324d299cf4c761e2ebe6998d9
4df667800f7bca39260438a28c9412c452b6185d	4df667800f7bca39260438a28c9412c452b6185d
4dfa0d37a1c7993e6379a051d5f1b7271e248ef7	424200e5da311374599eee815be067f9ddc8159a
4e02df5cd74ef50f31b854b6a122551a1e57d2a8	4e02df5cd74ef50f31b854b6a122551a1e57d2a8
4e1c44d8d553ef70921288149d1ebc647f135f2d	4e1c44d8d553ef70921288149d1ebc647f135f2d
4e229a8a7297f4a84e80e7a26e8e0c647e36405e	4e229a8a7297f4a84e80e7a26e8e0c647e36405e
4e30e71c537b339daba193cbe3ac1d29e7504271	4e30e71c537b339daba193cbe3ac1d29e7504271
4e5d48d2b0b5983800fbccdf9e114446ada0f6c5	4e5d48d2b0b5983800fbccdf9e114446ada0f6c5
4e71a060fe7a094fd083d59e5ca7d97283223d63	4e71a060fe7a094fd083d59e5ca7d97283223d63
4e724ed9de569ef2cafa380a7960eed74710956a	4e724ed9de569ef2cafa380a7960eed74710956a
4e7bb2467bbfe615a90ef008b973b0e3de9e7060	4e7bb2467bbfe615a90ef008b973b0e3de9e7060
4ea3e62444d810d0f28580c80e2d615aba8ad255	4ea3e62444d810d0f28580c80e2d615aba8ad255
4eb591a5a2ec02dc77a5caa701615fdd9566715c	4eb591a5a2ec02dc77a5caa701615fdd9566715c
4ec2e92002241bb42dd87ed72c19f5f1adb41d4b	4ec2e92002241bb42dd87ed72c19f5f1adb41d4b
4f29493ae2575dced4b44f69b6863b130d8f9061	fcd84c3a7eddfa0410b5292df87500b5fb183537
4f2db2d050821a4864de16a69f536133fc808e0e	4f2db2d050821a4864de16a69f536133fc808e0e
4f44a50289f03fdffd01987d05edab05de49acc8	4f44a50289f03fdffd01987d05edab05de49acc8
4f4b10c95c8c99ce76300a7cd3fe5aecb2825a49	4f4b10c95c8c99ce76300a7cd3fe5aecb2825a49
4f5a56ac09ad6760885ab47e4f3ee23f72a126b2	4f5a56ac09ad6760885ab47e4f3ee23f72a126b2
4f5e7cfc36be72c56237fa022ec3967477991036	4f5e7cfc36be72c56237fa022ec3967477991036
4f6959e2058bc546df12635a336ed1b7f31e5600	2d582d934420cb74d8615b6d6bbdb9468e25e038
4f714cf0435770f16135899542ee6613e683929a	4f714cf0435770f16135899542ee6613e683929a
4f8a3c9add7552829083c6b3cb371066dce58451	4f8a3c9add7552829083c6b3cb371066dce58451
4fbf3087b0791d633fd7d385379c96507f18e74e	b8220dd1b916087b36e0ca69d40473f949962141
4fc5cfc67d71ac010f91031d7d4f29ff7f3114b3	4fc5cfc67d71ac010f91031d7d4f29ff7f3114b3
4fd625f2e4aa6f7552409b39eab519e3cdac9fff	002d797694d3e6e145136b7ae2a886f79a44ddb8
4ffa391419258c7feba8be25a11b1de4eb0b0151	4ffa391419258c7feba8be25a11b1de4eb0b0151
4ffbec19222b6edd30502fed144f74872da04ba0	4ffbec19222b6edd30502fed144f74872da04ba0
5014473d9d0f16b2fb235d0000beca6df3db766c	5014473d9d0f16b2fb235d0000beca6df3db766c
502baeb8dad2740d2b0f7b75cd3f22d9449d9350	502baeb8dad2740d2b0f7b75cd3f22d9449d9350
502bca88721b39cb3ffd33608452e3b3275e6bf1	502bca88721b39cb3ffd33608452e3b3275e6bf1
504166d5a4f8ade0540a5b7d4e955dbb05f60afa	504166d5a4f8ade0540a5b7d4e955dbb05f60afa
5041f59bdfb318960c714b75b41bfc32fa4ba877	5041f59bdfb318960c714b75b41bfc32fa4ba877
5089cceca8a5c63aeeb456286c65aa85c94f851a	86558bda7598bd5bf33f104f0314e95c45f370d3
509cb5c786c1aadbb0733f095f0c7c0059fe5f87	509cb5c786c1aadbb0733f095f0c7c0059fe5f87
50a3c7a1d26c7e07aac39c038782a4b6007005c0	93b3a7981e4e1f62e4a7a5d35a285ac9c10c5188
50a5c0ac7f8a5cee0cfcbf055316e8344eaac668	610aabe4c9019887f71194a8aeea3aa88f67a6bd
50bcb470bf4ebc6c82b70cb9493a0cbd532dfeca	50bcb470bf4ebc6c82b70cb9493a0cbd532dfeca
50c3b22a791a6671ce06f98e9f2766df348e47a3	ba86d98f92e745fc95e2fac1cf7dc39d8a9bff95
50f5e2719c2476fd7a27226fcd7f4802f75c5b5d	79dd7772ac0fa48213e91cbd5d62d65fe46ccfd8
5102a0a3aa90a8f3fe6ba15a4f6c739891e507ce	5102a0a3aa90a8f3fe6ba15a4f6c739891e507ce
5127b8a57ced003bc738354265b8f6fda6d967b1	351f17e1b7c6483edf9800637c94b029d22144ec
5128026648ef8fed9d015defae0e399e3787188f	5128026648ef8fed9d015defae0e399e3787188f
513547cf3c33be3fc9aebecdf9401a91fb24e4b7	513547cf3c33be3fc9aebecdf9401a91fb24e4b7
513e5af74933a78498695082a033d27064cb2042	513e5af74933a78498695082a033d27064cb2042
5140d96beb2dbe739e02725f554428b36b688e4e	0dad1c1957c76ce97299c141163416ea179b9247
514dc45db1c69a2e8e79528cc454e24722c942b4	514dc45db1c69a2e8e79528cc454e24722c942b4
5168603e39df77f35e2849177e92954faba944eb	c5d0397eda6f7e186f571ea8fda195f176d62a61
5172ede6ac023c9763f6b8e07fb59216a6e7e646	30a53a5d7b2220a7fa57d2376b39d206d3a46f3e
518ea76b94bba67a2c9b6e091fa5ef7bf3a80e5e	8359015b0ac378e249248902b1fc21c1b9031b42
519820c2c337e11e4cda3b07475caf95e6a2f534	519820c2c337e11e4cda3b07475caf95e6a2f534
51af134e993ab1683bb322190d4897e1f2e6f294	51af134e993ab1683bb322190d4897e1f2e6f294
51b97b8e4f8d6f33aff495adc3423529b210a9d3	f76b88aac96b3792c0338fe79be280661e547b96
51c12a396030a3a95d107df38ddad6b1d92d141e	51c12a396030a3a95d107df38ddad6b1d92d141e
51c6067a2f6cf8b9680fedfc08fd437cdd8bc77f	51c6067a2f6cf8b9680fedfc08fd437cdd8bc77f
51ff129899057dc940f1b72279d3cdec253d9f46	5c405f5601cfc546f5ffb07a2fe8fd3d74d33bd0
51ff98b16d6c792d0d5a046d5eef58e890a3883b	51ff98b16d6c792d0d5a046d5eef58e890a3883b
52037620f1f661bfc7fd8f696de7e101fdfdff5c	76f7af40173e6877c79af121e73f5d1c93ca9d80
5229b402c1606c5492c4fddec4b46188b510e348	faad58f1450dc777279d304af32aa52abdd97004
5235705cfcdeddaf0bf786896e70fc3367f58b21	fb71fadf9562442882f48bc505490bc8ad2474f5
525779e3ffc93619bdfdc14b33446eb57586ee0e	aeb1551c9e5edc6e658e81fe92ab1c762d4f6843
5261e8bb05838a0b284d7c0de3285be3315bc211	5261e8bb05838a0b284d7c0de3285be3315bc211
5268031d57699917c4b4bf0d110260e4d7a01a57	5268031d57699917c4b4bf0d110260e4d7a01a57
526d37d33f026f77905f1b9e37366078b739e265	526d37d33f026f77905f1b9e37366078b739e265
52721a1444915740bcb9342fbfd21596e5fdef2d	52721a1444915740bcb9342fbfd21596e5fdef2d
52a8e710bce0bc46e5a53466fe73e6b6ebf5ca26	52a8e710bce0bc46e5a53466fe73e6b6ebf5ca26
52ab0e602b5febef40355543eb0a448541583192	b91120b5ac696bcffa80e22c1be9b14b1416185d
52d04ef7a87fecf66182e4d218634b0364fc8d41	52d04ef7a87fecf66182e4d218634b0364fc8d41
52df08bc41f3a97f3c02167b3ae044b5a0bdeaff	52df08bc41f3a97f3c02167b3ae044b5a0bdeaff
531e9e189cadb23fddf7ee8c935ee129b04b051c	7ee9368623b2a0f71b84c858ff30b35a82d395cd
5324b6376a84bcf21afbf36c6d760a331331e835	5324b6376a84bcf21afbf36c6d760a331331e835
532ba42c55d4cf4253476787f31f7ab0aea1b58e	532ba42c55d4cf4253476787f31f7ab0aea1b58e
532ea7a8ec6ea7f9cba3953a9e60cc7e4d0a5540	532ea7a8ec6ea7f9cba3953a9e60cc7e4d0a5540
53328c457c9e8ae64d1fa01b0d9c4d6dd5bd097a	df0cb3c97741662e3005ce9e9aada2be34aef466
53656eaab9e55c2efbd52b78d3cca35d31c7fea3	53656eaab9e55c2efbd52b78d3cca35d31c7fea3
536e30e55501e0617af55b2819d2b2d8d1193dd8	6d542dec2d9d4dcfce804c18f3d2797c49d67f29
537790f16cacb555424c4ac61030049f17d98866	609e50ba1e70ad9d0a40ba013a777f11af5eb5c0
538d6ddf93fa48b3849566e94a4d3372516797c4	538d6ddf93fa48b3849566e94a4d3372516797c4
5392b6c86610fe90e80a56a850f7b0acc21385ea	5392b6c86610fe90e80a56a850f7b0acc21385ea
539a4ac6df424314dce40d637c2a9f6d23ade758	539a4ac6df424314dce40d637c2a9f6d23ade758
53bd4087947b4d1ac38d73a7c05c1f01ff43dcaf	a454e7f6d14483985591e7a948219499e57359a2
53be0379b699ec53353272f007cbb60dadb5846f	53be0379b699ec53353272f007cbb60dadb5846f
53bf7393877e7f1cc7a4c5016bdad81398c667d1	04a5cacecd82207610fda833f1d6210aba1db6c9
53cd859053e047cc2d4ec664f626516e22f374ef	53cd859053e047cc2d4ec664f626516e22f374ef
53f6e41da2d579477b14fa2cc0817750c09665f1	53f6e41da2d579477b14fa2cc0817750c09665f1
53fa12d09e20df4d912df26309f350b51c4bd73b	53fa12d09e20df4d912df26309f350b51c4bd73b
54148cfc6f68a4e89191ac4c9c6728add382f71f	d2853c7da3a08926af06b616a5fa5bfc718497a9
5418f273e07f097d4070a415649dfd49eb5199e9	f2cb0ec4f24f8fc51ed9765f4c42530726df891e
542776c2e00ae1737d5b424a3b8858b079a63e38	30c0305be0ed842e31a60ff52b8419057eeeb517
542ce5aa0510f27cbdb3e16f35dacf55de8820b9	542ce5aa0510f27cbdb3e16f35dacf55de8820b9
5433c84e39b1c71b7ae8fe6be78f3829142cbea0	5433c84e39b1c71b7ae8fe6be78f3829142cbea0
5442883aba09487fb88bf2abaa3dfb42d23bd677	5442883aba09487fb88bf2abaa3dfb42d23bd677
544d8dfd9c1f6c0c121ebceb706f1c9f989cb919	1b95f331a86a824446bb69c5a677a6dce314dd6b
5461899e6952aba8bb8b582477150ed8cd084b80	409c758f4bf8ed823be6313a74882983c188bde4
5474adb908faeab112f19e1596f21860c42e90a4	5474adb908faeab112f19e1596f21860c42e90a4
5488da33eda98d728d41aab1c1e0a24b30bdc9ee	5488da33eda98d728d41aab1c1e0a24b30bdc9ee
54a6aa7143dc3ef82edf2e8a51795313056b6138	45ead28bd5c64abe7d5fb966d3a7e9778b1b2c26
54ade960c84c15cc5d23d58182df1043965618e8	54ade960c84c15cc5d23d58182df1043965618e8
54bb484bfaa5ff7d58b2b18a0736bc246d03cd6f	54bb484bfaa5ff7d58b2b18a0736bc246d03cd6f
54c995382439a2425a14ee1985cdba346f57fa72	54c995382439a2425a14ee1985cdba346f57fa72
54d434fdebf8ac44f6e019052d40f6dd2188d1fb	54d434fdebf8ac44f6e019052d40f6dd2188d1fb
54d442d28f97895a26813f862fc62c11ac0f439e	30f4d667141a70648875a8a020e06f7def285f60
54dd05a9ae266a6d933bd5031c35fcab12aad4a3	b947455430cd79e42ad6b6cfe85b3713d3eafbb4
54fb3fc08fe166725cce90e7ddeafcba3b16459d	fba83d29f62a3cb01c1a2949efa97e367a16654c
55055f9672181ab569afb6a4cb8aaf3ca5aefa1f	42a09145e748c0f5acb7dd1170d145abbbb4f57a
550c4da49daa750def8268a2aa7c882c1a431445	550c4da49daa750def8268a2aa7c882c1a431445
5518147d9bad7aaa9ed8a32a23953ac9cea1fbcf	5518147d9bad7aaa9ed8a32a23953ac9cea1fbcf
5518ae217d93a31a7b7ec2c4a3b6a5fcf99f04b5	ec381684a4f27a9ae69a7a87d7d0b05559bf56ad
552239c4eeff733472060e306e65e8efc190a22c	552239c4eeff733472060e306e65e8efc190a22c
5523f8254b38afbcce091f2ec50c1a2322bc6aba	5523f8254b38afbcce091f2ec50c1a2322bc6aba
5526bc40dc8d62efa6dd819cf1ffc99d8acff7ce	1a40e8c6b9df0ca3272fe9bd58bbec12de4fdd29
5531131c5ef9dea33b92b0aa03c4df4f72d69457	5531131c5ef9dea33b92b0aa03c4df4f72d69457
554bf64c8bcb06d1348c3ac196427d5a69e55614	554bf64c8bcb06d1348c3ac196427d5a69e55614
554e94bc7bb9d468ceb1f7a64268c385c23c280e	554e94bc7bb9d468ceb1f7a64268c385c23c280e
555d69c01beae2b6681ed3bb738140a267c04140	555d69c01beae2b6681ed3bb738140a267c04140
5571dd2edd1ff1396a5c5a6f8248748845ee9325	5571dd2edd1ff1396a5c5a6f8248748845ee9325
55a1aab5fc91deb46ccda8798c946ea6b155ea87	409a98d14c519d90abdc3f75fa37028e199064f3
55a271816fd169082a03a2986ebc1a819deaf175	55a271816fd169082a03a2986ebc1a819deaf175
55b2dc177bc3c756e47a5f3664c11ab3f2177eb9	55b2dc177bc3c756e47a5f3664c11ab3f2177eb9
55c02bd845596e8840eb6ba0c4244631080c16d1	55c02bd845596e8840eb6ba0c4244631080c16d1
55ca5f61385a223eed3372746ee7d1bf393f6004	55ca5f61385a223eed3372746ee7d1bf393f6004
55caf0d1e80465c3c755deb3ecb023105138e1f3	002ce7f9bba9c106b1b0a785cac717ffb51070f1
55d0914fd1768ec1cc2f3a10411c2169b761b666	55d0914fd1768ec1cc2f3a10411c2169b761b666
55d5567f17fdcf78fc6a81cbedc5b934924d6afb	55d5567f17fdcf78fc6a81cbedc5b934924d6afb
55fca56de5fb440a45ab09d6f6b2a17e4d32b63c	55fca56de5fb440a45ab09d6f6b2a17e4d32b63c
562a3bb84769daf3d8a78ab1c83654e78fb1194b	562a3bb84769daf3d8a78ab1c83654e78fb1194b
562e105b64ceaaed43bdf8b6448afeb2f1a463e4	728909506d1859a98db2a3574b978977b2fa7b07
56574530a2a2a356c04f0f05de16d7ca64746019	5b8802878df64a6fdd3409d318fd84e4e55cb6c8
566102376e5def1bcaf96562082e493f3ecbcdca	566102376e5def1bcaf96562082e493f3ecbcdca
5679d6e1a9c53b3f01949e42ea9b49dda8c58cb3	5679d6e1a9c53b3f01949e42ea9b49dda8c58cb3
568e74e14ba097751ef85f1b0eae2fc6a8ab5f4d	568e74e14ba097751ef85f1b0eae2fc6a8ab5f4d
5695d3bcee115210bbf25dac55d96e130d0bde5b	5695d3bcee115210bbf25dac55d96e130d0bde5b
56b41eee295ba56802f1a7dbd01d42b4161b699d	df39c4ccebffb17084c081cfab54deb8620f629e
56b999784ac81e7194bb047e587e54584eda8632	b57bd8ae2ed766babe80ccf0a0ab8ad696877763
56d7da9ca800bbe3af5e0b7600c85e1f14b29b55	56d7da9ca800bbe3af5e0b7600c85e1f14b29b55
570448afbf6c0ac45ae27e8686f616d31eb9d676	82509ad71addebd8e5d586172ff5a80a110c1960
5723b2ae709ff20fddcf55a260cc3ffbd741bdb5	2825ce533c784ffce3c87de137c17e507912dd11
57375ca2e065f278e9658d04ad2426e48f228706	57375ca2e065f278e9658d04ad2426e48f228706
5755ed54ad1f64c06444899f4d4bf458cedd8610	db98cad97bbc8896f8f0cb4d24d039b49fc0ba49
576f156d197e38c0408df6a8cce457fb867aba48	6cc56e3fa01e85f5833b494e9340dc9f85860c8a
57839d7621192b53ecf7fecaece4ed838b734cbc	811636529c94904100bcea4c8a98df05f0a5b7a9
578bb4b0e4c3aec1c711442d89f9a453d3379ae4	578bb4b0e4c3aec1c711442d89f9a453d3379ae4
579199c9528216ed0dec01b3e723e7609aadf4b1	579199c9528216ed0dec01b3e723e7609aadf4b1
57c7efbb06123e978312c8f830bf9bd9fdfaabe5	57c7efbb06123e978312c8f830bf9bd9fdfaabe5
57d44fd083ae7d800d73d105ccf92b8ec1c93057	495b5022f245f71df7533f54be5cb34a8e5f4e3c
57d4a54cf5d387399dbd812a853bb934b2ab43b1	57d4a54cf5d387399dbd812a853bb934b2ab43b1
57e74577ee79e217c4c1f7c391dcc1463646420f	57e74577ee79e217c4c1f7c391dcc1463646420f
57ec0b111b292e541dc59fe2c9e666be038bd338	9f9ff7dc0e267adc81e345d80722c2239e4e1eb7
57fd31e2ead2317cf03660ab7e3cd2a938c20e1c	57fd31e2ead2317cf03660ab7e3cd2a938c20e1c
580c7837779676cb4d4896df372bb37a8d8ab736	580c7837779676cb4d4896df372bb37a8d8ab736
581e4d7b62d5342337d242ec285ea60454eaf55a	581e4d7b62d5342337d242ec285ea60454eaf55a
5829dea53de49ed1a72e805db712a7da45058285	5829dea53de49ed1a72e805db712a7da45058285
5845bdf3eb7980b1c233f47aabbcdd44ea71b591	5845bdf3eb7980b1c233f47aabbcdd44ea71b591
584af33e3923aeecdf68c13c75885c1d5ed6fd10	584af33e3923aeecdf68c13c75885c1d5ed6fd10
584c4469c5a43d404ffd3956103b5263d0d44abb	584c4469c5a43d404ffd3956103b5263d0d44abb
584ee486ab0a8b1b4745c26b3d7002f4c2c4fb35	584ee486ab0a8b1b4745c26b3d7002f4c2c4fb35
58ae45ed256bbc8039f0efa1402e71d56ca0941c	58ae45ed256bbc8039f0efa1402e71d56ca0941c
58c6001c3d46803beefe67e00a2d6d9207bea1ed	58c6001c3d46803beefe67e00a2d6d9207bea1ed
58cb9fe97767250cb80115b5f39de93de1609440	58cb9fe97767250cb80115b5f39de93de1609440
58dd27c804cab62e7f3a118222d9ddb0b7b05295	58dd27c804cab62e7f3a118222d9ddb0b7b05295
58dd65924f4087832d1bc7014e724f57c91b082d	58dd65924f4087832d1bc7014e724f57c91b082d
58e1929b61905b905fc0e12bdc5daf1ad116b84b	f5ab27835077771f2dc50895922ce44560330c42
58e66b93f401db9a1316d3da572beee0f8380594	58e66b93f401db9a1316d3da572beee0f8380594
5903333a5dbb11e8678b6c2c4004877d0c96f292	ef5bfec888395cfe85dfb824c3341fe14033d234
5903cf81cb3e4fed0405dbf69fa3eb9e51a03ff7	5903cf81cb3e4fed0405dbf69fa3eb9e51a03ff7
590ce355ae3f296e666a5dbcabd5b3694d7633a1	1f8e0c03098dc408875a244e8fe38cbc4c21b95b
590d210a450f4164df20969db165e4ced268eb9c	590d210a450f4164df20969db165e4ced268eb9c
590e67c8f85f5ccc6e527d5afe2a7ff7167ecc0c	5b35bcd34e0f876046b78f2770ad8693904584bd
591fe9b4b0850897ac7676f96168de9661508548	591fe9b4b0850897ac7676f96168de9661508548
59397e9798827a9ce9db23ab9ecf36bab1a8531f	59397e9798827a9ce9db23ab9ecf36bab1a8531f
593994787615471336c1da42b6dc85c5b926b8d9	593994787615471336c1da42b6dc85c5b926b8d9
594df09d3b33b0b8542b28b3ff8c17ee48be6ca0	a2af3730b0bcbd46a392079725a674081edf0196
595c4175849b3ed81635609a2e250257492b3d90	595c4175849b3ed81635609a2e250257492b3d90
59b0ebdf8b1649045832f16dad56b650f44014b9	59b0ebdf8b1649045832f16dad56b650f44014b9
59ca2437f55c63bd08f1e860014f356956a3b7aa	59ca2437f55c63bd08f1e860014f356956a3b7aa
59ccf92c39151f062e84238d332a3fbd4de7d6de	59ccf92c39151f062e84238d332a3fbd4de7d6de
59d9e43439146ee283b3953f071805138bea354a	59d9e43439146ee283b3953f071805138bea354a
59dafdeeb461f934b10d95bdeb67d69dc4a7772e	841c9513ca6d8989cd4d73c4741a1c971c502313
59de783a8c47b3b8c5eb89957dace44d9813d16a	cee83161533d11944db54736a4124cfdbfe00a1d
59e32f55943cef84f904617567c84346d339988a	59e32f55943cef84f904617567c84346d339988a
59e473bbfffb579825de94371657201255d07639	59e473bbfffb579825de94371657201255d07639
59edb7123a350fbe28afc26d28f6862595aa064f	59edb7123a350fbe28afc26d28f6862595aa064f
59f193d97a0bff7e47bb890a604f8f344ca64c17	59f193d97a0bff7e47bb890a604f8f344ca64c17
59f21d9370b654fc6fcd5eec6cc58c955dd27406	d4aa1cf2041763f51ede4ee8f3c28f3390b90389
5a0274da2e97878f09c68000c504a78ce5f95cc5	8c832944bc8f61af673e4e3a548dab426e77121b
5a07a5b5cbf9a2120def61e223f43e21bc620735	47bcf9f73e86aa1ec4d1371e5254e471d389b790
5a2851556bd6e2d65d434bf26eb7aeb883a69a71	5a2851556bd6e2d65d434bf26eb7aeb883a69a71
5a525de1732370b77f76ae543ddfbc8d936dec2b	1b2939cbacc2fc3f889c59c28c7533537c165c62
5a564789aa3dff052b795b740fbfd8fc6de592fb	620db0dac46495c0a362eaa45729ff38949d291b
5a5be3da099939247876a6a865142d919f580a9d	308e5b5e1057e3563586986eaccb4e61d52fc539
5a65a2e25d66adc066239078b1911ffc55c60650	792bb5deedb48246dc2e6a23e9497a4e491f8adb
5a68a11c7cb1de6e2b72cc05cd5b3b57ed8478fc	5a68a11c7cb1de6e2b72cc05cd5b3b57ed8478fc
5a7283250be4a15c4c4b20b1f790099acdb2dd0c	5a7283250be4a15c4c4b20b1f790099acdb2dd0c
5a76528dbee8bfe68d7d2651387f4bcf3d1a3856	5a76528dbee8bfe68d7d2651387f4bcf3d1a3856
5a7a0b0559f90c3413a9fae17658eaf68d66f056	ecb6c3f4a4945bf18a58d0b9e56d2e514a9b5aa7
5a8d3eab44bef1c9cbf3b1485f3aa895b485df86	5a8d3eab44bef1c9cbf3b1485f3aa895b485df86
5aad9d2cacc86b1ae9c8a495214fc08208470d5b	5aad9d2cacc86b1ae9c8a495214fc08208470d5b
5ab98bdb33adef6d5bc6171bd63f206db1778ce5	d478ff4cad463952b9e3c32419e01272397695cd
5ac199f7030ec2ac36f0cf332c1ae32dfc3089b9	5ac199f7030ec2ac36f0cf332c1ae32dfc3089b9
5b046c4a076f6c6470247184682351ea7689430d	5b046c4a076f6c6470247184682351ea7689430d
5b1340257d0ed7e6405728c77071f385d5a22ce1	307a3eb0fce3b299410322691dcd37293ac17bca
5b33cace9a5bb378ee839b1f08526cca403e1f5f	a77214cb00277ed08f402ec52d632015bbd4c0f7
5b376aa802b07b8aef54dbec57924fe4266a3015	5b376aa802b07b8aef54dbec57924fe4266a3015
5b39f4e27770288e80c0e33fd868359ffc92306f	5b39f4e27770288e80c0e33fd868359ffc92306f
5b49557afccfe1a4344d53e1b976e747f2ec2f95	5b49557afccfe1a4344d53e1b976e747f2ec2f95
5b6eee43f0905d2e06829d1a2d04eafe66cff1db	5b6eee43f0905d2e06829d1a2d04eafe66cff1db
5b7396a461b20616156d7b888f1146b3ae3bcbc8	5b7396a461b20616156d7b888f1146b3ae3bcbc8
5ba126736076238f4bee54e419c4bb24f2f6f017	b84012dce826dd9ea35dcedeccf22c02e7dfee23
5baa9d9bd1466ffff45aadda0cb30f5dffc13e4a	5baa9d9bd1466ffff45aadda0cb30f5dffc13e4a
5bbc7530c642644dbe9528070c221363c8e9d60c	5bbc7530c642644dbe9528070c221363c8e9d60c
5bc2dea25e115c54de3443fec39330bc267d272c	2f88659dce447ded4735e7e75b536a5d114a98fa
5be77be25dec5b33a6325e5abebbeb5cff3a443c	578a0e58cc24db8172b958b25b74d1130a4e7dfe
5be79a658be91168dc7d10b5108344fadf4c9a7a	5be79a658be91168dc7d10b5108344fadf4c9a7a
5bfd0f0bc02051273f038d9b7f6c8f5213149dba	5bfd0f0bc02051273f038d9b7f6c8f5213149dba
5bff36e5c72c1eb5f5342338a85386a328b0efc6	665164aa36b9d69d1b09e5b8fd62072dbe755f75
5bff50559d050a1e7d9963d1de9bf4c3f376719b	5bff50559d050a1e7d9963d1de9bf4c3f376719b
5c0c96df99ea97249d5f469bc92834173b94b6b7	5c0c96df99ea97249d5f469bc92834173b94b6b7
5c0da2780b1850123b3d146a160bf8d6cc56708e	7129518a104d820f2e03322d116805e3992f7e91
5c1f201593f61c046d5bf643ad2666a966980804	5c1f201593f61c046d5bf643ad2666a966980804
5c2035f3bfe6b940a7535da7286fd150c66a10ea	5c2035f3bfe6b940a7535da7286fd150c66a10ea
5c45a845bd01f968e6f5e34fbe21b14f7cc0e44e	77930b1cfd85f11c0ea4fdd037ef88fe3ed9f6f7
5c48d3f5b954d207e93c69dac35e08ba5c1215d1	5c48d3f5b954d207e93c69dac35e08ba5c1215d1
5c6f10dc70cd894cddd982afce57009d101f712e	eb1b2ea16931904340686cf3341a6bbc7557d725
5c8c777f3931f6fb1923020f5874a03b06d1246c	5c8c777f3931f6fb1923020f5874a03b06d1246c
5cba2120c783a0925e8261ed5dc849314215cab9	5cba2120c783a0925e8261ed5dc849314215cab9
5cca04298ee323b59feb4747ea6d50d93c91f76a	5cca04298ee323b59feb4747ea6d50d93c91f76a
5cccf64c9049420f8f21666425715e4e65ee097a	742d45563cae32854518eff0951011dcfd9e2ca7
5ce1c518eb7b5dd19f4cd431097731e49488b284	5ce1c518eb7b5dd19f4cd431097731e49488b284
5cf81eb8d2eab9ff66cf8cb6b6351ae14ede41a1	5cf81eb8d2eab9ff66cf8cb6b6351ae14ede41a1
5cfd79b16a6c05832a76ba59b22ca54c70af6e56	5cfd79b16a6c05832a76ba59b22ca54c70af6e56
5d03c57e403386edca93529322f7c62a39571cc7	a81a2d5369dec5f11997e3ebf114a98aead80480
5d076aab7d2d9753714e5558615c2ec1eef1b31e	b36faa717c5a0958581510cd217c727b9262ec6b
5d10fba970189e131b8d8d9aced0c0c033474b7c	5d10fba970189e131b8d8d9aced0c0c033474b7c
5d223bf6850f744ffde026a5b72f1af97066ae14	5d223bf6850f744ffde026a5b72f1af97066ae14
5d22c28b0b7a6bcfb9bea2496000a196f43ed579	321d335db81f278b01797e5783bb34a443c00622
5d25d705988186fd61803b5c5e7c4f19aa659aa4	5d25d705988186fd61803b5c5e7c4f19aa659aa4
5d41f570330e63a5942835f2ae39ca3cf5d9dcc7	9ced1dbaccfa955dbd2c56031afb87791a18c026
5d4a69ee8b101dfef216639b26461e9446944ccf	22673405e5f0500fdc90c619072f7896c2e8cb84
5d581d8dddc2bdac166c45541d3d0e92e71310d1	5d581d8dddc2bdac166c45541d3d0e92e71310d1
5d64a3bf26bbfefa9e772aaa630fe1331dad6ab1	5d64a3bf26bbfefa9e772aaa630fe1331dad6ab1
5d8748fa6d56767e8cb4d66c06023136919e4028	5d8748fa6d56767e8cb4d66c06023136919e4028
5d88e1b301e62a61211e3343165ef37be90b0250	c9c7c609ae32e39b2435dbced0975688a0274ec7
5d948b035e7dd84a7cb8c6b2b2929a24d7bdfc54	5d948b035e7dd84a7cb8c6b2b2929a24d7bdfc54
5d979910c31dc419eb3b3528ec25ea190266b232	e921e1d03028447c237de58d6e94df6ed3573c41
5dbe69786b1329b7e695975507108c7d657c1e2f	ea13dbee0ba04ae7bb098ea915cabd3eaea9a5ff
5ddd902c470739835a5af4618e050ef116c3b127	5ddd902c470739835a5af4618e050ef116c3b127
5deee9e940d309891c5dac030dba5810f1b5bebe	5deee9e940d309891c5dac030dba5810f1b5bebe
5e04b1202cac8258ea7f51eb66d474664d528789	5e04b1202cac8258ea7f51eb66d474664d528789
5e10a31c17efe033a48f2fc78b7e6b56c4ea876e	5e10a31c17efe033a48f2fc78b7e6b56c4ea876e
5e12d63fdb65955fc56e30514c002923b7be47b9	5e12d63fdb65955fc56e30514c002923b7be47b9
5e1a2133a1be0d61ebfff79a2508f6d6c3f621d3	5e1a2133a1be0d61ebfff79a2508f6d6c3f621d3
5e1f2ad7b78d03f9857d35c6ffc5eba05b3977ab	5a5bafcafafe46d0c0a4cb86da81f02951612013
5e3b342f4eb4509151f96956bec553549b1a512e	5e3b342f4eb4509151f96956bec553549b1a512e
5e3cfd5f19b66a288db21d2d4ab07d9b06c07b68	5e3cfd5f19b66a288db21d2d4ab07d9b06c07b68
5e494b6f5ad59c39536825d645ffbd5b935d437d	9fd6c25599781fdb09f6d7eeba2859804c026a52
5e5382a7deb3c26c21c215ca061e6b2ea7b5c744	5e5382a7deb3c26c21c215ca061e6b2ea7b5c744
5e59d4fcb063ee82e5759fb8c3f13e69e633d859	5e59d4fcb063ee82e5759fb8c3f13e69e633d859
5e5a10126aa18ee49f1e8109a1df0b174a544aac	5e5a10126aa18ee49f1e8109a1df0b174a544aac
5e690ff114b2ebb0335e17102d214d6f2e7d4bba	5e690ff114b2ebb0335e17102d214d6f2e7d4bba
5e72f6f9f7ae8b3d33b8d5d97c963f66e0efc699	5e72f6f9f7ae8b3d33b8d5d97c963f66e0efc699
5e8b4bbaf4600a15f3ca053fde0fc13fe73bc288	ec198af7863ce4545be8973888ed91cd4dfa1b6b
5ea65cb757df5401e6085e6df2f38a2fd782387a	0be0de5ea7fa7d227c34400d326e5159b2ac93c0
5eb213560dc993d09e14fabcac5c0e7797b454eb	5eb213560dc993d09e14fabcac5c0e7797b454eb
5ec14170f367514d72a4287365cfd26240e078bd	5ec14170f367514d72a4287365cfd26240e078bd
5edc6985c2cbb8374031d68873d7a43ee8d8367d	5edc6985c2cbb8374031d68873d7a43ee8d8367d
5ee4f00e1d10a629be8e9353833d383724f071e7	dfa0e7442c9d259d4d822753a1fd8830611ae7d6
5eed189eb116ea8accff1c585176bea016bf8971	18aa4b1b207f0757dd1069c94378eed822e6775f
5efd980d4d50977290a79f7c81f4434a4837e34c	5efd980d4d50977290a79f7c81f4434a4837e34c
5f0ea35189a289ffb378b7f9cd3b8f95c789af37	5f0ea35189a289ffb378b7f9cd3b8f95c789af37
5f1ad5e7640a2b10665a290c2ff33bd6d21728fb	5f1ad5e7640a2b10665a290c2ff33bd6d21728fb
5f22762d747743185b808c7c21cf19d25077c312	55f6261a646e028a0dd7cc794728c2c84b442c39
5f35e8b15517ebc130df569cc90e3fe0abdd5aef	5f35e8b15517ebc130df569cc90e3fe0abdd5aef
5f48d6e4ba2607170977b1789a2584526e263518	5f48d6e4ba2607170977b1789a2584526e263518
5f50ff1aac744e5b94b1bc7062e42f8168b5c500	d3ed806df61d154778df1211bde45f43c9e8f8d0
5f528475420c8de407125bceb32d94050cfa8e14	929ae25cded75ad7e3d90e86fc536b59de481d59
5f54c52ee4ff7b1934f3d69ce64ede446ae655b2	5f54c52ee4ff7b1934f3d69ce64ede446ae655b2
5f5ecba94acffa70aa0c7f7e7facb3021902bb98	5f5ecba94acffa70aa0c7f7e7facb3021902bb98
5f5ed576d42ba2177d13ec764db6afbdd60f3aea	5f5ed576d42ba2177d13ec764db6afbdd60f3aea
5f7d5e8c20b6a1ee85ec31eca56814b9ea4d958c	5f7d5e8c20b6a1ee85ec31eca56814b9ea4d958c
5f86b1c061101f76e19d1436bd9fe1bb8499aa29	a91aeed6ae20d2b1d913653e58e22546769851b6
5fa47c5b63c42bfa5cb88a5631b84bd2e43de028	b18171f90fb75e7226dcccd5bb83e17cdc2c6968
5fa7ffb83bcfd5d1425f9b98e22d7e51a22dd268	4d6ce70d81623955d5caf35414729443c9baf22f
5fa9a6d59a4e540a7459b867de6cf4c40c3a8e68	5fa9a6d59a4e540a7459b867de6cf4c40c3a8e68
5ff3608a979519b7aee8b68dc9863ca852ac1ce1	2ce02c82292d17a574f17ff25bc8e865d232ba25
5ff6f6c7444eeecc8b85a5a1aa94ae5c235e8667	5ff6f6c7444eeecc8b85a5a1aa94ae5c235e8667
5ff9581f18796a2400b88b8f87eab4b89e94c912	5ff9581f18796a2400b88b8f87eab4b89e94c912
600006c935a72e4c66cf5e237e47a415a5f8623f	600006c935a72e4c66cf5e237e47a415a5f8623f
600c2694999b716368a88bf0c3696d0e68b897fa	d02ac6375629d2aee1315676ba034dcd4c0dd113
6016fdda7b2fb529c060e31b1d16a8bb0341ff2f	6016fdda7b2fb529c060e31b1d16a8bb0341ff2f
601a9527351d886cd2aade6f063a9fd3ffe49abb	601a9527351d886cd2aade6f063a9fd3ffe49abb
60314aa6a120f5d558c34a5ad1cfa52fc9b8564e	60314aa6a120f5d558c34a5ad1cfa52fc9b8564e
60483f4d2c29d8328a9c01f8bc8dd5471a887c0c	60483f4d2c29d8328a9c01f8bc8dd5471a887c0c
60664c10301ffdeedd5f2a7fa6993da0473e7b89	60664c10301ffdeedd5f2a7fa6993da0473e7b89
606bf2caf830d698e5f5ef39d8544ab9e76312cc	606bf2caf830d698e5f5ef39d8544ab9e76312cc
607921b712fc24618fa3ac0938b52685e5f4648e	607921b712fc24618fa3ac0938b52685e5f4648e
608d31998c561d2614085c84310adc4b73ca958a	608d31998c561d2614085c84310adc4b73ca958a
609227c528b1b4bac643a17d5b1d0e741d63e7d2	369d558389154ed14b42f94398eda1b426870ec3
6092a48fb3b9a7fdf77d2787e026c87dbd33568d	6092a48fb3b9a7fdf77d2787e026c87dbd33568d
6097b3c59516b0482405d1fa713163eb3010d242	11e0a04a22462b13507920c3d7dcf5f0163641c8
60ac5201edf2fd2b4e471c2989b191f98f06ae08	60ac5201edf2fd2b4e471c2989b191f98f06ae08
60b6dbc064d8af3f84144106f086386d28a557a2	60b6dbc064d8af3f84144106f086386d28a557a2
60b70c365446cdaec54603fd0678e95b7adcbec9	60b70c365446cdaec54603fd0678e95b7adcbec9
60b8cb583cca1260314dc1bf978aff1709e13f89	ee522c8818f55af2e2ad4b8281d5d62acd7bec7f
60c0e41f507a6100cd951ee9f9bf294482585e37	60c0e41f507a6100cd951ee9f9bf294482585e37
60c3bfe3b7bd3d0ab1fb6be8a230649509b6c4a3	60c3bfe3b7bd3d0ab1fb6be8a230649509b6c4a3
60c92d948505d8da577b28e6c6c87baeb412983d	60c92d948505d8da577b28e6c6c87baeb412983d
60dbbd5bdefc97c1414321ca4f1d1fbdef52ff8f	60dbbd5bdefc97c1414321ca4f1d1fbdef52ff8f
60e6c1bd839c3524cfb9a860786b6ba08d62f688	1dcc0d31f73e04466afc7d6274eae4d2f9070bcb
610d3471fc3904b5e6e5052d35c4a0c67840bd8b	6575178474c55cc694ee608f2cf6b618a2f048ab
613ad4f97da9ed9bcaf03dc1b1a037065d969c48	613ad4f97da9ed9bcaf03dc1b1a037065d969c48
6147bba6dc5dc6076399ee4e0167a30349af1be7	6147bba6dc5dc6076399ee4e0167a30349af1be7
6159fc14956800dc04c4d6c944a2941b9c6c12db	35b70e936bac6d0c4e9d3bf844b7201376314265
61601cc3c68923a035b5695768f1b61feeaa16f2	61601cc3c68923a035b5695768f1b61feeaa16f2
6182092740f838dc3fef3df47521aaeabe1ff46a	6182092740f838dc3fef3df47521aaeabe1ff46a
6195026be6a6a3a811ddb4de13a41963ddd2b085	6195026be6a6a3a811ddb4de13a41963ddd2b085
61982e3391a2bd65f60b7237a318f193a7804549	61982e3391a2bd65f60b7237a318f193a7804549
619b7b75028f67dcd6a0e4c55357c55333287d0d	619b7b75028f67dcd6a0e4c55357c55333287d0d
61a050ddcad7028ee42d6c9b35b30bfa3d6753e6	0b391299741ded65ba2d43a8801c9528c609e6d7
61b80f4385a78ea5c11fcc09135282ea85d26595	e2be13695072747b8661b8e96d5a0af1714e63de
61bb853bb2b97964a84d1b1efae1be28949372dc	fa9b815f8c75deb76cbfa5344dc8888fc1bf0ec8
61e1b110063e07c6f968e66c191bf8936809a85e	851529b40b353c8eb631c76c6c442a0260955e72
6201ba8ba3f983be7eb6e04b10f7b55bda392448	c4091b7f2b0244f9f7ecd7c3938a11a5fdc2c3c7
6220ba27a8364320a4d3ca7916d049f9bb895f70	e3c99a7b8e14480fc7142d1c9979e9ed9190ead5
622b97ed6f5c0e46fa3ed11cbd71060ce518e7ce	597b298f5491e695e4184222fc6e4deb046a849f
6244605e8bc477a753fabbd7ce2f74a3712b521b	6244605e8bc477a753fabbd7ce2f74a3712b521b
624d9dd4dae02910b2db1f00d923c7ccaca54f3a	624d9dd4dae02910b2db1f00d923c7ccaca54f3a
625d1970e8976d9128ee01ff642990a79ae759ba	d1fa3517212cdbab25b62381fd59e4b564c1648e
62670c940c7ad2d34402ddb12423df610c32c3d4	62670c940c7ad2d34402ddb12423df610c32c3d4
626ede44e9982c0a560afd8285894e7ab6becd6a	626ede44e9982c0a560afd8285894e7ab6becd6a
628b33651d9aefff23f0b291931f36fec3066c9f	c21f8c3fb535cebe77943288dd8e06af8eeaf623
628f9e5e3ac053d4d0bce7080e1a6973ebf6f7b2	628f9e5e3ac053d4d0bce7080e1a6973ebf6f7b2
62ccc8e565f996d6793b3c02b2ffac5a0b18a986	62ccc8e565f996d6793b3c02b2ffac5a0b18a986
62d59b9305111965a6ce0c345592eda6fd78a25d	62d59b9305111965a6ce0c345592eda6fd78a25d
62d80fbe6db5e9a211f55267be7716eb446a804e	ce5c95c2fdd23f8709d1741ca3e9fc7229f8e0ad
62f05529429bebfc0ab79a6b38cab3ede91a46fd	d51f6f7319ad94ee44ccaa139a011d9aa8bf863c
62f3734b79d11afb5d2d17b902889104307abd63	62f3734b79d11afb5d2d17b902889104307abd63
631a3ca7a54140b65b1ba82b1029b28c33de3ec5	631a3ca7a54140b65b1ba82b1029b28c33de3ec5
6328c7a6b71d204893f6ba5d455f8026237ac114	6328c7a6b71d204893f6ba5d455f8026237ac114
632b2822fa83bbeebcffd03be3fce5509f27b0fd	6e75c7e82eb8890c964c5d4d6f5fc619b7ff9d24
637a602b51964a2581dc36059a4491f4e568c00e	9b706232f510510e0b824415226c552ed2c2705d
6380bc6ffa96de7c6d6637f04b2f8e55aea18b25	6380bc6ffa96de7c6d6637f04b2f8e55aea18b25
6388c6a3e5e740fd3a8201d13661b4de68f8df1a	6388c6a3e5e740fd3a8201d13661b4de68f8df1a
63c079e9536f1b5f879bee7b8c003949110fe589	8b1fbd9bd9bd8fd360769621e2b9e47ba96ee59f
63ceb8cb5ab08b262926a3dd36ed21096ea81f49	85023c5babe2741bef63c263edce18abb2f1b212
63eb21593b657385b17ff614811cc106e774cce3	63eb21593b657385b17ff614811cc106e774cce3
64017f487e2110633d3de43d2e931988642d6098	64017f487e2110633d3de43d2e931988642d6098
6402ddc11f96d30d459401575c84e25c615a5028	6402ddc11f96d30d459401575c84e25c615a5028
6422be09ce0bca8cce857afded7828dcfb59d472	0ebe79f9653d488ddbd65f4611af4db32c8e1525
64525ce768228fe33af378ec441547d7aa635b0b	d9014835aa6cf58e92c16a3acb5efd28ba51e633
64530bbdc5f8b88317e0872a5427a6e594bb7c60	64530bbdc5f8b88317e0872a5427a6e594bb7c60
647954856f12287ffd82953e14fd58affbe21b83	647954856f12287ffd82953e14fd58affbe21b83
64a25c343a37f3f73380b4a8edc3f3884930e991	2e9645a8e7b60d99a523861a2ce0cf0c922ce24b
64af5092dd22523c672b8c42e3b84eaba04bec1f	030d89cb2b92fa29a46dabfff52a73e59dd19272
64b3a1238a3a13803f179ff03e0e2425d6f718f0	5616bcc5f30091129a16283d1382cf711454734f
64ba0235ffc2b700f723b1f2e8fca58269e377c3	64ba0235ffc2b700f723b1f2e8fca58269e377c3
64dea7118e22d677a951974d99ebda845677314f	64dea7118e22d677a951974d99ebda845677314f
64e9ff4bd5d242afa5aa37a0b846262da72209ca	64e9ff4bd5d242afa5aa37a0b846262da72209ca
64f1144bf68223c581687b7d65541da30a642592	64f1144bf68223c581687b7d65541da30a642592
6529c8d4f09ead65a519e39226261211741a83b4	32bcea82db9535f58fc9282530906dc0bf4183d6
65366522864bc7ac4dcc1cd874ee2c0ac963c765	65366522864bc7ac4dcc1cd874ee2c0ac963c765
65415cf06b13465270c653a1e90b6af2ba60af8c	fc7ca0ded1cf579207a39db7fb87a5994a13834a
6542e6e26499860751971b0ec854bb971708c99e	6542e6e26499860751971b0ec854bb971708c99e
6547cebf7687d30d1d5dde71f8cbdbc1c2c60791	7bceec5b0269a6b2c5cd9b59d0f1edfc2454da33
657b4aa2c8d67a6e659cba4d0d4c6cd90c8d36f3	21be7dd8e0468520c6be87b48256f65107842d75
65b190f45a466a87cc46a28a1e7715493774d8bb	d5a84e0c2cf868664b828b15f44e8ef834a78242
65c3a786deddc428073adcd62f5d4c037b33e5a3	65c3a786deddc428073adcd62f5d4c037b33e5a3
65c5fa65bb34857e945437a15bf3660d56741232	541b929096d3bbbb90288c56c3518df058ed6196
65c673cfd556d575a720c28f4a6a18390d68b5f2	8c43891a4c12a5c7813ed9e15008879b67183b27
6611922d51ab5ab7c267c6b9752acb0488ffb2be	6611922d51ab5ab7c267c6b9752acb0488ffb2be
66167c5f50261070a9acf0db160d49690fb54f33	8fc4a98d2c0b399568698fd229193bd33a4e1f56
661f452ff9bd223aa51e0f242aa2c405003c3995	661f452ff9bd223aa51e0f242aa2c405003c3995
662b47d2262443164dce2d1cfb3f789f0de15543	b58230221b380af16a0265809525ed53451b411d
662dd10f33dfa751da78d353dc1dc827ba33d561	1a30aeef9e58b611c5c697e289179e8d1c212ed3
664635a56bfcc71909b9c95402051d0b358014bf	d52e1d2cbb98de61bab2b9d29f6921720e51a46e
664a8ccefa971c62796eedf70130dc789ed6ef5f	664a8ccefa971c62796eedf70130dc789ed6ef5f
6676477becf7bb5080023ae4e520d36ba867a23f	6676477becf7bb5080023ae4e520d36ba867a23f
66b53ee523fc9bdb3f7d2688341ae17decf6c3a3	98c6bd5a2340fea50874e045854e617993ff80b8
66c60270d8d638050416d6bd0c151bfd1f027ae3	66c60270d8d638050416d6bd0c151bfd1f027ae3
66d431c69abb27f9867db6f7c1c7881a974e9eca	45634fbfd070fba898e6e2948e083de9f88fe491
66ef3bbcd39e2927cf39a23844fc1cb8e2328f00	3ddea78b8d5766497de54e886eb4953ec6482116
6724dd00d228e0a73cb97e931bde04c13eab6334	6724dd00d228e0a73cb97e931bde04c13eab6334
673869d2eb9336164af6c8c71e73b0553feab1e8	673869d2eb9336164af6c8c71e73b0553feab1e8
675deeb5c86b9b05ab23bf7bcf4a6b7eef9ecbd7	675deeb5c86b9b05ab23bf7bcf4a6b7eef9ecbd7
67604e915a3df5aae2fb287c7f3094777fbf5ca0	67604e915a3df5aae2fb287c7f3094777fbf5ca0
6761ec98249d2d0a3de9c4dd1e50e34bb518f4e8	6761ec98249d2d0a3de9c4dd1e50e34bb518f4e8
679b7a65a97fc48f8b8d1f9551ad95c597b424db	010fc05c3bed8b4706b0dd3e06d3457045dd759d
67c3d0962b881ea6e8f3d7fbb75bb91e7c9b5686	67c3d0962b881ea6e8f3d7fbb75bb91e7c9b5686
67c4fcffd51bd41b4b391d1ff8d5b5cbd1e0172b	85ce5e03a5bb1d72dad60fa3b896a47de830b833
67ded7a6004a9620ee2d09c6408f7c57799bb012	e7df3488e4b218d55b0de1a33d7dde11952685c7
67f805610b73a9e4feb4bc406f8d54f4580ae970	67f805610b73a9e4feb4bc406f8d54f4580ae970
680f949393578b5f216d7228713064a08ebf6c42	680f949393578b5f216d7228713064a08ebf6c42
681010deed899dce58647c78c3758de2814fe764	681010deed899dce58647c78c3758de2814fe764
6818758db7e551f84dbecdb4c0b7ab4eef4cfd87	6818758db7e551f84dbecdb4c0b7ab4eef4cfd87
681992d42e252e5552ac8665d320d84839315cdd	681992d42e252e5552ac8665d320d84839315cdd
681cb15b5254c24bf3b8c7f6e1bfb3fdeb11693e	681cb15b5254c24bf3b8c7f6e1bfb3fdeb11693e
682ac4998c5d6b8ff191f5710bfc8ffa8c40806c	682ac4998c5d6b8ff191f5710bfc8ffa8c40806c
6842fc7383d702aabca2b977471b2f3f38c91b47	6842fc7383d702aabca2b977471b2f3f38c91b47
686dd60bf60d67805c8073943ee1ca11826d8533	686dd60bf60d67805c8073943ee1ca11826d8533
687edc52b546bbe513b36ea049cc6426b5e6593b	687edc52b546bbe513b36ea049cc6426b5e6593b
6889b8ba7d41929053bdf9344215d146be3efaff	6889b8ba7d41929053bdf9344215d146be3efaff
68a60a59131b04bdc8e4eb9dcc76b90414ff05f4	68a60a59131b04bdc8e4eb9dcc76b90414ff05f4
68d2010efee83af84b4bed85ea7a2c53b8125e7b	1cd5c2cffd9b4128b9710c210efa7b48172c9c42
68dafab7efb81f1a4cdf2310cad91d7466d1a3fb	68dafab7efb81f1a4cdf2310cad91d7466d1a3fb
68dfc1e512288eb6d4a8dbf72e51a23d82a335b3	019fe6254e5f0321d732afa3689cfe37fc6b20f8
692b4311e0a975077432b4a92929982c184d9695	c25c0a4573d03a390ec0dc1d6e3a258edbad6b09
692f46cef02dc5102fde19d427315cb55c750147	ba3362b91e5fd2e21d2f948d25c66ab5a7014470
693cf7affc95ce4f397178689c150ceee20cea6e	fe534c6a5c34e5b77ef1f2002d4bd4c82b5bf9e5
696a316ce0488d88ea9bf556634eb178ca5f932a	e2a1430ec0c85647176a365e4929a9a447b44753
6976fd74b22046ff7c7fb495aeeaffb0f821b1cd	6976fd74b22046ff7c7fb495aeeaffb0f821b1cd
69831c11aa66dab8f3309e8e9e29817c4ccf415f	69831c11aa66dab8f3309e8e9e29817c4ccf415f
6988f21197ff788e55076037a133c1aab25b573b	6988f21197ff788e55076037a133c1aab25b573b
698cd85fbba856d4628bec9466bca4d745a60776	698cd85fbba856d4628bec9466bca4d745a60776
69a2b8462f161e12ecf0b4fbf26181968d7b8179	69a2b8462f161e12ecf0b4fbf26181968d7b8179
69a8ca200b76a84347f2848a25c8134396084ecf	69a8ca200b76a84347f2848a25c8134396084ecf
69b524de880df5f6ad63c5e60527e8cffe454992	69b524de880df5f6ad63c5e60527e8cffe454992
69bcb781eea3912031db4b783107fc31b776e80c	69bcb781eea3912031db4b783107fc31b776e80c
69e5ff4ed4a5740210b834fd58aac515077437f2	69e5ff4ed4a5740210b834fd58aac515077437f2
69ec7688bb50bae5325e83015adc6764cb151b79	69ec7688bb50bae5325e83015adc6764cb151b79
6a00d612d4708f819b3aa8a8ad95a4ca956509f9	6a00d612d4708f819b3aa8a8ad95a4ca956509f9
6a076db3a9af3f6d3513d95c25efeea76154de06	6a076db3a9af3f6d3513d95c25efeea76154de06
6a125b29a4ebeafa25a99cd4a1f038d3a0eff657	6a125b29a4ebeafa25a99cd4a1f038d3a0eff657
6a1ac5d0b2820e15cbfd2f537b9f7ace8c401d18	6a1ac5d0b2820e15cbfd2f537b9f7ace8c401d18
6a478d401829856c535ceb37031ddde9bad39880	6a478d401829856c535ceb37031ddde9bad39880
6a5cccadfe4a8e86e50fdb032577cc671feb7e00	6a5cccadfe4a8e86e50fdb032577cc671feb7e00
6a5e4f0097979bc68c33d1f8178eb2104d528abc	5fdc081909aafa1b4168892711c9661a6e93df8b
6a74fc7f609862cdcaa5cc7b3824344b856b5f5e	58301b2faa183457bb837dde52a467f124599d27
6a8568b7bad5a79fa2a30e796062562f9585a0c1	6a8568b7bad5a79fa2a30e796062562f9585a0c1
6a9ba55e3902ac5f24b0a809c6984aefd817f84e	6a9ba55e3902ac5f24b0a809c6984aefd817f84e
6a9d9d817c5120997297730a9e519c494091eea1	6a9d9d817c5120997297730a9e519c494091eea1
6abe1902bdd8f5c12387186193a84088ec1c6358	6abe1902bdd8f5c12387186193a84088ec1c6358
6ad7efc533d9d44d3b730bed7f14fdfe76488ec3	825660af417f2817a091cdb5e344d9a4278f21bd
6b1b70a840fde204db2b0b2a4fea118e9243f484	6b1b70a840fde204db2b0b2a4fea118e9243f484
6b3ddf0a5628170773664049e8c83f583cd2f98e	6b3ddf0a5628170773664049e8c83f583cd2f98e
6b3f96c65da33f807034adea45f942889d5f635d	89730e52e2bb72174d8116b8bf044e863d5d4220
6b49c744a330750159649dc6a318e1dbe1771a3e	6b49c744a330750159649dc6a318e1dbe1771a3e
6b4e5f4716b832f9c6361b1ef4dec06e6fcae7b5	6b4e5f4716b832f9c6361b1ef4dec06e6fcae7b5
6b5f5e7b32bfd48e63aea918aa19be07723175d2	6b5f5e7b32bfd48e63aea918aa19be07723175d2
6b84fea77c91a0f18d4d35feea1439b219988a1c	6b84fea77c91a0f18d4d35feea1439b219988a1c
6b9611167b5c7baa9245bee675ccaabc89a5ac52	6b9611167b5c7baa9245bee675ccaabc89a5ac52
6ba563d9f8f0c6df0b7731d7bf5f14dc97922dff	b32662179ceb87e440ccebafeb853c7d427ecc31
6bba8307a5bb328da2111a4a15b33b761104d70b	bbed285167f1673277bdee6b44fdc95295c4c3ef
6bbb36cd92676981e2d7193a617155121ea30c22	7f93781e1061e8d8c28064d3fc4d7319775651bf
6bbfab75e0ef61996210cc9b9f6e68313e990994	6bbfab75e0ef61996210cc9b9f6e68313e990994
6bc0c9da27f893616581ae4da3e169e2f23c2537	abd4e845d57a43be8c8874ce2047c2f7ce4975d5
6be29c0a0f8571e8747bfa7025c8bf26c8cac07c	6be29c0a0f8571e8747bfa7025c8bf26c8cac07c
6be6f743564e5a6b9e9fb7213380c7a6caea734a	3959c2465219dc3d3493c8a0fc77d79cff5c3706
6bf4767393c52f59c03cbfe5bf24a9678af96368	1f708a8abbbd883dbb9935adb09e76fff1726d07
6c16629daa5306c9a637cbc701ea07e0eff52b31	6c16629daa5306c9a637cbc701ea07e0eff52b31
6c191e995a6e39f3dbd3c65cd8fbcac93a8e6773	6c191e995a6e39f3dbd3c65cd8fbcac93a8e6773
6c20cd557715eab5f0abaafe2b923313ee38ed33	f3f81f31742ea07f19630eb8cc663ccb46ed1e2a
6c37c52ca5b6bef1145d21b55228b2a2a3f89f1e	6c37c52ca5b6bef1145d21b55228b2a2a3f89f1e
6c46c6a4df9ab00f145c6524acab7c56be136fd3	6c46c6a4df9ab00f145c6524acab7c56be136fd3
6c620f490091666bf4b3b171209314ecc0e210b1	6c620f490091666bf4b3b171209314ecc0e210b1
6c68ff23b4663fd3139b48d0785b03af848e228f	6c68ff23b4663fd3139b48d0785b03af848e228f
6c7780efaf6fa791d49272d7eebab78257388cf2	6c7780efaf6fa791d49272d7eebab78257388cf2
6c791743fb000404dcb9dad050b0a656a4398395	6c791743fb000404dcb9dad050b0a656a4398395
6c89d4a1b12c282bd8a339b859785ff4dbb04c7e	21020236038b153a7f93f9e17c117ab5dead0c07
6cad56cf55a08955f389644ecae9cb0d64d875df	a77a063ae9da20c6d0d8c5c2f3bf5f99bfba03d8
6caed84e87b88e9906978f4459dcdf1eb6dc0b9f	4ae93fef6cd68dbbc9925853c99c532a134542f9
6cca46acc194d7ab9d4d0e4871683b71f744a377	6cca46acc194d7ab9d4d0e4871683b71f744a377
6cddc221c31ef6a1b21ac37e06273a2ef28b31ab	e546ae51dfb387576272257e0e7309e5afbb84ff
6cf2cd130db90ed14add9aeecd17d236684f66b9	6cf2cd130db90ed14add9aeecd17d236684f66b9
6d0aa7d95a84942168efe4e8691322052dec4a0a	6d0aa7d95a84942168efe4e8691322052dec4a0a
6d6e79b656ed9914739ed94abfd82b20e4196b7d	6d6e79b656ed9914739ed94abfd82b20e4196b7d
6d96acc4e293b027daaa640318d44dfcfc3c992d	6d96acc4e293b027daaa640318d44dfcfc3c992d
6db2efac20b94ff4ec8207c1cdea8461cd991b74	6db2efac20b94ff4ec8207c1cdea8461cd991b74
6dc7b51caa2feeb4d7f304c7ac1eab1b043b6f3a	fd982c19ad20db6b4cebe5fc9f50b72fe8a6ce1d
6de235b96f4fbb9a02aa8a6e4d92a8433ce1c669	6de235b96f4fbb9a02aa8a6e4d92a8433ce1c669
6e4658d1f5a13eb11f9ad478fb0ebee6e544bf0f	6e4658d1f5a13eb11f9ad478fb0ebee6e544bf0f
6e7b3174a0a459519f234dced883965b7ae89092	6e7b3174a0a459519f234dced883965b7ae89092
6e7b7c040b22756e34768c6ee82fa0047e69d81f	a2f42ef6fba460adfde319f43a370e75fa6aab85
6e892e1b2a6e3616019ef08c9a68caa83404aa42	3b00d2bb7353bff9a12f49888c384d63d00512de
6ea04e9a14d83991c62ced0822f3ba5297a21b38	1f2519a06fb84c569576c9dc09ba1d0e532789fa
6ea5aaa80af2bbc90a2ae94bf80dd4730d8bc611	6ea5aaa80af2bbc90a2ae94bf80dd4730d8bc611
6ea8c5839bec5658409beae3a3c0bc50882b85d1	6ea8c5839bec5658409beae3a3c0bc50882b85d1
6ec07fecb75c4755760ff5bf2545fb05512ea7b5	6ec07fecb75c4755760ff5bf2545fb05512ea7b5
6edd0e65021bbe760ccc60ee811fe6438e0f048a	6edd0e65021bbe760ccc60ee811fe6438e0f048a
6ef1ea0e8a0ca407fdea19f1b670fad0d5b54d41	6918a20e5a4d97e12d800014344cee382d587d7d
6efa330abac98c4a0010672f7346c10abe7ef6ff	6efa330abac98c4a0010672f7346c10abe7ef6ff
6f172a5d545a2a991dc7f46c93065a097bd83f61	6f172a5d545a2a991dc7f46c93065a097bd83f61
6f2856d788748503aec5aaadfd9bc1edf390c52a	6f2856d788748503aec5aaadfd9bc1edf390c52a
6f513bb3213151510a66c3cdaad9d0ddd28416f6	6f513bb3213151510a66c3cdaad9d0ddd28416f6
6fc0bcf094014b2ccade258e356d7693524f9b8d	d6345fc4bdb2e103fc8a06055a731f0ccc712fb4
6fcac4a7b9abcf2b5a74cb40612851db9dbc7c62	6fcac4a7b9abcf2b5a74cb40612851db9dbc7c62
6ffceb5ebfc0137357de6aeddfe1f6cb49f8608e	6302ce5a645123cbb62d7d40b01c99f210ceb09c
7004dea282bf6ff8ada2ff631bae7604655e6770	7004dea282bf6ff8ada2ff631bae7604655e6770
70065c52bf1e900543e84fb0d138adcadf895a89	70065c52bf1e900543e84fb0d138adcadf895a89
706aaffcec6f7f803b6a7ac4fcf71103801d022c	706aaffcec6f7f803b6a7ac4fcf71103801d022c
706ff8b957ef4f3187cf2340bbc2b0ecab36f12c	706ff8b957ef4f3187cf2340bbc2b0ecab36f12c
707a57052e7a0a4a85a40c6c4af648676568c402	707a57052e7a0a4a85a40c6c4af648676568c402
708286d08e47fcfd8d87343644c4d394078e5b52	708286d08e47fcfd8d87343644c4d394078e5b52
70f86bb9c3aaf52979f34e89e16699ccbbdd2b7f	d49d812604faa9738519b43387a3975e279b1a5f
71026932bb40c2911613f5365b5a3de0820f32cb	71026932bb40c2911613f5365b5a3de0820f32cb
710d60e6e111cf0ab4eec4584795ccd0146bd551	2388ee80c70ef5ced7863826c02baa73babbfb47
7116ce08f1f7618d0996154e24a7e2b287b1c93d	7116ce08f1f7618d0996154e24a7e2b287b1c93d
714c1e6d62d933ffe4639fc8eace0e00cf1e282d	714c1e6d62d933ffe4639fc8eace0e00cf1e282d
7150ba71b07cfd8dec74489c718dd67d2384357f	7150ba71b07cfd8dec74489c718dd67d2384357f
71712cb003806190f892095d1e4cfede08a944dc	d4686f4878f97512cb67d1f471c9e14ce1405c71
7194d163730079da82fb800dac55c0f52f045d04	c92e481f871a45a4d0d6aa17ab2abe206f84efdd
71ac4cdf8ef657ea4bdd22e1d75a4e18b0634ce2	447e898dddb5093656091c8f6be925cb809fa8ed
71af447a7577fd03722c6957c3a3c70a32874eb4	71af447a7577fd03722c6957c3a3c70a32874eb4
71c7699720ff1696f784d2cda6255ae21dad1ac2	45fa6f681dba93eb914a99fad06ce1628ab05775
71e8baddb45bb087a6568ef6060cec3f5998453e	71e8baddb45bb087a6568ef6060cec3f5998453e
721a3bf8e4561e5069db4539f57b7308d1b3e877	721a3bf8e4561e5069db4539f57b7308d1b3e877
722190409822d01fd93e1a3af61ff794621c5a9c	722190409822d01fd93e1a3af61ff794621c5a9c
7257699171a81294b74ff8cde61fb90bb065a2b4	dbed3a222d94168fa17df656f60ebafde73d70ad
7261ffccd2568bdcff6dfc8b85882b6450062bd3	7261ffccd2568bdcff6dfc8b85882b6450062bd3
726744bb818ee223459018f2cef447e7e2aa0feb	726744bb818ee223459018f2cef447e7e2aa0feb
729d8514ac912b447f1892aefd3e897ea8a843b6	1f676c3cb7e106ce3851b3f56990be34a510fd56
72a77b9674f3af238f23426d7f083d23ec452452	72a77b9674f3af238f23426d7f083d23ec452452
72fc39f8127d73dd31afe83a3fac439cbc4a1b37	72fc39f8127d73dd31afe83a3fac439cbc4a1b37
733a5cca9af39b379a0434fa10affe9faf0e380d	733a5cca9af39b379a0434fa10affe9faf0e380d
734145ef6b0e9755dcf584f3b7508ca764a3f9e8	734145ef6b0e9755dcf584f3b7508ca764a3f9e8
7349449462c0f2ad37c7ca938aa1c562dd8c028e	ffb5fa67c792177e42271abbdd418694218fa4b2
737f438dbec232443f7c4bdb15a2158495fdd233	2d1e18db36383fab7d76d42c3637deb4c5cc314d
739fb471af4bc0bedbf5a41c3cf158c76181041a	96f7a6c3c3f31a8341256a240deb4df134ef73bf
73d5305e3458101cec73b22c73a74a77b15d9812	666407ffe070fce2f1f5647b58fe79f0ffac92df
73e5e17570409b97742b18d0e23c6cc5cd657689	362e9030ecaabe5543f31937480a12de950905b8
73e8a464a4306d96602ee9d2f9cf4e57821f6bac	cd15b0707c3187c88fac782e0bedfbcf96cb91d8
73fc49264d60bbb734d9329fad12b8bc6aff8a85	73fc49264d60bbb734d9329fad12b8bc6aff8a85
73fdcdb2e15a439b4f8744227d9b49532cfd2840	73fdcdb2e15a439b4f8744227d9b49532cfd2840
7401e6562649cc5465bfb9423de40a4e712d429b	f823a09af1f3b3a8c91dd8ca3dcf1674c9d5c3a1
7416ad46d66b050f7d25274df532d14a2553d15a	9609b452d917dc5a533f7c861f7f74f41d5f2c3d
742b2e1c47e6835654ad15b70104319df10dbbef	b14af9322085ee8281601d88df024138f4f87748
74433f84c660e53ea37408da950aedff4a8e213d	74433f84c660e53ea37408da950aedff4a8e213d
74595db33a819e06cc17473c7b2d0137ac686a42	74595db33a819e06cc17473c7b2d0137ac686a42
746344423826a064e8c772da8714aba0283a0962	746344423826a064e8c772da8714aba0283a0962
747aa51acc056d98da316153be3edd9c96f90cda	66f7c5ec6eda2dd7996e3d086e3fa1dda234e432
749490e3d9a66224f1bbee6e4e2758026f407144	749490e3d9a66224f1bbee6e4e2758026f407144
749896fbefeb7b476130bf96e0c7d255e4952489	1ef64eb72cd9afaf19790146762617d7b6a76572
749b4db988614857ed4ccab64443e04694ccfd50	749b4db988614857ed4ccab64443e04694ccfd50
74a938867ce2ff3356c3812bb68b6cab58e71bcf	74a938867ce2ff3356c3812bb68b6cab58e71bcf
74b1aba79b26c81cab6c5616deb587d54e1eddbe	8000bb93e7f8accd2d34e5b9b1c5b8b38d612fe6
74de01d35b25a1c2afe7ee420d388a8a48f87740	74de01d35b25a1c2afe7ee420d388a8a48f87740
74e734674cfd31da12fda769b3c6bd5e7103158d	7d29a9566d934068f7003af9fe60b9b8f82c1598
751b2051a1357051e1b13eae70d65177dbac82ed	017ff8fa7f6363e82fdb70ffacc1a56ab62cbc4c
751fb6c26b8c79272de0f9a85a7b41c00397e98d	751fb6c26b8c79272de0f9a85a7b41c00397e98d
75230063c222663f433789458aa497f480c280cd	75230063c222663f433789458aa497f480c280cd
752cec01ab0bf865826b478f6599626861b9415b	752cec01ab0bf865826b478f6599626861b9415b
752de20c80972e4d58d9cadc5f8c727eb4b34b79	81e830a372d3c3ce72a21b6cad49c22059441032
75480ffb422fa10e66f66265314fb99b4d045d2f	75480ffb422fa10e66f66265314fb99b4d045d2f
75583c887f3287ad70c2df02274273ed3f520cea	1194360cc50940f063878e26250ae485644e1c6e
755cba8d968bac8383dedbb90115a127fbd43c7b	1d85a9badd438c8539c1a43b42a5e9ccb7ff0b8c
756b6c474263a5e42a31b5720dd0c6f6d356f5ee	756b6c474263a5e42a31b5720dd0c6f6d356f5ee
757661d4116b0f88063773cca72bb8d222cec082	757661d4116b0f88063773cca72bb8d222cec082
757ba6e4302bbbc62f8fe639d46da6bc5fb97969	757ba6e4302bbbc62f8fe639d46da6bc5fb97969
757cf1bb958289b7aebe3c5b148747661f6385f4	757cf1bb958289b7aebe3c5b148747661f6385f4
758bf5b2c2a9bd7a8c46f22c56156fb2ab576c99	758bf5b2c2a9bd7a8c46f22c56156fb2ab576c99
75a8e8e9adb4ff5d8cef14eccf96f1f014bdc338	f0783fa30d7d5228953ab1e4c7b1bf2742fdd85c
75c527ff30323535898e8676cae8df075cb248c5	75c527ff30323535898e8676cae8df075cb248c5
75ec4a7c210cb69fa367dc161374f04b9915b152	75ec4a7c210cb69fa367dc161374f04b9915b152
75fb456788d286af0315f474bc2286701e0cfbfa	75fb456788d286af0315f474bc2286701e0cfbfa
7605de30a8d8961e90e96d1c42e31ae1a12b13ef	7605de30a8d8961e90e96d1c42e31ae1a12b13ef
76415180005cd75a3275affc058b38906f72e518	76415180005cd75a3275affc058b38906f72e518
764d6b5be47d642c38c8ff8f20f75f4b5089c695	764d6b5be47d642c38c8ff8f20f75f4b5089c695
765edad578ceb4a1de039dff3aa1beb6fcf737cc	765edad578ceb4a1de039dff3aa1beb6fcf737cc
76a3d192fb7f6defe66ee7a52e1c63c7bedfe0dc	76a3d192fb7f6defe66ee7a52e1c63c7bedfe0dc
76c0893aa3b803e7981a6b473ccff6b6d0592695	76c0893aa3b803e7981a6b473ccff6b6d0592695
76cb8a2f7b4d3e4b0da48116571397d1d43bd369	76cb8a2f7b4d3e4b0da48116571397d1d43bd369
76d40e8a2502d133cad495fad34b70d7e96f73ed	76d40e8a2502d133cad495fad34b70d7e96f73ed
76e4490e1f1d83ee45daedd2827e16ed2b9434e4	76e4490e1f1d83ee45daedd2827e16ed2b9434e4
76edcab43a18076a0a942e2528ce40ed03b0831f	ebe839ea0c1c455e56494d3d7b11a2794f51feae
770d404057cac74c635bc47576c799c3f42bd31c	770d404057cac74c635bc47576c799c3f42bd31c
771a2b8d38ced3f25ed5cd864a46ce988d4309f3	771a2b8d38ced3f25ed5cd864a46ce988d4309f3
772721a65614177695cd90d5dfa51a0b1a4ee3e7	772721a65614177695cd90d5dfa51a0b1a4ee3e7
772f634b9e29635edf96f300e1eb9b086cfe1510	51ffa2cce8ae70b5c6ae772bca6fb26ed6434cbd
7732083b5e8de19adaf3d771c3122bcb26ea5712	7732083b5e8de19adaf3d771c3122bcb26ea5712
77335cef614c260d52a37666e707c41bb86bcff8	77335cef614c260d52a37666e707c41bb86bcff8
7754b3a320b03a81a19575030b96b728fcc03636	7754b3a320b03a81a19575030b96b728fcc03636
77639e5d19e82db0a1faaf0c67c978bc0260fdfc	77639e5d19e82db0a1faaf0c67c978bc0260fdfc
77825653e433163e2e3ae9151aacb48a82f30266	c83950d21e9efb94a8a7fd4f870ca1b78f19d73f
77b3f8e4718254e6b22ddef90554092933905e85	77b3f8e4718254e6b22ddef90554092933905e85
77bc2c81a2b33010c25661941f25a27f3336c98f	77bc2c81a2b33010c25661941f25a27f3336c98f
77be9f2131f2588cd9f0e99925bd966904eeccf8	77be9f2131f2588cd9f0e99925bd966904eeccf8
77ea897afea5f0da363947460832fe52089526c3	77ea897afea5f0da363947460832fe52089526c3
77edf6ad97b525766a206330629ddc9fd79ac4de	77edf6ad97b525766a206330629ddc9fd79ac4de
77f47ae821d23649ffe4c819404823757ed9bfed	77f47ae821d23649ffe4c819404823757ed9bfed
77fed32dbc9f129219767437a0f94f8b8be2e471	77fed32dbc9f129219767437a0f94f8b8be2e471
7812bd522de98aeaef13d19a0cdc6a2362ee076d	e4c1f575ebd371cb145aabdd239bd9e7e2963fe5
78157e62f0526b90898a2a4b77c1d6ffe6a9a15b	7bec417e2cd4e43263540c90d032eb4af7e99241
7827f6d14b7acacffb468d6175c9b18fcebabb25	7827f6d14b7acacffb468d6175c9b18fcebabb25
783a910fd78e06b824a43fcf74cd4341b340a5e8	a047ae9d609ffde8081ebe976d53a90a346a8937
7849f39643d5972fc9f5796384b0d2239e5aefe6	e19991d21e0ad2fd06b288a58db28d6876229c2e
7857dd6febdc0fe2a6946cabf56797640d6fe5df	c9b9df54f19f7ff2bd00770534b7c0aa4660b33a
788944dae0ef223680c9cd52679c1cbb076edec4	788944dae0ef223680c9cd52679c1cbb076edec4
7898df54c68b607b50112b14ae94f136eec885ce	7898df54c68b607b50112b14ae94f136eec885ce
789b734df27085bad877c5dbeb6bffb48fe90a2a	789b734df27085bad877c5dbeb6bffb48fe90a2a
78a21c5814e16b4e4b31f31712bcea88cc4b16f5	78a21c5814e16b4e4b31f31712bcea88cc4b16f5
78a992cc9a0846983a9c895d1c938de88c9a12ec	78a992cc9a0846983a9c895d1c938de88c9a12ec
78c27f74573dad472928e5cbf39a4bb352e7aecc	78c27f74573dad472928e5cbf39a4bb352e7aecc
78e56d2265a15105b9681dbc19ed40ec892efc66	78e56d2265a15105b9681dbc19ed40ec892efc66
78f087f64864377f1bc400b894ae8a91be426b94	78f087f64864377f1bc400b894ae8a91be426b94
78f0d074f99f63a2a832c35352fdd6ba9f76192c	78f0d074f99f63a2a832c35352fdd6ba9f76192c
78f2808550ea4d75af169e6379ff7fc01bcb4ded	78f2808550ea4d75af169e6379ff7fc01bcb4ded
7904448ec6afc16947fcd8a3e0500851fc0b7716	7904448ec6afc16947fcd8a3e0500851fc0b7716
792f04ff1f9309d1ef6a279d3b43968cace29075	56e85fd897911b6faf53d0605c344a8c9125a9d2
792f3d9c3a687bdb5b458d67aa8b11f7611a027a	c706efe66acf00831b18ec27a31bb52c1a8f4783
7937c4069a1d022fb9da972ca99ed21b2dc2d808	31b5d421433a4ddf84bad9e5817ec45c11c21091
7945492a08fca281e793a3eab3e9a6be04634854	7945492a08fca281e793a3eab3e9a6be04634854
7948f68dc0d8f5dc4b3268f1fa5e20a15b9dc3af	bdd7bc4c5f0b5f1ddba4a16653039cbfb77a49d0
795173246f3e5720ca1d4c9002a171a6dbb51d94	b7f8603b43bee6a059f7ac1c27cfe982af393c29
7953e90e0f5a16cb7668bb735e7be59ea7d738da	2919b472fb93ab60ecccad565bf91fb201d052c4
798527b012f7805fafd1977489c97c6aad2cb13f	b5499fb651a23868aab81880e1937ebddce7f7b0
799ca71048b749dedbf94de74ac603d7c1d4bdc6	799ca71048b749dedbf94de74ac603d7c1d4bdc6
79a5f9e1ad4399fc28e9307ab66f59aaaf3d6903	79a5f9e1ad4399fc28e9307ab66f59aaaf3d6903
79bc86d8e8c759a06284676d1b7c7552a4281030	79bc86d8e8c759a06284676d1b7c7552a4281030
7a1b9d9933919e327701c3ed713272a6e1da0348	f7f369defe2f22d4d2a4130dee6cd7a8aee08c8c
7a1f3b8d7ceb014a0ad66fa86d10b664aa5b4145	f8c3bdb5008c4b1b2fc8910f820526517319819e
7a2f3a958e29dabcdc23d57e6fa8009ec712a1c1	7a2f3a958e29dabcdc23d57e6fa8009ec712a1c1
7a314433c6e097a051bfa1f7ae452f636f16a96c	7a314433c6e097a051bfa1f7ae452f636f16a96c
7a4185e4a530f86baf479c95547aeacce777b8ae	3a8d44f8fe6cc56b9c2bb91ec569a1396123cdf6
7a4bf6da2eba74f843f69999c99e7ad12e5cd815	da262fac839cce50477e9170b27e7bf09817e3bb
7a8548fa90c384a52b457e76ce1549512067f83f	5f9329ad14589e0ac576c2fbe3573a928fbdf11c
7aa26fd46440e5f147bf0662d60c39af72180409	7aa26fd46440e5f147bf0662d60c39af72180409
7aa41131b2927ea0bba9302c5d0763a2818cce59	7aa41131b2927ea0bba9302c5d0763a2818cce59
7aa5d2142703674ec7aef238e41826b3335d2c5c	7aa5d2142703674ec7aef238e41826b3335d2c5c
7acc2d4533b497f6c6544c4952df21142a68527e	7acc2d4533b497f6c6544c4952df21142a68527e
7ada5826f1fca09410e4bdf806e5dc0cd9fd9c2d	a0197259ab8ada62954fcccff0b5da2a2ad2564d
7ae842807fb4d2d6f1370ed2ae4c771fc8446d59	7ae842807fb4d2d6f1370ed2ae4c771fc8446d59
7afbbf837b79b184825b3e04818dedd45940e4ba	20fb1790cfcd57063415493870f9ade57ba79ad6
7b111751f1d4eeb5150a83fdccbbbc629572f5a7	7b111751f1d4eeb5150a83fdccbbbc629572f5a7
7b24a38cb1f4b226b2e06d91a9cb6e95d1cc98c8	f306e011dee84c53288896c6e9ff77b790b290b4
7b3bfeb3139b164453180a9ff2cbecf4ea60e6ce	7b3bfeb3139b164453180a9ff2cbecf4ea60e6ce
7b4e7fdc40b8424e301efc60f2411cd56f2d7b64	7b4e7fdc40b8424e301efc60f2411cd56f2d7b64
7b53594fd40d39116b90cb5bd2d7a72e8e921b91	7b53594fd40d39116b90cb5bd2d7a72e8e921b91
7b60726a496893c421d59d8e563e50f091dfc8d6	7b60726a496893c421d59d8e563e50f091dfc8d6
7b78c904b5ea01aee4b6aac96af81a8be330d5d3	7b78c904b5ea01aee4b6aac96af81a8be330d5d3
7b98b7aae3157a29dfd3cfcb177e6a62afac77f5	7b98b7aae3157a29dfd3cfcb177e6a62afac77f5
7b9c13b20dd5c2388c8f698d795388d3891f1664	7b9c13b20dd5c2388c8f698d795388d3891f1664
7bb7cc29f70ca899a5b598f2322ce181daa17ebe	06cdaa135c6c4009f8878aabc985a36466981bad
7bbdb5c68c67de834509561498b74c09d2c6f25b	e1aee94d3455223c36f7fcda85b2d96e66f2784a
7bc0561470968a08c4688926ef2c32ee7bf31659	cbf3f3b663ed9bf330da6acc75f47453e4e0669b
7bc40736594a77694d67a57fdf686b5aabab930f	7bc40736594a77694d67a57fdf686b5aabab930f
7bfd352107c06e3b01167eaa0ff1688205f7dec9	7bfd352107c06e3b01167eaa0ff1688205f7dec9
7c02847c284f76a053c364200eef9f0e7d859eb3	7c02847c284f76a053c364200eef9f0e7d859eb3
7c1a2c45e2e669b9bfe5bf42bf2c04bf9e7beafa	83a27d211d2534aab9b66b8d0c36285fd6b64150
7c26759850391a7fcd098ac1a47be10f5ce8c527	2779bd94f672cb05900ea39b4b7ca69ef8566afe
7c36624583a0fa914d456dd6ad2df5226dfb5213	07eefb027a379a0ca643f0414c9dca1b5c53c0d4
7c5b8034a9270f3aa4bf9054112031e99a7ae569	575d96c723977f8ac0f2f738a5119a5a4c59b85f
7c666ff7ff6960c0e29969c2d103295531e38b1e	7c666ff7ff6960c0e29969c2d103295531e38b1e
7c72a23ceb487254436397cd204d31a914991194	a9748c5892d0638c5cb0eacc45956c526f8c4189
7c9a1c150220a47709e68e58d38529e9cd5f0ca5	7c9a1c150220a47709e68e58d38529e9cd5f0ca5
7ca8196412a01fc5b48cb0b1005868b7f9af8973	85cb1063407665fa6d571ee184f7c2d271118697
7cb479a8058793dc29cbb75bb4ab98b9d6a6f231	25263161eee1cbe58c38b2bf3788dd7c6c64d48a
7cb49ac67b2217b8f75d33aabff2e38277107483	7cb49ac67b2217b8f75d33aabff2e38277107483
7cd198e3dc89ff3c969f9765e281430576e183ca	7cd198e3dc89ff3c969f9765e281430576e183ca
7cd89587d24c7305530c74d45afb8207f3e2ec4b	7cd89587d24c7305530c74d45afb8207f3e2ec4b
7cdaf3f2c2c14d02f4386843e2b9590894dc4abd	d7f20afd7508b0e756b8947beee9c05ee431dac7
7cf107b1bcf397548baa0fc7bc932cea66e81b5d	7cf107b1bcf397548baa0fc7bc932cea66e81b5d
7cffd8a91fad8e1c50bd4df2566c07e4f0791e8f	7cffd8a91fad8e1c50bd4df2566c07e4f0791e8f
7d0538d312846da10b6e1cc243efd786ce1210c2	a2ff4d381708d41254d7534074624736316bef14
7d06ba99593d0de39300b0d6244aea40d3622849	7d06ba99593d0de39300b0d6244aea40d3622849
7d27824fcfb3a6e5b51c7494f26995f09495d753	ea5c7317d1b7db718010ca187fde1f8abdcca983
7d2f88a5aecdb92f1b6bcb21249f7741bfda4dac	2a2a13b37868b9b526ee9841767bcddf153cd9ab
7d327c36cc169b9cbb0937d9a360d9644eadf8dd	7d327c36cc169b9cbb0937d9a360d9644eadf8dd
7d33cfd3123ec26d0d6bae42da3667d879e88a19	7d33cfd3123ec26d0d6bae42da3667d879e88a19
7d45bc2b80b173f9aa151a769840c09a18bea9c3	7d45bc2b80b173f9aa151a769840c09a18bea9c3
7d4f11164861aa0a50cc7771fef7388577f4da0b	7d4f11164861aa0a50cc7771fef7388577f4da0b
7d6e4cfc9dbf94f3077f88966cac28bd9904b8a0	28bfb9b40cb7d0e984e5d0c6d7014b5bafa28c5e
7de617dd87b9e3d6d615a32215826268dadc96cc	009e658bf0b7252d4233d692eb391911fb8a2ff3
7dedea3469941d9f81be8ae31ae564dbf8481ec5	7dedea3469941d9f81be8ae31ae564dbf8481ec5
7df2c823aa0373b5c3ce38167a5b92052516b1fb	7df2c823aa0373b5c3ce38167a5b92052516b1fb
7df8a7a69469e62d8bf58379f8c370a95e63b614	47d699d2a8e6af04d6f4e9244197f1990643b25b
7e218783974f5ba616249fd9583356bb029834f7	8ea65b8e3b3462831367845aec167ce94faab913
7e2310fc6e3dbea2ad21aadaaafe9190496b875a	2fbb4e3571024f33ac313c9109ce63643a5a3ec3
7e299f58c1f0a0a24bae0b7e966f61dfebc3d093	7e299f58c1f0a0a24bae0b7e966f61dfebc3d093
7e35d73534cad19885321d99df89fadc3bb29046	7e35d73534cad19885321d99df89fadc3bb29046
7e3c83e08f1e2d1c84709121bc0cb4e84822ae23	7e3c83e08f1e2d1c84709121bc0cb4e84822ae23
7e4f5b75ac0fdaa429d665edb06a2f6c5e757b60	7e4f5b75ac0fdaa429d665edb06a2f6c5e757b60
7e4f7f2fc339d424375faf53206f6742c44e6ce9	7e4f7f2fc339d424375faf53206f6742c44e6ce9
7e55624baab5747db837290a6e7e00d1c0ca9268	7e55624baab5747db837290a6e7e00d1c0ca9268
7e56bce508e0ec74e9d74a61e0250f2dc200bb2f	7e56bce508e0ec74e9d74a61e0250f2dc200bb2f
7e9cc35ef448731da1567fc79789468a86088a31	7e9cc35ef448731da1567fc79789468a86088a31
7ea710405d138bf5df5a1ef44a74eb32f90e939b	7ea710405d138bf5df5a1ef44a74eb32f90e939b
7ea99e1f6a4eacefbf01a1cbd1c5d9a311a8dac5	7ea99e1f6a4eacefbf01a1cbd1c5d9a311a8dac5
7eb7d217c0fc506526249b1c7c34e8bd5b040847	7eb7d217c0fc506526249b1c7c34e8bd5b040847
7ebb82c1648ae45d85d65193832135c4bf9c93d9	7fb8d7540a93dd50e01f1157e8de555d570e97f6
7eeffb087a6c4971177fff242f8cb6898de426c3	7eeffb087a6c4971177fff242f8cb6898de426c3
7f005ebc212e9db1956d1031f0174436aafcf981	7f005ebc212e9db1956d1031f0174436aafcf981
7f133cb731a54c1c0ee93724c917e8e592fb96b0	f415049bf5cdada86442fc78a2eb880ff2be2b9c
7f167c5173e46244b3eb7565e5402080b0e11bec	7f167c5173e46244b3eb7565e5402080b0e11bec
7f19a1c48882ba0002dc2ed8d14a8532eff3b0a0	7f19a1c48882ba0002dc2ed8d14a8532eff3b0a0
7f32a80cd812d0ab2a5259113005f8255ee954e9	7f32a80cd812d0ab2a5259113005f8255ee954e9
7f54ab31108ba4ed0f60a1f430df52d40b49d14f	7f54ab31108ba4ed0f60a1f430df52d40b49d14f
7f68f1fdd71225e889eb01e74622420fb288ba64	299218acafcaf469007d98420407f9707f283989
7f79a56f4ae2c9f27aa2115edc235254fb2bc905	7f79a56f4ae2c9f27aa2115edc235254fb2bc905
7f8d4a9d48e8bb900ec51abb577990992637f5d4	7f8d4a9d48e8bb900ec51abb577990992637f5d4
7f8ef16efc4dd12cb1dd00f2cafbd9a8023ef27f	7f8ef16efc4dd12cb1dd00f2cafbd9a8023ef27f
7f966fe7da39df1b12982270c31821f87c4b3512	7f966fe7da39df1b12982270c31821f87c4b3512
7f9f5bba1f5ee07977f4263da9a37b6828d41b90	7f9f5bba1f5ee07977f4263da9a37b6828d41b90
7fac8aab683de710943d02ba6828916d5c9da40b	7fac8aab683de710943d02ba6828916d5c9da40b
7fb0840612e96cbc375e12cb8a051d19c7d28383	7fb0840612e96cbc375e12cb8a051d19c7d28383
8016aaf5b4f54ba3a76bd6e37dd68d84906865aa	8016aaf5b4f54ba3a76bd6e37dd68d84906865aa
8018e24c7824ef77ae299cfe42b1572cc35cdf97	8018e24c7824ef77ae299cfe42b1572cc35cdf97
803a258ba984b165218a6a2e1c6cfc30680b424c	803a258ba984b165218a6a2e1c6cfc30680b424c
8043135d3ef2166093943dbb7e27958c1c24450f	8043135d3ef2166093943dbb7e27958c1c24450f
8054156906eb5a4a0c4e0bb86c1057fccd9968a4	8054156906eb5a4a0c4e0bb86c1057fccd9968a4
806da48de37e235019c31a854825cd0151bb6b4f	3f14504ce60841880670c76c882d940dcf6373e8
8070d4fcd94f013fea44cad20965aa293e59e088	62ec56a4a8a515678bb023837deaa3742588c2f4
8076542219e71e0e8662cba07ec310b32ccf7110	8076542219e71e0e8662cba07ec310b32ccf7110
8086617591a9851bb910b15a0106e0b26631a610	8086617591a9851bb910b15a0106e0b26631a610
80c63b95769705de580c77559aa4f28a7c28da40	db17c630be88e2c0daf303813ba46ae1810a5a90
80c969f3caefb78a99d8313ff381ca7904bab878	80c969f3caefb78a99d8313ff381ca7904bab878
80db6595f66bc75ca3b605347ba07561ced02fc9	80db6595f66bc75ca3b605347ba07561ced02fc9
80dd6e85b1030d6c5a8dbfdcd74f259555339a1b	80dd6e85b1030d6c5a8dbfdcd74f259555339a1b
80e8498ae9a5f154da7777fc1d664ea9a0258c2e	058b6042fd044abb7c03f587c8fc3a485917c0a2
80f89c5b01eb3587f565bdbcc8de9617a51d2523	80f89c5b01eb3587f565bdbcc8de9617a51d2523
8101d9c9406b0e600db5b60213b5b2e50ce3c2a4	8101d9c9406b0e600db5b60213b5b2e50ce3c2a4
811a24c73cc0ea7a4fda6ef799f256b080e789cd	811a24c73cc0ea7a4fda6ef799f256b080e789cd
812419871e9e526fda4b3aa416d2884effab5674	812419871e9e526fda4b3aa416d2884effab5674
812b26f5c4b59a60a1a33b2a9877bf6ca629878a	812b26f5c4b59a60a1a33b2a9877bf6ca629878a
813b42c7a8f8067e78cfc4d67602b097bff8cb83	63610bc2f605b3d77474a0ed9623f923bb67cf3a
814ef2edd1b6aa66499145e1a9109d05f5fb0d89	77b7a7f758f82be9f485e13dcd75eb96dc53b3d4
815265835af10a4e2a38aa99fd0e9f0602107e01	815265835af10a4e2a38aa99fd0e9f0602107e01
815627239cad9dfbf02c9659a373e2548ee3ee6c	815627239cad9dfbf02c9659a373e2548ee3ee6c
81578aa61bde3787b2523abc08f068c3567d66a5	81578aa61bde3787b2523abc08f068c3567d66a5
81828d9611d7c0af9607bcbd4e8f6b9878dbca06	81828d9611d7c0af9607bcbd4e8f6b9878dbca06
8183a11e9914805370a77a5ed49ef626667420ee	8183a11e9914805370a77a5ed49ef626667420ee
81a8b0a67eb6ddc73c25984f36216fbf5ab0635d	31867d162b680f44db638a34d292c141130209b9
81c30e1bf44cb89ba374ec65cce5c5861aaa66b6	81c30e1bf44cb89ba374ec65cce5c5861aaa66b6
81d23c807db0020e09036cfc87a575dffc210b63	81d23c807db0020e09036cfc87a575dffc210b63
81e67d14791158f8a666278f7f4ce8ef343a5311	81e67d14791158f8a666278f7f4ce8ef343a5311
81f05abffe81b30b3f7f40fa3c10f3b1b6ee2c2e	135e0c0c563c9ba391bfde59d779bccc658f5fbb
81ff5bf475de7a103d220e35a8541dc0236f2b59	667c73d27820a948de20e0afe75a581743ffdf10
820d1b3bfa9c5d03e29d1af3cd9878121ad3dc6d	820d1b3bfa9c5d03e29d1af3cd9878121ad3dc6d
82128c4667e21278134441d694153055ff846be4	c754e215eef2034daeedea74c5b8f1f16fcc3658
821b2f33fc795a8a44ff604d494b96be6668dd75	821b2f33fc795a8a44ff604d494b96be6668dd75
821cc27f736b128df1645e21be6161414c24289e	821cc27f736b128df1645e21be6161414c24289e
824b8ea278c76fe65b0943f21cdfc8754adaaf67	824b8ea278c76fe65b0943f21cdfc8754adaaf67
82512b8bad93099da941d79f7726e517f1cb1e90	2a769a3b70c2d1bf1857e2b2cf4fdfa944ad5859
825ff66b8eec996fc7faf7e4843086a36b1ac2ad	825ff66b8eec996fc7faf7e4843086a36b1ac2ad
82a46365e70e98536aa5f20cae1f923db453b07f	82a46365e70e98536aa5f20cae1f923db453b07f
82b5255a5a0514eda70dd9c39d7297c61f32305d	82b5255a5a0514eda70dd9c39d7297c61f32305d
82b6d94478e1fc99879dd26706fae0e98d22938a	82b6d94478e1fc99879dd26706fae0e98d22938a
82ccd79783c6d95f86238eadcf51fe143e749f7b	82ccd79783c6d95f86238eadcf51fe143e749f7b
82da70b74b99ba222557776da813abbed8941d67	82da70b74b99ba222557776da813abbed8941d67
82eb380b00b609f089d819a46dcc173bed0335f2	a3803b73a83711c18ec5b634f8dce8cf33265516
82f99688049abd9f477c59560afd62b023b72256	82f99688049abd9f477c59560afd62b023b72256
830164f5f73d290a47317d4d57937696b8ed573c	752ac1f49b32a181d1738739cb2463209cd6d0cf
8303e124110704b457163476f93889047f477755	8303e124110704b457163476f93889047f477755
830c7e5984d3ed46a4d9a86110cbb02fae73934e	614886201c4c991b584383fb9ddb05a0d93825a5
8321207cf5f15baa0b70f9394ed6d3ae30135206	312a2d17007b4dc61281f942b4a02ac0b2f46298
83566ed379fe8d0ddc823418feced3c388e61e98	83566ed379fe8d0ddc823418feced3c388e61e98
8362f7af2fab2ceb54ba6894e2fcccfa5412d165	8362f7af2fab2ceb54ba6894e2fcccfa5412d165
838714d9c1e43d240389c397fc9beffb306656e3	838714d9c1e43d240389c397fc9beffb306656e3
838b7fa6603d4b40721b1e1849a562b146fb1b91	838b7fa6603d4b40721b1e1849a562b146fb1b91
83a14e943826cdbb352919385b76513abe035f56	fefe9b405848fd506c9d52394b412c3c1a13478c
83adc5b4586578f2624068d75a5dddda5dee0239	16063027e7f2b07fed5cf55e72b2ac7fb76821a5
83d27e40f1c099671c0cdf49bdc5cfc169570a9a	83d27e40f1c099671c0cdf49bdc5cfc169570a9a
83eeb5ef4b19e79015092a672df83ba24e814224	650eb1f51e365c0e8055f3fc0c2230c1cec39170
83f4a0f289d1d64a732aef0e286663f6eab0a6ba	83f4a0f289d1d64a732aef0e286663f6eab0a6ba
83f881a09cc140d0315c89141569e14a3fb44275	c4c41360161a8b02e1b11fed5126d2610671b2c7
841203d494bfd23556d753ed30b6fa8937f060ca	841203d494bfd23556d753ed30b6fa8937f060ca
841d3702c35dc9e5244cc82d4f0b38afe4baf5d5	f627599c08340d087b1c794b173e2a8ccf1f7f1d
841d7241de9e2b17e1be0d56b97212c5dd58c472	14397101b22e3c4f6b919dd16c1cf87c9adef880
842b5bf6b3d2528636983f08f49802ecae1ff054	842b5bf6b3d2528636983f08f49802ecae1ff054
845c9b0c50ebd68daac935756e1058ae1b68afa3	845c9b0c50ebd68daac935756e1058ae1b68afa3
8467242bab735e9972aa8b7a63b808df7ee9b59f	8467242bab735e9972aa8b7a63b808df7ee9b59f
8489ae48c5abd9b582549e675162343f0e3633cb	8489ae48c5abd9b582549e675162343f0e3633cb
848ffd4b91b18431743474118b35de6a7253f916	848ffd4b91b18431743474118b35de6a7253f916
84ca1710244e09be42d477574052068740bb488d	84ca1710244e09be42d477574052068740bb488d
84e021d23979f935cc962cdab0fd9b424052fcc4	b5ee7497935a6e312ab2737ea14070b6c0e13410
84e59397074b152f5ceda6d9802cb367683b59d9	27790a0a17ea1cfe9ca9244dd33d49a746eefdde
84eb7248d461d59f157ca078786e87046efd56d4	84eb7248d461d59f157ca078786e87046efd56d4
84f52f60415f6cef21bab83377e74d9459df546e	73c55860c193bae3754b954e8f1c9cbe79563552
84ff0cd306d40b8b997512b3615fb08ab8ccf2e6	3838dc6de9bc6c7ba236861fe243025333ddac18
8512d3aa4464c5f4e6aa115ef6c3ce2bab951472	a5a6ab6c6ebc77156ca5faa77a54124be581c09a
852be3364164c922641e128f1b1ee43a7c5506a1	852be3364164c922641e128f1b1ee43a7c5506a1
852d15f7553f999295b7ab873195c6d328390558	852d15f7553f999295b7ab873195c6d328390558
854ac8903788531b3fd9d8d20d2c3fb2764caafe	854ac8903788531b3fd9d8d20d2c3fb2764caafe
85608b8319191b423bed56613c75c6cf8b9b0e5b	85608b8319191b423bed56613c75c6cf8b9b0e5b
857359e370d4662fbd4eae036b39636554d0f727	56b56b5f66ff640eec8e40e14abfc50da5ee1c59
857677871faf9777a4a2e294a6b0db3209c1a784	857677871faf9777a4a2e294a6b0db3209c1a784
857ef9cee528e4b2ed810dafc1eff4d6fdc2899b	857ef9cee528e4b2ed810dafc1eff4d6fdc2899b
85ac8d2a78e9910872e43523ea7acc4c2e681e69	8c431d54feb322b2a68e9f45c4c760347114a0bc
85de7e653dc2473cf301d886c52757d17bae743e	85de7e653dc2473cf301d886c52757d17bae743e
85e04c8114bd24be43ec9cc9998f9b19ce5443a7	85e04c8114bd24be43ec9cc9998f9b19ce5443a7
85f735412051ddc57e72d3952eb0256d5e795aa8	85f735412051ddc57e72d3952eb0256d5e795aa8
861cd03ea2e5127210f5878a27a62c66463bddd0	861cd03ea2e5127210f5878a27a62c66463bddd0
861f230586032ab2b836bc3046f9b6e2aa542990	cfb158ec3a26d9a9e2e7aaeb68f73a5f609ced3e
862a7769a5c3b53889aea9b85015055a6447b9f1	862a7769a5c3b53889aea9b85015055a6447b9f1
8642b1a4c2096f5f70555855babee1cf4e17b636	8642b1a4c2096f5f70555855babee1cf4e17b636
864f1f992d0b37286ca681bbbfd89520cc122189	864f1f992d0b37286ca681bbbfd89520cc122189
86937e3438f8670cdefb4c6767842bb4018d3ebf	f210a526640090457bb992489e771ecbf324e024
86c1a683c5b2a3e508b8e9b9e28f692cd8fcd9d4	86c1a683c5b2a3e508b8e9b9e28f692cd8fcd9d4
86eb79cfd15d25f2481344cc024f24af20b40136	c55bbd019d004fb01f6a4b50032cc6a11d900922
86f2d2ddf83dc0665c83267fa444219030a95589	86f2d2ddf83dc0665c83267fa444219030a95589
86ff31fbc4e9dfed222c7765007a262fa2fac184	e71726ca4a52c215ff36696dc77ceb590896b287
870aef12947bde533bda6739e598bfb9f631d69b	e36d6db7be2205f87ceaed66c7375c02a5313225
871db12184832741fcc9509635fbe22941e80fba	871db12184832741fcc9509635fbe22941e80fba
8729ac207ebb0a66d83da07f8658917bdb74ce58	3029cdc3d100a78fe89bc7d119fe40cb620aa339
875a6ef41bde871cb78d2c54d3f9f9e914444014	875a6ef41bde871cb78d2c54d3f9f9e914444014
877f58ec0484d385ebe2081d4461530f1342d005	877f58ec0484d385ebe2081d4461530f1342d005
87aff89d70a2b893543255adeb747e7aac0d175f	87aff89d70a2b893543255adeb747e7aac0d175f
87bb4529913895911218090140477594d640530b	87bb4529913895911218090140477594d640530b
87c899f0406532488767ec63e4c72e998895d82a	87c899f0406532488767ec63e4c72e998895d82a
87d4610f0e4ea47f34222f9748a0430288b91346	87d4610f0e4ea47f34222f9748a0430288b91346
87e5490ec89bb53ba0bd6c4417b2580a7b6e2080	87e5490ec89bb53ba0bd6c4417b2580a7b6e2080
87ea900e05cfa87cad2ae7a9160e9f7226099e8a	87ea900e05cfa87cad2ae7a9160e9f7226099e8a
87f316c018c090b73a81f27f8a498d7c073294b7	dc166427c2e021c842702316d4f43413c2999927
882978045053643c96871fb2b585484eecc9709b	882978045053643c96871fb2b585484eecc9709b
882b8daf1d7bba25c02efa6148a45f3baba593ca	0e234251dd8adf6efc9171cef06c04ccc55d518b
8830b9a7f8df6e44aef91054d0f6f0764221f1fd	8830b9a7f8df6e44aef91054d0f6f0764221f1fd
8835047c4b0277da8b201b502da5635c19064489	8835047c4b0277da8b201b502da5635c19064489
883b0185b1b044ff6a94a7690cb85253fc7c82e5	9931b8e95d6cdace56acc5c420a3f93208357fea
8849930795f3b529e70d39f14cb74051a8908365	8849930795f3b529e70d39f14cb74051a8908365
884b333d3660bee3314957b60044e2df545469cd	12b002f61d44c2f27f335da9289d5b033edd0e5f
884c06973ad4326fecfa59eedaa9854180f4f313	b9989fdc37814122f795449d95439777f0fffaa5
885c2a2d19065e37bfba492c0e6b75b17f30ed06	8be65b163b19093c8b12c7b96338b2480202f62f
8861f7609715b7915d7a316fed04b4815b8e2ede	8861f7609715b7915d7a316fed04b4815b8e2ede
8862485b22ee29cb0f4dbcc3c062e4aa4dd289fc	8862485b22ee29cb0f4dbcc3c062e4aa4dd289fc
88681339f09e32c775e40bed9ad15e8d7526ca11	88681339f09e32c775e40bed9ad15e8d7526ca11
88713b5970a0a88e92e4a947e851302ecafed1fb	88713b5970a0a88e92e4a947e851302ecafed1fb
88a3487290abfc1b8ff7ed56a67d46c47d343a72	88a3487290abfc1b8ff7ed56a67d46c47d343a72
88c67209c3ef4deb62ef5f5e418e41abd2d9c1c4	88c67209c3ef4deb62ef5f5e418e41abd2d9c1c4
88f0512ebee0881d76e00d7792cb0f52bfcb4a1c	0739be879e116220d0048e700b35f0a311963f7b
891138100ff8754417bebd053ada8c616c7e9393	891138100ff8754417bebd053ada8c616c7e9393
892dc0b6dd052e10f821b1bc2cabebe8a136c20a	500d288eb26e3411ce292f280e9cbc028eb5d85c
89509a31e49266533068ca8b21229dcb439a9ffd	42f2240b052959d0b08a8aae8cdc27aea00c3e23
897ac78f0bdad8da294bd012b91b67e88f2a8b19	897ac78f0bdad8da294bd012b91b67e88f2a8b19
899b4098731fbd570c7a46d9a6353f0b95889b2a	b8515d06a0c79d180f6b9a2548b189e4757eff49
89b95de6c088d4dd1d57aae3ad679574a0e608f0	cba6216f686cd328a945fb1c312e1277e87faaf2
89beeb5c75ebe10e40ada0d9e95d421e9f6cfed3	89beeb5c75ebe10e40ada0d9e95d421e9f6cfed3
89d7101b44aed5f4ebfd2baa24d8993b09a37573	89d7101b44aed5f4ebfd2baa24d8993b09a37573
89e70df1a54f0614b8f5795fd35519cc89115013	89e70df1a54f0614b8f5795fd35519cc89115013
8a01f34d663471aeed4b4cd7f57ba3563dc3d9a4	d5dc6931f073e6351cb85e4ae19b510b78a58df7
8a0ea7d17fe5ed7655c8847edc8d83071dbf1350	8a0ea7d17fe5ed7655c8847edc8d83071dbf1350
8a0fc9c3ef06dfe74a88470250cbc2f4ae2ab37b	8a0fc9c3ef06dfe74a88470250cbc2f4ae2ab37b
8a15235eecc06aeb2b6042c87a2eb7b32e6a5260	8a15235eecc06aeb2b6042c87a2eb7b32e6a5260
8a1980b63f24adeb7f5e352944c27cd7deb3fe42	8a1980b63f24adeb7f5e352944c27cd7deb3fe42
8a2d4c5c39ed9afc493a931a7e81de7feca766e5	8a2d4c5c39ed9afc493a931a7e81de7feca766e5
8a39d5742041dd88d4b7cb1f35a23ceac011020d	8a39d5742041dd88d4b7cb1f35a23ceac011020d
8a600ce0913af63d96a381a2953770be56dc20ce	ccd0da5a56ead80be7bca9dec6a03962a31b5ebf
8a6a0dac653c772a8fba0ccbcaaa7b7cb48f5df6	8a6a0dac653c772a8fba0ccbcaaa7b7cb48f5df6
8a6d3ec3437ebf2207f3fe43a055234eeaf77bf4	8a6d3ec3437ebf2207f3fe43a055234eeaf77bf4
8aca8c1afad5fc64df6ca5178d45867c0d6e4dfd	c9e72e327d748c7f1ea0d6b009095510669f34c2
8ad8fbbd71abc414db847d1d81a2a96b60a22cc6	8ad8fbbd71abc414db847d1d81a2a96b60a22cc6
8af5c262ec4a538b8685a2c77e57a743dfe248dd	69d96685740d2bfb7b317965531d20aea9f263d6
8affab0fe38d8af74c6fbbcbf6d07e8f630c5a8d	8affab0fe38d8af74c6fbbcbf6d07e8f630c5a8d
8b20e608765d2ef134a6249a2ebf0bccd400361f	1d0364ba7e6ca584f3fb401db06376743938912c
8b2f840eaae74cb859a8d3b787648f9673293285	8b2f840eaae74cb859a8d3b787648f9673293285
8b468771823f3d47d8298ab5a6ec0f7a403c6642	c378e08f1ef71456b52b31450da526e76448890a
8b6e333284a698cc21b92c298af150b6899a5183	5a39eafde029fdd8bfb551c09b14983ee663dd76
8bd65a722d47d611384f242793bc9ee8df460b74	9daa1d8d13ead3b5169e3d35013b7603f6cd9567
8c0f4c104a1633dec36f54a1367275e478d8930c	8c0f4c104a1633dec36f54a1367275e478d8930c
8c47e994594d999da575329949e007534e3fcc15	90ae29b7bc08c2d7215c18e718f74b6b8f3d3195
8c488ead1081c66fc0bc73f2c9d097da0696c484	8c488ead1081c66fc0bc73f2c9d097da0696c484
8c6463e448594db0e74c41b8d0ab56b679c142bc	8c6463e448594db0e74c41b8d0ab56b679c142bc
8c64f884a2dfc21deeda0217fe58ccc833261516	a546b48fd2d412e871e657fc1fd2d6fa3ffe1ab7
8c8720d153db173679393c6abcf1127e8aaa0692	8c8720d153db173679393c6abcf1127e8aaa0692
8c8ac7383d7e04defebaf803fc6a8fa7328cc879	45f3e932134716c7c797ccae6b9d1585237968ee
8c90e634e757c7b4761d7db7d4a3c62d0a4a10fc	8c90e634e757c7b4761d7db7d4a3c62d0a4a10fc
8c95277374060e3b15d21bca2bfba72babe5f8f1	283763320f5df99d4e68d9f1ac45676b9f7674d6
8c9daaea6a2ac597514176a4bc2e2fc7f71352b4	8c9daaea6a2ac597514176a4bc2e2fc7f71352b4
8c9ee301e6fabcc02105be0eb2b4f2ad30ba81a7	17a83eb1f05d4e5412b161266a7e91ca380e2cc7
8c9f638acbc777e9ad441c91da5743150c816e1d	09a3afd0283b03b2f34a3e8caf1a4e83e44bb881
8ca5ce73bb35aea37c8a0d8adc4480235a2c2a00	8ca5ce73bb35aea37c8a0d8adc4480235a2c2a00
8ca692392acf2a158b183a3302e692439d08fc8f	8ca692392acf2a158b183a3302e692439d08fc8f
8cbd46424c1085fac61439120717484ad4d675c3	8cbd46424c1085fac61439120717484ad4d675c3
8ccedc0fb1b955ecc460c3d6917944858e9c99be	49696b4f594ac4807ba98b908e1444432fb25d61
8cd9210eb547184de5025676c45be88297d6d45b	8cd9210eb547184de5025676c45be88297d6d45b
8cf456ff35ae41335a7ba65d88eb9311d4d2d1fd	2c3c091cb679ba5b7d4d903b051a1a7136171036
8cf85597d866c6d9cd0b75c75a24f86d73ca65a1	4c41219469700dd954745e1bdd8b8b7f7d63bf36
8d0ee168b4a75f7f999da26d07f8d28d53355646	210324da96b747e99eb2a3756eb9262938fbb2f0
8d26caea51c4afda241be9b0de07d6a3c7345c93	d60e65731df3a8206622130e993dc3678f722ead
8d431a72100208f02aa27efa3898b6e7a97a7740	8d431a72100208f02aa27efa3898b6e7a97a7740
8d44cc6f338aab87e0135cd92a504fa551b8a665	8d44cc6f338aab87e0135cd92a504fa551b8a665
8d6c3368e9836bdc1ebafad9f31cb8df3b997527	8d6c3368e9836bdc1ebafad9f31cb8df3b997527
8d73b0a3d830fb0f793e4bfd56ad2185c2584d20	8d73b0a3d830fb0f793e4bfd56ad2185c2584d20
8d7e9fb7ae4c7513e2486b9b4e3047a22bc20b3e	8d7e9fb7ae4c7513e2486b9b4e3047a22bc20b3e
8d8d94e7949cde1c5529f01d88ef3623f87cdc65	e37254a65c7113a7d583b0d720c49fcf961b4935
8da8ff2c64f1f6f8f32811b1d1dc540b9b573d63	8da8ff2c64f1f6f8f32811b1d1dc540b9b573d63
8db54bffe15bbd910805744dbcfb9dab93161c43	e854f019c12ef8d5f1b3bf658ecfb1a5a96c9fc7
8e0d2e785cd814bc4b2698d5912ec6a7e29bf149	8e0d2e785cd814bc4b2698d5912ec6a7e29bf149
8e1f1fc2438d6536bfbb5c31269ee85d65b7de89	8e1f1fc2438d6536bfbb5c31269ee85d65b7de89
8e446d653b67cfb5ffec14528fac85f442cc7210	d8b954e0cb03f29f39521ffa15e8a4547a80e4c7
8e4d92669408c6170fbbc6c6a04ca4cc144369e2	8e4d92669408c6170fbbc6c6a04ca4cc144369e2
8e73dba45127adf5ef8bbfdbceda45c775d7a295	5bd0485ac4651b6117597a65f137b09209349346
8e939016b1e817d9fbe736b5d7c4338ae6a5a3ed	8e939016b1e817d9fbe736b5d7c4338ae6a5a3ed
8ea56d8554a52e9ff894f09fdcca83a57bd2c8f7	29d1912bbf235b8d6ad2cc3125e08873311a71e6
8ea9c68d1285d0b89371be1dc0faba38161088d5	8ea9c68d1285d0b89371be1dc0faba38161088d5
8ebdb8ba137ff5d68a7628bf2d2b583c8daffdea	ebaa43c54e09ce50ada9a37693a3e0f014efe4ed
8ebf7fae14bcd1136ae3e9f1c2bfbed05b00da6c	d2d69d045fc431418f92c12f9a75fde0b34f3408
8ee85f721c6f7d20db3d318501563ddf6b3813de	8ee85f721c6f7d20db3d318501563ddf6b3813de
8ef04a605b766efc7f3fc06a4bb2346aa34fb83d	a10ea98b1617adf78231af0c470f8389daf50a2e
8ef8994aadab95a167095db04842aff3e6994c0d	8ef8994aadab95a167095db04842aff3e6994c0d
8f071db6f4d9013a11dfe156788c6e0e88f9b8f0	8f071db6f4d9013a11dfe156788c6e0e88f9b8f0
8f2c1353d2db5b1b7112041226849d9f703f53cb	8f2c1353d2db5b1b7112041226849d9f703f53cb
8f2f9be7000dce616121a2cd61d883f2f83a4025	8f2f9be7000dce616121a2cd61d883f2f83a4025
8f31214c6eb842ff64abea4878b4cf82f093b442	8f31214c6eb842ff64abea4878b4cf82f093b442
8f3d76c79e829d85fc5491ec471014dadc3b8a58	8f3d76c79e829d85fc5491ec471014dadc3b8a58
8f407c787fde074b45f7138cc3df6c61b7bf0e4d	160da2b57c3e2b6b98ec94350ac956aea8ba37ca
8f55b4ec759e1bff2b36f513918b77acb5e78736	c796ca411c2c2b4af37bbf490e7b99355547dfc5
8f63dfb41dad121c682eb1d9640be931f5af874e	896e33bfe34b00605d2c1636f687f1025af0cd22
8f73e60571f3864d382a7c57c0fa171c193507cc	8f73e60571f3864d382a7c57c0fa171c193507cc
8fa8e1eb9633bf97ba012f524e3b6178a42dde96	8fa8e1eb9633bf97ba012f524e3b6178a42dde96
8fafaa93768b8573661cccb353587732ab1e1ed6	6cf190470c15c5185f0edaf19e50d2327e6669fc
8fb1bfaee69ad7680f5e0ddbb3f390a478cafb63	8fb1bfaee69ad7680f5e0ddbb3f390a478cafb63
8fdca2dc5aceb36730ec8ceeceee274e5c6f15b4	8496618e3de6661a7697784fced962436ab3d109
8fe72c30eeb17fdf33dfefb1c2985bb64bfbec0e	8a4db1b534dbb2eefac8f3ce5de9f1cb872df12a
90027051adb88db2de7a6770ddf327890c268ab5	8b3e9b8b1f841cb6e8f78797df3ddd02b3ddede3
900c48d21c6ce43bfbb6a4db27d2993223f93b37	900c48d21c6ce43bfbb6a4db27d2993223f93b37
9015f8f289b655e26bb17783f0fdf209d6557a77	814fffa931ec0e794e16daa0623a0c5620c1bc61
9046e98cb45dafb5c48b7ba0c7f93ca469f2bc99	beaf306457424e3cff3420e485b2caf27c358445
904e2108c31ed4c983e4769845456e5f11678f74	904e2108c31ed4c983e4769845456e5f11678f74
905220a2538cdb6cb5f02e5a4a9009c7a4b21b37	905220a2538cdb6cb5f02e5a4a9009c7a4b21b37
9075865f4fd7081f844a49f97faeec3ff4118e43	96e789c5149b1447a996e7ba1b95801902d954fb
908ab526207833aee5af25a46eff22cb753ead9c	158daf99f836f0e413fe02f7d8a4c52f48ba84b1
90915c85cfc1ea27584f1c63dbbb46041b881c5c	90915c85cfc1ea27584f1c63dbbb46041b881c5c
9096485380e87377ad35b528727bd8e334f4deab	c240d11d8e2a5f35a20010cbb38ba717078c0bd8
909dbf0846598cd04bc6057cba3320ced649583b	909dbf0846598cd04bc6057cba3320ced649583b
90b6a1812d774463318b143d46c62c3ba244c5cb	62387f89cab3dcab2a6b749d71420285516b357c
90b9d74b48eb00ea80f5e65f65c141430a5a0998	90b9d74b48eb00ea80f5e65f65c141430a5a0998
90bf46e2eee058e1c1a9220ee0e42b0fa4acb14f	90bf46e2eee058e1c1a9220ee0e42b0fa4acb14f
90c8e04c16403d5424bc5d3afc800a8c5630163b	be99b9abc352d67d8c3b84ef0f051d73fac7783a
90d994b3958801feedd5c1b5dc1c970af2d90003	90d994b3958801feedd5c1b5dc1c970af2d90003
90e228d2244c99009f0092fff6e3b6430bb36639	90e228d2244c99009f0092fff6e3b6430bb36639
90e953e1676db5326cba6b5177dd4a3ccbe298ac	90e953e1676db5326cba6b5177dd4a3ccbe298ac
90f24c75945a9a4aea57f6e8939a0d6bfb3ec4f1	90f24c75945a9a4aea57f6e8939a0d6bfb3ec4f1
90f8da69c933a19994b2d74a1b641f8e7d1d4c46	90f8da69c933a19994b2d74a1b641f8e7d1d4c46
9112b21b54bb0e8b5909bed9c6916d98b0082ab7	2a358238655b096b698b6520da0c8ec792b867e0
91176f06f09a03b93581cc87686ccbfe392df262	91176f06f09a03b93581cc87686ccbfe392df262
911ce00ea34bc677dee22a5b4d69fc73603c43a8	911ce00ea34bc677dee22a5b4d69fc73603c43a8
911d69a28a2a633c82335ef378d0784875757000	1d47ea8df37e22caf4cced7093d1a8c182eac747
91207a11f707dea65984d9dcdaacdee454d28f4c	91207a11f707dea65984d9dcdaacdee454d28f4c
9131f7fe7ca3777f649b506173a46f0be8acc145	9131f7fe7ca3777f649b506173a46f0be8acc145
913dc0ec1ff5a8b7c85249a17d9475d161d6ad6f	913dc0ec1ff5a8b7c85249a17d9475d161d6ad6f
9157e2bacf109290328261a8adc8c8c25b972a50	9157e2bacf109290328261a8adc8c8c25b972a50
9164d3efeba4f5c4f1ef2b46c9026fd01f44d9b5	9164d3efeba4f5c4f1ef2b46c9026fd01f44d9b5
918a84110b1645595c78d4607329e79ed32274f1	918a84110b1645595c78d4607329e79ed32274f1
918e7ca4b69d7e04356f1e5738144304e2214441	cb0b7aea0fce09772c5fc80d3cbb92f73ceeb6b9
91afefc94a84c5eb0b5e902b26de8ee8189593b5	bf1688d3a14f04e55d694d61bdef2f9272ac845c
91ca6315e1cc76e1cc760ffd801829794286f33b	91ca6315e1cc76e1cc760ffd801829794286f33b
91e4c7f7e4be0c028544a93ff065b5d18ec2bc66	91e4c7f7e4be0c028544a93ff065b5d18ec2bc66
92104cdebafb5cc2631fe0084375f4f6e1dd3492	673fafc317ae11fc4911b03bb0f3bc5c8e9d77b8
9223ead9502db06371442c398738991460bbe489	9223ead9502db06371442c398738991460bbe489
9227648961ca30e07c4f4a63418efea65c800854	9227648961ca30e07c4f4a63418efea65c800854
9233755418f4a7866b42305c03622f56db519f25	9233755418f4a7866b42305c03622f56db519f25
92524a88fb89ff1564a752d93e9b0b1e2a453cf2	b8f6e5d20769f071636d0cb7caec2a4b48a3e1bf
9254b0e02931d77f9cc393f98541fd568add6dc0	9254b0e02931d77f9cc393f98541fd568add6dc0
9264b07b9578c8a30081ed2f56ecdabeed10319e	9264b07b9578c8a30081ed2f56ecdabeed10319e
926a81c485f511fb5694fa1165b2aa4c17d45819	926a81c485f511fb5694fa1165b2aa4c17d45819
926c128f55b1c03b091a19b3493f71be99ab8d73	6921bb588b5d138ce470dfa825a49a20dfc6b5cf
927d5bbf00667914bdbd4560f51e2fb541ebc189	a5796e5f767aee3b9f9b01a2a449fefba2fba69c
929d01e05ad3b813b5d0252306c8d0c6b9e4fe8a	7329ef281ca429f17fc6f45a199eb2f6b80fdc99
929e06eace1c9c4fd303222755982a51c0c056c7	929e06eace1c9c4fd303222755982a51c0c056c7
92bd88381968de5fa5bfd1cab60c3b64f02abda2	92bd88381968de5fa5bfd1cab60c3b64f02abda2
92e313c896624b0f20eec80eb6ef0159dd173a9d	92e313c896624b0f20eec80eb6ef0159dd173a9d
92f51f7e8cf389b8ecf8f0ba05d616aae3c995c5	ac8eb064f18ab94ed1184af36e3640dcbe6d5606
931ff295fdbd848f25344cd0ef25d1e6528816c5	931ff295fdbd848f25344cd0ef25d1e6528816c5
934a48929fd86f17d8b4689b1673dedaa5c27de0	934a48929fd86f17d8b4689b1673dedaa5c27de0
93575c673f398012c6fe64b967b8a8b12eac05e2	279757daf78e625aefe2bb1c8707eb88f99fe32c
936747b947d19602276bfba9f46896b7234da93b	b3addf64b8a04fe1aca44ee928d0613f0ba89832
936ede10f04c370bf2322ee70833f9e0f29b7a44	d067f94e4b2b309dea5f39de7c53d5cc19ade978
936f7f9c25da1a89718342f1b586095f1b49de0a	936f7f9c25da1a89718342f1b586095f1b49de0a
93a44d14c7b272da5766a5aabad28f491edc79b0	93a44d14c7b272da5766a5aabad28f491edc79b0
93ad444990fb856a6006ba4793b96a9c1a53625d	84330b119565848b059f2d1453645814a11c26cc
93add209d3172db6c52e876a1d28ad1821cf150a	9e1e62ee965f0f30f750beb56057380694b3611c
93bbfc6056ea19ff059b4f0e41a259c3309e779d	93bbfc6056ea19ff059b4f0e41a259c3309e779d
93bc2f6990e415388c9fabe1155dc0e65cbfdec2	93bc2f6990e415388c9fabe1155dc0e65cbfdec2
93cda66831b7202fd0dfafcc0d1c0604b07e94bd	93cda66831b7202fd0dfafcc0d1c0604b07e94bd
94040d27595bbc39a6ad7290a0d006629172740e	94040d27595bbc39a6ad7290a0d006629172740e
9410ee3364a6274d5726262bceb097807eea3989	9410ee3364a6274d5726262bceb097807eea3989
9457c33ae368015a2d2e8a52c236fc687bdeacd0	9457c33ae368015a2d2e8a52c236fc687bdeacd0
947a51fca2f078e750bef64cad4817682141ea8f	1f576161a0cfe9918fcb83e5d6270c1eeed94e1f
947bb433e751718da6bb1447335945a808a846c0	947bb433e751718da6bb1447335945a808a846c0
94861f7e826b8ae00699900bb48d912e6c6f45dd	94861f7e826b8ae00699900bb48d912e6c6f45dd
948bd5d55378368d79f6e741c5f488249c94d8f2	73a7ace819076d12662606514d653c9ba5f334c8
9494d961b6ba0b572d6958b86a9872a5d8704d28	9494d961b6ba0b572d6958b86a9872a5d8704d28
94c72facdaf0793ca779d950e295da4aca44a8c5	94c72facdaf0793ca779d950e295da4aca44a8c5
9500d77b6281a0cdb1d66a644de1ed90e6c3c4f9	9500d77b6281a0cdb1d66a644de1ed90e6c3c4f9
953e8598c7e0e7ebcca5f6c6aa8fcf490936f24a	2f59955ba998ea4ff2979bbd97e52e8b6c430557
953ea7e7e367ab12d50bc9379a6715a44ff2dfb4	abc2d711f4168275198bad2b276b4d7b5bfe0295
9548c7f7c259503455641859e0029f1db887c234	9548c7f7c259503455641859e0029f1db887c234
95662b1de6c534d7a20e600998a9d7d11f893ca2	95662b1de6c534d7a20e600998a9d7d11f893ca2
956bcd9edb6c942b153072b9a487b8001f7988c9	956bcd9edb6c942b153072b9a487b8001f7988c9
957a715b9da4df76a9897757b58c78da18b822b2	957a715b9da4df76a9897757b58c78da18b822b2
9591f027f09bb63b7b9cc4ca12871a2499ae9861	9591f027f09bb63b7b9cc4ca12871a2499ae9861
959c58903616220c039da54921e9d4d7aa40499c	959c58903616220c039da54921e9d4d7aa40499c
95a52414b9ab949fa159672f06d50dcfd38e89a2	95a52414b9ab949fa159672f06d50dcfd38e89a2
95a644dd1707964aa427313c1fb0a896bfd1475e	95a644dd1707964aa427313c1fb0a896bfd1475e
95ad149ea4bda2569030f1dfc95f93bf3c279738	10d02f77f2b7cc05bdae063fbc7ae78eef987683
95ff3cb47c8abe8de59ee85621a772793feed0e5	95ff3cb47c8abe8de59ee85621a772793feed0e5
9615ac47f2741bfa60988f07c6771e2f250d347f	9615ac47f2741bfa60988f07c6771e2f250d347f
9615e6f6a7c20c99b2f8f0dd4bf9fa02340ab0f3	9615e6f6a7c20c99b2f8f0dd4bf9fa02340ab0f3
9642dcd8ad2efeac48976a8d5be47d7530fc7192	d43c2c3a1666ce2540be0d6264ce0494f0f8fd23
967e8954047a006f8a1be9d12b88cd3d8ce3bff9	967e8954047a006f8a1be9d12b88cd3d8ce3bff9
968388474765aed39c5932648dc8cca8e824dd47	968388474765aed39c5932648dc8cca8e824dd47
9697036d234090eba2415274f2c43187083045e2	9697036d234090eba2415274f2c43187083045e2
96990ef51d12cabf6ca7661a4d77f3cd220683fe	02ec50f32d1623fd7eecab2a5a6b35b30f285a1f
96e050d243b8f1aab61b5e1a8654b42e88aaec5f	96e050d243b8f1aab61b5e1a8654b42e88aaec5f
96edab4476a77725ec7a6bcb9aedcfd25d3a5311	6c6d4b80519d233b2d73b09d214c34bc1fb2efd4
9714813cf9002af997f017c654795f666c01437d	9714813cf9002af997f017c654795f666c01437d
9716516da5bd8a128ecdef3bc370a0b5a0786575	9716516da5bd8a128ecdef3bc370a0b5a0786575
972b92c21b1374d7a812251b9767066766a189b2	f9ee0f36e8ce5c56b3616422f0c4d8dd4a767698
9738f8a6f54547747a81976221d8109a743e7144	9738f8a6f54547747a81976221d8109a743e7144
978cc75104b582e5211ec17b1fb867ac9f7ba451	978cc75104b582e5211ec17b1fb867ac9f7ba451
979a3a19173650f470df24b48d96b1849a4f5467	54eff08432a22549423fe447c270e0d8269b68f1
97a1aba680c5654d0f723bcf53a7e6e8c4665dff	2633763e3afa1e2b73e9320564c71420c03a3b7c
97ad6bbe5204a507ca8fe117585553a84cd62962	1ec45d402c3ce6aeb68675917760527aa25e82d4
97b02d2b825159b09e88a4df2c51952fa3dffe30	8a745444ea10ef56cd76a459f205400ef8cb6ae1
97c9d015ea80553a50486db920a9c1df59bab056	97c9d015ea80553a50486db920a9c1df59bab056
97dfc596c4f728148516f6e138117be6ed9baa1c	97dfc596c4f728148516f6e138117be6ed9baa1c
97f99198c025fd54cd4e927ee670fddd79d898df	97f99198c025fd54cd4e927ee670fddd79d898df
97f9c96e7c387085f99aab2c792d1dc346cefe00	9dacaf02f2e53a7a7023021cde56fb04509cf8a6
983084560dde11482541de0e6715310fbe63929e	7a4008e63cae4c75e786e02b9c36bc98789b5091
98468e51e53fba7e511ce40aa8c91fed88d6e065	da9bd9b519576e2a0380d019682deb3023d2d9df
98499d653e60e4e0a194fa46d89fb7705376ebfe	ab52c29a17945a03ee69b8c07f1e39ab3158a5f6
9857da7f8b630ec0ef7352d52ddbb28bf2d4db6c	9857da7f8b630ec0ef7352d52ddbb28bf2d4db6c
985e2e6342858b06b50954a05406560d98796f17	77310c7a70a0a94d17935ed4b09d5887ed80c252
986507aafa67d878d88c4bdc322f99deb745a2a7	986507aafa67d878d88c4bdc322f99deb745a2a7
9881ca9865011eb750249a000c2abfb356219d26	9881ca9865011eb750249a000c2abfb356219d26
988a5e68426fac92ba5376667afebe6186987dde	988a5e68426fac92ba5376667afebe6186987dde
988d1dbd68690d43ad5b6da703d2f5bc1b5d9ac7	988d1dbd68690d43ad5b6da703d2f5bc1b5d9ac7
989c303054602eb702239b203b0504f636ff1240	989c303054602eb702239b203b0504f636ff1240
98b5411f82c5d0eb9c80e813800e337988dc0469	98b5411f82c5d0eb9c80e813800e337988dc0469
98c67c3dd52e9fe375c47c6a49ed0369ce432c2f	98c67c3dd52e9fe375c47c6a49ed0369ce432c2f
98c864e40b4ef393f8c3313ed18d676a76ebc8e4	98c864e40b4ef393f8c3313ed18d676a76ebc8e4
98ccfcac3e6bcbb13f5bb2e204fffd00e6cec669	98ccfcac3e6bcbb13f5bb2e204fffd00e6cec669
9916cc1042dedf89b1f0f8dcc37fab86127d3265	434a6a66366c0296a03ee060d82a3137ca8b69d8
993a598bc2e2008f14bcda365f37c5e34e8b3df7	786eda5f09ed5c30eeab5f1a15a9b84acd60e191
994698df49da41173335bf248c27af2071e5c229	994698df49da41173335bf248c27af2071e5c229
996ca3fedb3773d44074c33e79dcae4a2a5c35ca	996ca3fedb3773d44074c33e79dcae4a2a5c35ca
997002cc3e1827da87c4586061df6adaf5769f24	73f9ab9428463dd7e572a36cac0584606ac878b8
9975510a276f343dee633949728b4731ae42d1fd	9975510a276f343dee633949728b4731ae42d1fd
9987e2cdad5b676351930132a59be8fa7dfee15e	9987e2cdad5b676351930132a59be8fa7dfee15e
998caae52e51138f71d64815f9c7997a1b9da836	998caae52e51138f71d64815f9c7997a1b9da836
99bc071e8b46f4f3fcdf63e9419b32b98dbb0fdb	e031f99cc7a5349e796b6442abf7f918ade13bc8
99c127b5064bcbc683eb9926254d8105e2edec6f	99c127b5064bcbc683eb9926254d8105e2edec6f
99c2ff7bb803bbcaa5c39e8c3d029098ad9fa1d0	99c2ff7bb803bbcaa5c39e8c3d029098ad9fa1d0
99ca5441b9d351ac97dbf6af8987e9117bb4fa35	58249e021f7e0b9bc0cde4f0ee3d770a96b1bfb9
99f88425c2feee999c3462256f018e709d65e500	433b5484089f57fc27b43fd621151b918aeb2b98
99f90c97445b926de548237cf526f664dc1c511c	99f90c97445b926de548237cf526f664dc1c511c
9a04d8237691b50871221da36fc0e191bb837346	bf407fd19bf62d7acc1ff9c58edba594938d7db2
9a120fcc37ca032823eb849eb44fa11aea602a1c	72a39e8f228df00ef9b5c4bbbd523e6a1823ee60
9a2f9b95d329710a7dc997f984e7e3f316fdb38b	9a2f9b95d329710a7dc997f984e7e3f316fdb38b
9a704331e52720e5be9d060809b3164998b453f3	394664d917746c5fa91d39fdd5cc035068986979
9a7c20194a01f4bcab84116eade10b580928b28b	9a7c20194a01f4bcab84116eade10b580928b28b
9a7c3d0e481fd6ed660a17fbc1a834a958f75e2b	8fe56267117adc288ec7976fba6ae9adf049101e
9a96d30171038f5a5c2bf9935d3678dd6852f62b	1e0fff12a764e4cf57385bc26675e9fd874af8a6
9a9eed345040028f5eb615141da5f52870caab1a	438a767211365dc8aa6575bd4d8d39e220c42591
9a9f4f449c2e2d7d56dffb4dc124640a403abb58	9a9f4f449c2e2d7d56dffb4dc124640a403abb58
9ae4b786dc5c560cd2a35b8240c310a5203332f3	9ae4b786dc5c560cd2a35b8240c310a5203332f3
9b1173acd16bad7341aa9ab0bd1142874c3fbca8	bf9ac126f82a705c452caf2a355ba227b1faa238
9b14f8a024359cc496e8f3f4dfed050a2ecead2f	9b14f8a024359cc496e8f3f4dfed050a2ecead2f
9b2c9f60bfa7084748fd7071dfe1688da718112a	9b2c9f60bfa7084748fd7071dfe1688da718112a
9b32a2b5bcd955fc2242a94d1b16e278861ff7b5	9b32a2b5bcd955fc2242a94d1b16e278861ff7b5
9b4df13b847282793b383fc8ca61fb6369d54f6c	3c4ceee99d924c893f0ee483c13685179bb8555a
9b7b41f94f868340744dff5e3a3e062961c1d5cb	9934f090c0ca3a90ca4f675069bfb18099d39fab
9b7f98a34a325fe970d6ea38c09f43be15b97a67	79f0d85e0c500f92fe6cc25dee1192d31626f078
9b9691702712f41bd5b5d26d3ce371f27cd6ff0f	9b9691702712f41bd5b5d26d3ce371f27cd6ff0f
9baef0d30f46be101fb6912600d33a7c4e358783	9baef0d30f46be101fb6912600d33a7c4e358783
9bb80725238947c351e0257765c9b53280e67569	d0219b37e12d85b4caffede9d66b95526ed0d2c3
9bbd2d06f9aeca23ef49a5afaa064829e8bd6459	9bbd2d06f9aeca23ef49a5afaa064829e8bd6459
9bd2995031abdad1f3ea321c82d9e28fe4247e38	9bd2995031abdad1f3ea321c82d9e28fe4247e38
9bd47ea75bac57f464fe40e32ec12f45a123c201	9bd47ea75bac57f464fe40e32ec12f45a123c201
9bef570b635cb4ee483d71c906f8cc76243581b2	9bef570b635cb4ee483d71c906f8cc76243581b2
9bf2b9bda08c780ed0deb9dd380bd1f2a4f6f6e9	f2a6c6a80f5e6ce155d154d5cfdd84027015f33f
9bfc469b8d38bd29049d4ffeed03be252c009aae	48b9be4fcd2e114cb7ed1f8418e228ab5f032ab6
9c0b2455dca1f9312c2d8ff8cf50f1d2db52a45a	f7266beac237b2c09faca346d0fa7838ce120ed1
9c0d9f5cd7f7c1131eca509f5548a3e03189360f	d6aa362f68ab71ccff46534ef8863ba947673a35
9c18c08e469a3ec2b443544399c0e26acc0a8460	9c18c08e469a3ec2b443544399c0e26acc0a8460
9c22b69626d50198c8beccb36f0fab967293a169	f5b0b3fa28d33c61df55eea0e777c827e05af3f4
9c2b49d09a4276b10d1116c5ad92a6a65cc2c889	9c2b49d09a4276b10d1116c5ad92a6a65cc2c889
9c325b82206b7f752f8ffeaafe6228d1d53d7820	9c325b82206b7f752f8ffeaafe6228d1d53d7820
9c38c4eaed78b0e2f980ce7f1fa03c0ee2ebaa29	9c38c4eaed78b0e2f980ce7f1fa03c0ee2ebaa29
9c4dd3cb49838375c1bc045785fbea4edec7b381	df0bb47e63bef68d9bb129c762708793f7aba603
9c61e8ea4cece8b76d3a58c32dbb718e1ac28121	570803acf977500ad5cd070c7fdfc3c5cefdd711
9c678f96588863664ff2a1eeb082fc16f3bc147c	2f73a13c0b8a59e949d5b7700eed299a581d41c1
9c7cbcbd247e9334db33530620fa4fdc3b5c06b7	9c7cbcbd247e9334db33530620fa4fdc3b5c06b7
9c7fa26976938387b05ba1f97d7c3f00a7fae307	9c7fa26976938387b05ba1f97d7c3f00a7fae307
9c829a34797618daa63ebaa6f276cc4231dfce3a	9c829a34797618daa63ebaa6f276cc4231dfce3a
9c83f154f60f3cd2d0c8ad48a36385860d04022a	9c83f154f60f3cd2d0c8ad48a36385860d04022a
9c8664930b8494d74e7db8b494175084324a52ee	c0e827dbfab525c7db0a8abb1c77fea0602b9993
9c9021afe6e9fe4d27a971f0841d38d213354a94	f60fedf36ac521558a310ae1b5845a4aa3192c20
9caee25f2964cfa520a345fab29c34ff205a33d6	9caee25f2964cfa520a345fab29c34ff205a33d6
9cb02bc7c850bd4607bf7a8bc6e145a03a652996	4942656c0672f3a84a617748a0b67f2850ff87b9
9cb70f9bfb1860ec881afc2434ec46f23c003587	036b5fe7aadfff08cfa6ccacb8378ef0ddfdff03
9cbf02ec49d713a6177b928e31443ab09e419081	9cbf02ec49d713a6177b928e31443ab09e419081
9cd0b807a7ebf729e3b0946158d3dbe38000089d	9cd0b807a7ebf729e3b0946158d3dbe38000089d
9cdbe9f8e819c4c67ac2460f512952bb8fb403d6	9cdbe9f8e819c4c67ac2460f512952bb8fb403d6
9ce9b5fcb28c4fec1b5196a40e2fd7b516657893	9ce9b5fcb28c4fec1b5196a40e2fd7b516657893
9ceaee2aeb2f57a6bbd47ccfaa9d09d8064d04da	c59064a1aeb0625109e8c88d11ed8eb56e8c409f
9cee9f4948c8fd88266cd6f638bd412a9fb26f98	9cee9f4948c8fd88266cd6f638bd412a9fb26f98
9d12128d6cf108477550d6a4395f901bb799736d	9d12128d6cf108477550d6a4395f901bb799736d
9d258b01ef8846a71659bd5e785ca81b78dc7d1b	a1d7097cc35be92513e81c80453087352673d8fb
9d29e597898116a7d2981bf8bbd24f98bb518f08	9d29e597898116a7d2981bf8bbd24f98bb518f08
9d29eca2e3495258a3cdcf77b31a5611cebb882a	9d29eca2e3495258a3cdcf77b31a5611cebb882a
9d3afb1c853b9f80929844580ba061b258a05543	9d3afb1c853b9f80929844580ba061b258a05543
9d47a4f491a353731b4641ee74900378cfa43d6c	9d47a4f491a353731b4641ee74900378cfa43d6c
9d623b6b80ac934171a15fee063c0ffadfdeb903	9d623b6b80ac934171a15fee063c0ffadfdeb903
9d7d169ddcc51815f2982328111f90d0c920cee3	9d7d169ddcc51815f2982328111f90d0c920cee3
9d8cc8603b7dcbbd112ff1cfaed7c92a4931b2f5	9fd868629daf37b6ebe007c2b28874a2cfbb107c
9d946c098978d04dca310b6f3a0801e888b8478d	9d946c098978d04dca310b6f3a0801e888b8478d
9d9dbf13c534fb10c560d716b6cf7f4e0d948c33	e12718fe04218513bcd32eb93ea3b4806a703801
9da1a9c9dcd3fb32cc112754358ec548e37beaca	9da1a9c9dcd3fb32cc112754358ec548e37beaca
9db566ebb32af3f11776dcd4db8a25626eb8a846	9db566ebb32af3f11776dcd4db8a25626eb8a846
9dc2ebf485639eb3c241d7178f50acd41edb8ab6	5eb2658f43d42cac04fa5523b27c201fb2ac81f0
9dcbbe4c108f315e16a754bdf5454cef39996857	e979caaae0672ae80376de140e0a22c548df4264
9dcdbfc9dd42187f44c756a3c13a4fd1b4427ed3	9dcdbfc9dd42187f44c756a3c13a4fd1b4427ed3
9dcf1b79a8a189cb27d3b9fcc4431cfa7c5db708	383b9f47e56739805677926aa1152a248fe8da94
9dd2ab27f51f3f2d0420e676f065bafbc80c9592	ed9bd1e669740d6e543cd048d95947262178565a
9df75e8bdabb638cb7fae120a4ee00d65ff2d765	9df75e8bdabb638cb7fae120a4ee00d65ff2d765
9dffbc38ced0f3fed9a22b3b78c0f24244682d37	affbc70b9fa9b89e023fd1f5baf45680380e6a9e
9e0af10f64e917635128cfbeecd8c9ee804acbc4	9e0af10f64e917635128cfbeecd8c9ee804acbc4
9e1577da634e662907f9cf63a06eecc1a27a3c67	c14f9eb69cb5c6dfe3ed574a342d3ce7821ff269
9e4f9456cf1f59e58ecf9a2c7ecaae4cf0e820a5	9e4f9456cf1f59e58ecf9a2c7ecaae4cf0e820a5
9e5aeed976dfc85dd39723d8f8e5bed9bce2025c	9e5aeed976dfc85dd39723d8f8e5bed9bce2025c
9e6dfc79e313d5bbfdbc9e31931c7f1d661a7cea	9e6dfc79e313d5bbfdbc9e31931c7f1d661a7cea
9e796c1bb776e7a8579ad2352c7d40fde6b4ef63	9e796c1bb776e7a8579ad2352c7d40fde6b4ef63
9e83cbe03216e1bb917b319cbfcf698e2faead88	9e83cbe03216e1bb917b319cbfcf698e2faead88
9e94278d96e6ebbc34a27b3b333db20f1800b887	9e94278d96e6ebbc34a27b3b333db20f1800b887
9ead852e9d5fd39f92ede3ab912ca9fe9b6eff37	9ead852e9d5fd39f92ede3ab912ca9fe9b6eff37
9eba37e9226dd05b971a4d8b5abe6cf2ceeb8532	9eba37e9226dd05b971a4d8b5abe6cf2ceeb8532
9ebb934e5e35978cde0d653afae259cbcdc44fc4	9ebb934e5e35978cde0d653afae259cbcdc44fc4
9eda70e73b9fb67e71d81b854fcfd490b517ee1f	a8cb9b048d90e9e045055a9657b0fd278b088d61
9ef64673e49a7c3deff447378e6d9aaae9d31f3f	1c0ee69e9f20abf652d663af521ccb598da83f3d
9f0dcc7995b9d44399d87ebbd1b8778153993c9c	9f0dcc7995b9d44399d87ebbd1b8778153993c9c
9f496a6b75ad6bf30e1f98ebc34b84ce42805d00	9f496a6b75ad6bf30e1f98ebc34b84ce42805d00
9f5194f2c8d14d4e0eaf0a748bd6a1690cc57956	9f5194f2c8d14d4e0eaf0a748bd6a1690cc57956
9f5b6648b7b92e5042e5c7250388b025a872ccc2	9f5b6648b7b92e5042e5c7250388b025a872ccc2
9f5e1bb59c9faf35e47ec4a8631049c91fac3864	9f5e1bb59c9faf35e47ec4a8631049c91fac3864
9f6521f8d65b0d54044137c3fc2b0f0f14870f83	9f6521f8d65b0d54044137c3fc2b0f0f14870f83
9f78a9ff56e52d0106264d28ab8300a94025aa58	9f78a9ff56e52d0106264d28ab8300a94025aa58
9f7f822766cee54111a8f0f23d653c44ae13595c	9f7f822766cee54111a8f0f23d653c44ae13595c
9f867f15c36f7e52f7a89f14ecdb76e89c4ba00e	9f867f15c36f7e52f7a89f14ecdb76e89c4ba00e
9f89e8456efa019b03e45526161594e77ed372ff	9f89e8456efa019b03e45526161594e77ed372ff
9f99548d226e320247cca659d0ff857882b95b71	9f99548d226e320247cca659d0ff857882b95b71
9fa0138cb2a694de7cb44168c5c3c3dc00dfdca1	bfbe561719c6fea6da9f004f0a538414c3cb6a88
9fc26caa26ce778604ec2828d52bcb365904fce1	9fc26caa26ce778604ec2828d52bcb365904fce1
9fcc7d5365310612490ae1db26742d6e978f65db	9fcc7d5365310612490ae1db26742d6e978f65db
9fea8f4955c16783686a4f8949bf2db0dce64e94	f6ecba1f565f59aa49b07d436d130cb93ebdd075
a01a3b377626a2a37f1cad17e9e89ed0c991b535	c2fe93f4d2908afa95b352486909d7669bc951dc
a02d5874ffd4385d9058f877edc37d43b4b66719	a02d5874ffd4385d9058f877edc37d43b4b66719
a058fe1b4efd04a2b9e4ec5cebfadb53233eca59	a058fe1b4efd04a2b9e4ec5cebfadb53233eca59
a065a0c30a4f75995215cabc0e39dd2579c17c3d	2eca5e40e8aec3f6995708fc7025ab85ca2157bf
a06e8b6509f02afb6b9e6a207ce11b773cccf13f	a06e8b6509f02afb6b9e6a207ce11b773cccf13f
a08db83e54063c2ba5451f0f75093fc84c3d72c1	443ffdee5d04d58f2ea3d61304ab7f8c2e3e463d
a09072ebbe6ef0471a5c80fd2cbfad7e94573e76	a09072ebbe6ef0471a5c80fd2cbfad7e94573e76
a09b17b5e6013edb4989c332c65c86b2e13acbc6	a09b17b5e6013edb4989c332c65c86b2e13acbc6
a0ae9bc871850ebc57c5ca23c64026f6430578bb	a0ae9bc871850ebc57c5ca23c64026f6430578bb
a0daf693d31a2707f4a734b75672dfb6181585f0	a0daf693d31a2707f4a734b75672dfb6181585f0
a0dc5601e1e37c75ed8bb00db5615909adfab39d	a0dc5601e1e37c75ed8bb00db5615909adfab39d
a0dcdef4d3a0aa4dabf308d1dfe4e3bebc5c2c7c	a0dcdef4d3a0aa4dabf308d1dfe4e3bebc5c2c7c
a0f70012abdbbcdfc28577654ed59776ab31ab59	a0f70012abdbbcdfc28577654ed59776ab31ab59
a100e81c91449fba7b20567e3595971fcb8a9b4a	272ac645c6aeed0ee934427987ef51bb70ddce34
a113512252627b45750e41d198354d158b38056d	a113512252627b45750e41d198354d158b38056d
a135ca1d331a199d4f6a8224dda3f1253651d9b1	a135ca1d331a199d4f6a8224dda3f1253651d9b1
a1413ac4244056e819c43ce5bce90969e58c460b	53aa8bbfd53e2b1e89b4412c62baccfb20d64ee5
a1426d6d19a1e4bf7a2c3b054a284ede0c597f6f	a1426d6d19a1e4bf7a2c3b054a284ede0c597f6f
a1476481137dac128299967733a393f690476c69	95140242de883c57ada8b61cffaa6ad756208fd5
a1506a15110148e77f02f9afab85fa44f6530758	a1506a15110148e77f02f9afab85fa44f6530758
a15161b2418d564293ca3e81b3206a2c807da21e	a15161b2418d564293ca3e81b3206a2c807da21e
a16d1b70232b9712e58025793c307f6b6f596dd3	d4f26326106043bb989a0346c5762311190ea00b
a19441e9126befc19a499ebbdc06c57e5ffa8f52	a19441e9126befc19a499ebbdc06c57e5ffa8f52
a1b92608e2b92e10cfc4c8944f9a0ef71521e185	a1b92608e2b92e10cfc4c8944f9a0ef71521e185
a1ebf791d71bec126de67f7ad2f8faafb1e93519	dc9e587873e1998b5abf591c55a5ff087ccf0825
a206bdf5b3d765251f2cbdb75253012ed5a15ec4	a206bdf5b3d765251f2cbdb75253012ed5a15ec4
a213b106f5063cc472e445d9bc174cfbc9d540e0	a213b106f5063cc472e445d9bc174cfbc9d540e0
a21f334051d15844c238f0448ea7af8bfca07afc	a21f334051d15844c238f0448ea7af8bfca07afc
a221bb3cbca807ea5ed66dd43c65a4ceb3f727b0	a221bb3cbca807ea5ed66dd43c65a4ceb3f727b0
a249e8056305d4ecf9fa5d1780ca350b1646c107	39910695d7695c2df3a39bb121fb9e7511b8fcc2
a254bad82c7d11c44092b13e9afeea33d349af5b	a254bad82c7d11c44092b13e9afeea33d349af5b
a25f4efeccd669c33f186e995e79045d288a7681	a25f4efeccd669c33f186e995e79045d288a7681
a26c91e946d2e3185e63c3a9944092eb99046778	a26c91e946d2e3185e63c3a9944092eb99046778
a2803abb6d8ee92ce5b7d2be36162efe9fecbafe	a2803abb6d8ee92ce5b7d2be36162efe9fecbafe
a2869f2ce7a2c2e603657593ef9534a438cd02a6	5c72c7df1b1f416ac37667fcdfeda96e0e246f8b
a2b3e2c1f200eeed4f0ab15fdb84afc2b5425ba5	a2b3e2c1f200eeed4f0ab15fdb84afc2b5425ba5
a2b94530b96faf338a1392b26742c168a1aaa527	0cad539f63a7fe48daac2a743b53bef141f6c1b4
a2b9988a3285f53af682d8bd23135e05030b67b5	0eaf36c0483e201af4b96ed3441a44ae57683bbc
a2bd85ca89e2033613bf1a117aa09d58c2c50894	a2bd85ca89e2033613bf1a117aa09d58c2c50894
a2d0de7868223ab42add6e1d97f6655bcbf28d3f	a2d0de7868223ab42add6e1d97f6655bcbf28d3f
a317f337d743e5e1f73b3c088800309edf2d92ca	a317f337d743e5e1f73b3c088800309edf2d92ca
a327bb420020923cb21d0a0a2d26464e8daa5018	a327bb420020923cb21d0a0a2d26464e8daa5018
a341a67ff704dbf4913aab7cdb05984191578950	a341a67ff704dbf4913aab7cdb05984191578950
a361c49bd4fa7f4fa48396a1a042d7ea41d55775	a361c49bd4fa7f4fa48396a1a042d7ea41d55775
a361e1fdbd70e68552bbeea2d19a9b0dc155acb8	6cc0a2b1aee1edf71895585e7e2da2af9e1272f1
a364268c8dcbcc80a38842669a6545198fae8e3d	14fb650c35ff97ef40bae9b3292fe31450d9c0e9
a37d9743cb045e40b69da560af67d11d4b85095d	088eed73e1ac2a583de3fe716f9602db00b05959
a398da180f52bdb88e8210c76affa7ab7c139a54	a398da180f52bdb88e8210c76affa7ab7c139a54
a3b8ad0338ab89610127184fcf59691a1db20c5a	60979b17aca3fc0321eb59683a7c3c34ae01396c
a3c8f23037a7ef5deb5c17c0c41927e78b05d188	a3c8f23037a7ef5deb5c17c0c41927e78b05d188
a3e995fe530db0a0d1a3119c04dd9daa8738fdc3	a3e995fe530db0a0d1a3119c04dd9daa8738fdc3
a3ea7cc389056c858d42ec6ac08aac5839e08613	a3ea7cc389056c858d42ec6ac08aac5839e08613
a400a52b1265d722fc69bdb24c69a1f38b42e793	ae43cd70e4289d4a9ece13ac4e30e2ff3d0dcb95
a41c8e7b6fe6dead5a4b72501a7b5215271956df	a41c8e7b6fe6dead5a4b72501a7b5215271956df
a420a168a907fafa6c89030ab716290ef4242be5	b0feebc6e168a109feaf8bafe46a8e9e555c5600
a42b90c5605bd3fa395e8f32103ac73450c19c6a	d91f7421ff636a74194004453e0992c63231c8fe
a43798f8feafa907fe533d5fefea54379c7035f4	a43798f8feafa907fe533d5fefea54379c7035f4
a43d137e5f1d55ba921554aac33a2bcf19ce8cfa	671473c5a6c27c05d5401e4d86e95be3ee7a2df2
a460ad4fc3f4b6c083e52ea78af9a2f0ccce5e6a	a460ad4fc3f4b6c083e52ea78af9a2f0ccce5e6a
a468646c7fb885644a31e0b658b99513c97e7b18	a468646c7fb885644a31e0b658b99513c97e7b18
a47f653818cce4c968bcdff9334f655fbe9455ed	44a7204fac86ca56b579a0abe511f88fe695aef6
a4aadc61cd05e6b8d74eb0be22d072532be77861	a4aadc61cd05e6b8d74eb0be22d072532be77861
a4bdcf742a620dd88b61ad62255769f78444dbaf	a4bdcf742a620dd88b61ad62255769f78444dbaf
a4bf0a739fabba418138829f3ce501edc6dab5f8	e6125c7b530edce9ef85e57ef7ca99918db844fb
a4c0605957e5885e6d347fddf19864359cd17894	7bb8938b6ea352d17824194dbc03954a0d5d0ec1
a4c5c89e01908aea12d8e398996cd288e4a040d4	a4c5c89e01908aea12d8e398996cd288e4a040d4
a4f45a7e87030f8abc09d0122c14b90e123b3d81	3d604a5940683702dd172b00417c5adfda2977e9
a4fce6038b1198a08ab9c506ca2574805116c6b0	a4fce6038b1198a08ab9c506ca2574805116c6b0
a536ac6b910a1d2347631af2dfee9f8fefd1d1f2	c5d9468721a81e849317c8adafda2cef3d95ea27
a53c8d41dc8fe8515aa2ec69f7e9235cecfe940c	a53c8d41dc8fe8515aa2ec69f7e9235cecfe940c
a5734773e016255acfc17cf65753cecc30eecba9	a5734773e016255acfc17cf65753cecc30eecba9
a599486b163a2f53999a88d98c4919d44a430093	4d865743508499bfc7cac9cc1b5a56fcc52c9c97
a59d4d31d4530e67dc708bafba13ed133b30c27d	a59d4d31d4530e67dc708bafba13ed133b30c27d
a5a620d2ce9c3f4848dfc5672d7d6b2a0a3f0674	a5a620d2ce9c3f4848dfc5672d7d6b2a0a3f0674
a5a8f6db2999439a08c573353484a48be763820b	a5a8f6db2999439a08c573353484a48be763820b
a5b049638eeb4ae59e7e7d33206f862e2a682740	a5b049638eeb4ae59e7e7d33206f862e2a682740
a5b24d3a7d961acf28d55d2aabe8d818d92f4e26	a5b24d3a7d961acf28d55d2aabe8d818d92f4e26
a5b5b9eaac706139c0f28b33313aee1ae7ae2b7b	dbd363355491712c38ace2c60034e23f1b3d569c
a5f594aeddda33b9711d06d153ea1eebfb418b49	a5f594aeddda33b9711d06d153ea1eebfb418b49
a5f797a4aa9a32a5fe57a112f9e487a490a6a75e	a5f797a4aa9a32a5fe57a112f9e487a490a6a75e
a5fa97661dcfe03840ae1a1d0d67c7639eb50fdd	ba0fd618d8e874474419b9f36cdc01b05cb49148
a5fbc68e28ed8dc6dd9dff91c144da67006a9113	fe5f346ce38ff2d358b39ad01ea8555a2d088203
a604b28426ecd44e9a0e9ff8ab3ea27939f91420	a604b28426ecd44e9a0e9ff8ab3ea27939f91420
a6148ab513691447614ff6562c85fec284411241	a6148ab513691447614ff6562c85fec284411241
a6325e1c21316db55d5cfabaa933ecb30f0617a2	2171a9ee76ee2b9992e344ec14a3fbf7a927522a
a6475044a6c198b22cb900e50df7b7c35a1f3554	2e35854848dd19726967e1e4837df2cf5ca6a4a7
a65c6a812ccd823ece4a56be0900987f07c7230c	a65c6a812ccd823ece4a56be0900987f07c7230c
a6648dc33bdd9da22b2ec916d42ebc334edad21c	f4f7b9ee06fc44073bf7e3069e5a1f06bc83216f
a69225747d78b135ad542cdda2416da9cb96c63e	a69225747d78b135ad542cdda2416da9cb96c63e
a6a3eae1c9aaa56d0f25e60db99dd993f9ab31f0	a6a3eae1c9aaa56d0f25e60db99dd993f9ab31f0
a6b1d3afc0a31e5851e6a9cb281b5d78dfab1a87	a6b1d3afc0a31e5851e6a9cb281b5d78dfab1a87
a6baddbe0926d2c2ed8c1d04137ae02414526c1c	a1ba4465a16368647c6565dbee5ef12ba1722347
a6c2fa1b45ecc79ff4c760f927ad1b170390bab9	777f7eeec43a3becfab53571e090c78279a6b848
a6df7fb13291c7c92c72006df552d1ca9aeb3f2d	a6df7fb13291c7c92c72006df552d1ca9aeb3f2d
a6e99c029fc3d95a319f59ff1825eab45f48bf65	429262ef05febcb49a46742370a4b87b8dcaa75e
a6ea41ef5be4943aac2f9840867f8c4fa69ce9ea	a96bc31b728b6627489178fc2aadec34af74a21f
a6f2fe4fc679810d3ccfccb93e37778138e1fd14	bd22ba838637b50699cde335f902438bfcb86083
a70cec965806b5cdbaca9aca3037ca08a214fb4c	809461d7fb8cf1f418c4e853cfd911d752082328
a71d3177ce32c865feaecc956805fbd3854e5e9a	a71d3177ce32c865feaecc956805fbd3854e5e9a
a72104ce4d07e9d4933e5c5ea10616e8cb0922b3	a72104ce4d07e9d4933e5c5ea10616e8cb0922b3
a727c2db2de0c413eb13a515e9bedc769cc89cdd	a727c2db2de0c413eb13a515e9bedc769cc89cdd
a73939f06ff460bdca4e8503e336a8a50af832c8	a73939f06ff460bdca4e8503e336a8a50af832c8
a76464fb6ee7b7abb89aae4313f49300ed4c4310	c4669a5a9a9fd49c5ef5c764add882bf4ed8462b
a765c8519ddc337a21bb853ff74fe7f0be544ed3	a765c8519ddc337a21bb853ff74fe7f0be544ed3
a77a7c2e7cb1bb1b8d2b92cd4cfb129f299f6687	326b6617c6872c61171c94d22737fa32e774032f
a7806dd95c9d393daa0a4097171fe255921834ab	cf8836eb4d782a0d9fdc12f230c6cfabf9bed0bb
a78345d310c49d940589059b9ccad4bd6fba6181	a78345d310c49d940589059b9ccad4bd6fba6181
a79a025cdc919282bbdcaaf3b824b6348dc7ae50	a79a025cdc919282bbdcaaf3b824b6348dc7ae50
a79fd5e3d235e9d46f7d959f4cac40b2d0ccc13a	8a76af46663077aa02db87325932d943f993c97b
a7ac7f57ff9354fd0c077e5e79ce5a53296c1cce	a7ac7f57ff9354fd0c077e5e79ce5a53296c1cce
a7afae384a0a7e64b059f5289d0d79b41df4d968	d3e27cb94e0f26d7cd87301c4456a182887ca633
a7c574dd65c84c6a5bf861b5fea7594054cb738e	a7c574dd65c84c6a5bf861b5fea7594054cb738e
a7cbe07fd473fe072d6c33a134ec7ca1ae3e88e7	51c9f2130863fcede3fbe27634b529aee588883b
a7de2fa263a97dc32094b7c9e923bf1dd637f788	a7de2fa263a97dc32094b7c9e923bf1dd637f788
a803bbf3c987cd79547f2c6b12b1641bb4bd85cc	a803bbf3c987cd79547f2c6b12b1641bb4bd85cc
a81e4d92b5b9649dafbab6dbf7dee8ded181aa41	26ddf6a767dde50649c74ef8cc9029c0897a9631
a83c9ea6d1fce51395cd89e5edeb6a667cec6f2c	a83c9ea6d1fce51395cd89e5edeb6a667cec6f2c
a84452f97e8bbecffff59b27540c008ba94e59f4	0100aa8064bfae11a7ede31ba5e364adff119039
a868037177472073a21729cf732f14165edaca46	a868037177472073a21729cf732f14165edaca46
a86c2ab7b4d460991a235ce89bc5f5629325121e	a86c2ab7b4d460991a235ce89bc5f5629325121e
a88b7f30ec7637bde16568c18dfe1b1de531d627	a88b7f30ec7637bde16568c18dfe1b1de531d627
a88d9d97f8dd74d78558800532c00f2e621d0921	a88d9d97f8dd74d78558800532c00f2e621d0921
a8906231ef5a2df1de2905df0fb873c8c13ef21e	eae50790571aed5a10f726a4198cc4c503f4ea11
a8970e642179a52b921a945ff4b96afdbbdf0e61	a8970e642179a52b921a945ff4b96afdbbdf0e61
a8b9856f198b124a33c52db887bdb19e60d1e0d8	a8b9856f198b124a33c52db887bdb19e60d1e0d8
a8e51ab4408b52022a77444fc27bf288d19066dd	a8e51ab4408b52022a77444fc27bf288d19066dd
a8eaf60150767cf82110763d9b1163aaaa173c77	a8eaf60150767cf82110763d9b1163aaaa173c77
a8ee2c318278715766b4f84316e887b432d6bf32	a8ee2c318278715766b4f84316e887b432d6bf32
a8f91bf8b8f184d500fce9bf93267bb5f6614b12	3073ea374725ec63e52daeecefc2f9bd9f0efa1d
a976c55f7b3db793637e163c2a0fd39b0414e684	a976c55f7b3db793637e163c2a0fd39b0414e684
a9b1b60fb79727d2293f66397a8d5cb57a2f96ac	a9b1b60fb79727d2293f66397a8d5cb57a2f96ac
a9bdd12eac7292ef8ca12da744e1f8b51fa89a5b	33c9ee1c230f1a5d0dd3a71a6fe8925128c83965
a9c2434412f9e7ac8f7061ab2c32d582b344f664	0891780b5d807026f0afc7117c54adefda183779
a9c3389fcf50b8176b70085f9b85266d760b13ab	3f7ff2e52e150fed2f4b42626b26f628039f110e
a9c702626aed82e2f08700aefa05ae2495408685	745d48dc03f3418b7ccd3996a570370f83399f7a
a9c7a7d1c9a4e9df72c0807a7e8278e4523d3ca3	0797badaa0619a2ba8f3ca41eb669f8af93bc5b9
a9ccecd3556426965e8b50955593851441f255d9	a9ccecd3556426965e8b50955593851441f255d9
a9de0db58122b97e3ee55457e0c9f19a7e45f024	a9de0db58122b97e3ee55457e0c9f19a7e45f024
a9e2be4c3fa0768fc0c914964ad1271e5957c27b	680fc547ecf1b368cf66eaa78e3ef929c7b1e4f2
aa00033e056906ba3800560b522d16c3a30376c3	aa00033e056906ba3800560b522d16c3a30376c3
aa07a6ec0c67dcdf2a420a3b606ed32e9ede59b6	aa07a6ec0c67dcdf2a420a3b606ed32e9ede59b6
aa2187e61bd96a91a04febe825ec7d763ab3385b	aa2187e61bd96a91a04febe825ec7d763ab3385b
aa5e404634c0499cee51f52ca261bcfb0d3cd609	aa5e404634c0499cee51f52ca261bcfb0d3cd609
aa76cb03fea582123f45bb3c2008c9ed29be2da1	aa76cb03fea582123f45bb3c2008c9ed29be2da1
aa7fcf3fbdadf3da172b40628d55b3a02cca31a9	0ea304d3a58662fc201a52dc9c6782bf9ee778ad
aa884df1b88ad2f5b2c60754182e9e68c87fe923	aa884df1b88ad2f5b2c60754182e9e68c87fe923
aa9659d24276004938afa7b4ec56ba81724f3278	aa9659d24276004938afa7b4ec56ba81724f3278
aa96a066acd8d4289c2405a6fdf5fa399370c6d7	aa96a066acd8d4289c2405a6fdf5fa399370c6d7
aa9c805f8a238aa0e493c1cf6b3f65ea7d91e93b	aa9c805f8a238aa0e493c1cf6b3f65ea7d91e93b
aab71002fac0f974a712fc8aaef6632c882cdd87	aab71002fac0f974a712fc8aaef6632c882cdd87
aabc91e0c0f6fd0b9e85170fbcbf6b275b1631e9	aabc91e0c0f6fd0b9e85170fbcbf6b275b1631e9
aad336210bcefa5d3f971b9de8455ed4f6bbc523	aad336210bcefa5d3f971b9de8455ed4f6bbc523
aad87fc6d41aec8800d5d15e2fc283abf9f3c9ad	aad87fc6d41aec8800d5d15e2fc283abf9f3c9ad
aae6281741a47512940b264666e9784301f004f7	aae6281741a47512940b264666e9784301f004f7
aae99894e6c7fbee751eeacc3ecb0f9dadfef091	aae99894e6c7fbee751eeacc3ecb0f9dadfef091
aaee26b7980d3698321b41a5d1eb7e0ab95c7614	a97b1c590a320bb0f6706b5cc8bafa9215a1e852
aaf947cf6ebc0d921734ede28dfdbde9a4f9ea44	fa98578a97e08c5a7d75859acc1960785835eef2
aafae8dc88410e3f4505d3c2048f97413f459003	aafae8dc88410e3f4505d3c2048f97413f459003
aafdb617b6293cb7c2f98885e5b63aea5f87dcb6	aafdb617b6293cb7c2f98885e5b63aea5f87dcb6
ab1e3ffdb6419abcb76250b9e5305c7f53e78832	ab1e3ffdb6419abcb76250b9e5305c7f53e78832
ab1f43ac8fce0658b669b4e57b7b9e4ae84e0f3d	ab1f43ac8fce0658b669b4e57b7b9e4ae84e0f3d
ab36727a0fa448168896e60db816c80aaf5e3e78	e04421914cde29508c7736eeb56cf6960f0cdddb
ab5b05502f2de8efeeef87ba4d9041a58398040d	ab5b05502f2de8efeeef87ba4d9041a58398040d
ab5d1a0196a80214f1569e4bd9273c23bc653210	ab5d1a0196a80214f1569e4bd9273c23bc653210
ab6654c0c9cd7586b883a10ea4f40255fa5e3249	a2b259f3c2f84bfc421391c8ed4eddc912746cfb
ab6ef16077aaad9f29c4bb2d3b88bf6b8472a363	4272d7037de6da7025edec6f31997edcba51b4c6
ab7e2b7b8523228de3bbc582a94529d04ad29079	ab7e2b7b8523228de3bbc582a94529d04ad29079
ab8c7a596c3849f2b414cca5763ed25bd4d92578	ab8c7a596c3849f2b414cca5763ed25bd4d92578
ab8d7eb9bfc82e50b80fb57300fff6b888509a3a	ab8d7eb9bfc82e50b80fb57300fff6b888509a3a
ab9aaab615f217b20cd615f7000a2568c52b2d06	ab9aaab615f217b20cd615f7000a2568c52b2d06
abcb5db942d8a32629a7e360ab3c28ceba9f9b81	abcb5db942d8a32629a7e360ab3c28ceba9f9b81
abdf1da353b5033d8374940ab2cfa848a2ec06ef	abdf1da353b5033d8374940ab2cfa848a2ec06ef
ac0743ef59bdd7368ddde58553757ddb5ab371a0	3b71ecea6c6e8b592d0dfd62f3327526c5194c07
ac0bb9b161fddf7f596fba1e6a2fb2ea11d586e6	ac0bb9b161fddf7f596fba1e6a2fb2ea11d586e6
ac28f68b30a9419d6ae95661974e3761b01f3534	ac28f68b30a9419d6ae95661974e3761b01f3534
ac2d3395a38138a4db90c7ba1190d4b7b9c6f205	467ee3f34d0e3dfa58b2615ed0ec5bbd8d7ef890
ac340f0740c25fa49884f7ad7072c42ea2d5256c	ac340f0740c25fa49884f7ad7072c42ea2d5256c
ac5785815bcef89d85b3254efc8e80a478105be5	ac5785815bcef89d85b3254efc8e80a478105be5
ac590287434ee83ed171b92ba7499dd6db9ead25	ac590287434ee83ed171b92ba7499dd6db9ead25
ac6fcb44d9f369a7e840702ab9b59359899ca9d0	f6e6639265cccb2115b8bcae8cc9a9b27313a4e8
ac7c748cf557889272ca11a8d23a1f0598d012d6	ac7c748cf557889272ca11a8d23a1f0598d012d6
ac8b5c9bad9e4693b6784c1c69ad15bd31a11aca	0fd62b74fa6861fe20b0892be18e479e16c4a1e0
ac974bd9c8768f6777781ab1ad697cbcc7576a66	f2fe646e7c46d80fce50a7232822398951255eba
aca7272591cf74a557bc246de75112391547f542	aca7272591cf74a557bc246de75112391547f542
acd59b20df6f585500c0bfa93b5997ffb8ebe398	d23bd8d7dbbb7b6f5adcddd1c4805865643d0f83
acd78ee935189872ae086b1edf3eb808138b1287	c7995771ce162e8db0bc561236bdd38b35a47be4
acefba8d250cafc25a5ac2a9719d3e54936bbfd9	acefba8d250cafc25a5ac2a9719d3e54936bbfd9
acf83267b7d54f9b63a1b9fde07ad7a39993e5b2	38ee56dfe994d110205a19048223676fcd129c7a
ad2f6d8296533ce6aa0421d66f4ffe0f954b9cb3	ad2f6d8296533ce6aa0421d66f4ffe0f954b9cb3
ad5350874846b737846fbcfa9e9400534c3b10f0	ad5350874846b737846fbcfa9e9400534c3b10f0
ad59b09ceb62d5471367ce810f891e0f47e1e02e	ad59b09ceb62d5471367ce810f891e0f47e1e02e
ad84e5a19a49b99353a3c865c9da9b99ca2fe239	ad84e5a19a49b99353a3c865c9da9b99ca2fe239
ad8f7ce208dbff4ea92a9f8bddc15f5c713edbc0	ad8f7ce208dbff4ea92a9f8bddc15f5c713edbc0
ada352abb0eb6b69ae1d333fe341467a1d530c8c	2ed42cce7278442ded46dcd22740ddf097f341fd
ada536e83b95b535793d2b80916c51a53f3b0acb	ada536e83b95b535793d2b80916c51a53f3b0acb
ada7c65c74e81cee8b68777088f99430d29ec8ee	7ba970c0a3ed00b78c71aeeaba82fc9b57bf335d
adc1b68b6d2ac0d199033b8abe387fa8c8d03682	adc1b68b6d2ac0d199033b8abe387fa8c8d03682
adc50d5bb7099959372f7f9ba84abf83516f2900	b4e8bcc5a3b00f3f83821ab4400ec4c5614cc57e
add52f39618b9b25f983384b5454b68f93ebf024	6bc3dd636fb567ddca642f0a4ae34589ba557ddc
adf7c8e414e45c8d71c5cf05f2bac8af2abc601b	50bc466e8488a90b56fc573161b48ed89a41d188
ae01bf8e13ada40df486d086e8870edb565ae627	c77603766a40b379aca8e9e6c11055369fcc8aff
ae0614e2d06abfe26df4125618f38b12dbc89709	ae0614e2d06abfe26df4125618f38b12dbc89709
ae0856c8b011c4ae5a6260f891f2db376db3a72a	bfc7491c02c86bd70f26347d0c2709bc6d80523c
ae0ddecc66062cb910b709cf4adde11848044fb3	ae0ddecc66062cb910b709cf4adde11848044fb3
ae137494c71e421bbc91045931291a83515dbf68	8a8c3372b8478d736de7b4ecc91f4bf66c606f8a
ae2055e3a6750edd0322f2c405964cbb0e5ad741	289f24cd0f6335bd920a1704cef46c0d792f1dc2
ae411997a46922190984cb214468af70a075115a	ae411997a46922190984cb214468af70a075115a
ae516c3f18d825e50c50c366663a7253ede743da	ae516c3f18d825e50c50c366663a7253ede743da
ae5291d283016a73e82b80ef2a95f62a86325bc1	ae5291d283016a73e82b80ef2a95f62a86325bc1
ae585f08462e443a192f6ec5cbdb9327b62e559b	ae585f08462e443a192f6ec5cbdb9327b62e559b
ae78bfdb91845118cc827fbce12b9463f1d896e8	ae78bfdb91845118cc827fbce12b9463f1d896e8
ae7b48ecd2b9437ad84b77c83a5bbbc87332338e	ae7b48ecd2b9437ad84b77c83a5bbbc87332338e
aed7e13b3c1b7b776428d031b7d779b4217161e5	aed7e13b3c1b7b776428d031b7d779b4217161e5
af16acfe48b1668aac41a69c2c39390d78d47ac5	af16acfe48b1668aac41a69c2c39390d78d47ac5
af3f06c4ea6c44779d61d5a0800f4db8c747f348	aa979203eaeb37ce9f05818aa7fad98b0e8ed97c
af5a67f7baa96d2019bbf57dc2d6e46a5c08b080	af5a67f7baa96d2019bbf57dc2d6e46a5c08b080
af6ef7568ab430e6764cd868f361da19285f7b28	af6ef7568ab430e6764cd868f361da19285f7b28
af71db739b1a0bf65f239e9b4b0d71ebeebab2f1	af71db739b1a0bf65f239e9b4b0d71ebeebab2f1
af73927ac58fb951c2c8e2717883ab118551f122	af73927ac58fb951c2c8e2717883ab118551f122
af7523e397db301adacaf0ad66a1e631ec4e13dc	d76dce41e739faf294d9ae6540386e09d3c7be6c
af80fe6008900c6e210dc79e80a6b2f7efaf2968	30927a0e2ab4fa8fd5f4fdb4a5f1f8bdf1ec16a5
af8904baa9534cf03762e26110cd6cb671fdff64	702ef1cff00e0fb0d6e854ea1c9187b5d44603d4
afcc52bed183242138872aec639d72bae2569371	afcc52bed183242138872aec639d72bae2569371
afe65e4f98a91cb3baa3af996a4c9ebffaf210b4	58fd2d117d38924bb74bbdf4ee64097d77962515
aff0b4e8b97e492884d8b165941a8a6e9ef31179	566cc880a1ed669bfc2af6d81f88646f4a13c5b3
b00cf79448b2095668c941056a4701d6e5e7f27b	b00cf79448b2095668c941056a4701d6e5e7f27b
b010dfb79a9b2a3e15c37d6a0c3b60435ec3ff59	c03e10e543ce329d54b02a407b284be3a5d6a8b1
b01b590ed3d00e1fa30f2c57005003a01bce80b3	b01b590ed3d00e1fa30f2c57005003a01bce80b3
b05ea4a2abe2fc2e1fbebd845de624804f46f3d1	d9d2821a89e666362378e32abce95de4d08adbc4
b073f76b1ed10e1ad58316d8f10e08be4a86b6e0	b073f76b1ed10e1ad58316d8f10e08be4a86b6e0
b0743da9ce65d971d13cfb1f4a062574b7e984dd	b0743da9ce65d971d13cfb1f4a062574b7e984dd
b07eba2bfaec64488f5f68eed523d5f1bf724211	0b7a09ff10e1dab81d831f3f5f480119fd0d5a7b
b08c9528f7f1cf4feec79c7a83f465213e0993cf	b08c9528f7f1cf4feec79c7a83f465213e0993cf
b08f3ce208346007eb221b59b985294e5bea02f1	b08f3ce208346007eb221b59b985294e5bea02f1
b09b1c113aec2ac81f704167e98fa740970dcfa9	b09b1c113aec2ac81f704167e98fa740970dcfa9
b09f8ff792ce4bdf33f9935cc1b4fe2362dbab4d	b09f8ff792ce4bdf33f9935cc1b4fe2362dbab4d
b0b6baec6cb2375534f3a2d724ccfcf6345a7610	b0b6baec6cb2375534f3a2d724ccfcf6345a7610
b0e257c4e30fde8b1f92ef9393f80057a742f280	b0e257c4e30fde8b1f92ef9393f80057a742f280
b0ebccb1f83e67b2261b43087f1d8f25df58d491	b0ebccb1f83e67b2261b43087f1d8f25df58d491
b0ee55f02c4f996757877c747ec1f218d04f5fb2	b0ee55f02c4f996757877c747ec1f218d04f5fb2
b0f64ba4d0eb3e8847ef627c33c02ed8e038bdbe	b0f64ba4d0eb3e8847ef627c33c02ed8e038bdbe
b10306cff95253292106a94a551e03d79f47ce96	1b9f1f3414c1bd0983e9947be8929b5d99076f10
b123902d75f6871a7dec51b21eb2df7b271a5ce0	b123902d75f6871a7dec51b21eb2df7b271a5ce0
b1ce234ed3201a5bf8a0c3f98076c2d5ff3a5d62	1a512031642ef8d416dd471c57c63b3ddacf0898
b214e1fc07c49f29c85606a1962528991b0d2a52	b214e1fc07c49f29c85606a1962528991b0d2a52
b215b10e824c3b1ce218f3995199882d81593c05	b215b10e824c3b1ce218f3995199882d81593c05
b216401b23caea1ea5a60004fa2dd792a81143ce	b216401b23caea1ea5a60004fa2dd792a81143ce
b21b7b280108d6e1eff2562a204c27501bbda075	69a8b40b747d5278a749f88bfabd294785bff1e7
b239fcceef065aab05499893aaf9b6675c9d391b	941978110857ae419e6904984a97a729df43c2c3
b24a2c1dfac740fde8e4b491684b7ff9b58a6b7e	c57d2c3e936c08e12d4241872db535639b975b30
b274a0e0a9ee3e1d1a1c5e4f5ef6d04ea2968de9	b274a0e0a9ee3e1d1a1c5e4f5ef6d04ea2968de9
b27a9ea11a71c7c0fd9e2488f22ba3fc8dbd2ea2	b27a9ea11a71c7c0fd9e2488f22ba3fc8dbd2ea2
b2816aedb710b6d2dd186424c51c6358d26f245c	e69475c359adbcdd9cdeb5c555db4e486a503897
b28fd7d32e5a210a13543c0029e08d31bab43573	0fff1e4b136bd539ebc46458d8d76dc9e26f1481
b29b4c6cd29ca6a057c3ca29699983c5140d3a26	9637bb9ade0aec6694ac9e49ebe7fe9ab42d3deb
b2b05f656d22c198dc31823e059aad5fd0b31269	262ab115a37a42055e233751bdf5059d7682ddd7
b2e7c335c864bb3703abf150135d9209f25c7cb6	b2e7c335c864bb3703abf150135d9209f25c7cb6
b2f2ee06440db99bef69a00000e947b22750b105	b2f2ee06440db99bef69a00000e947b22750b105
b3143933b12cb76bee05b60a857a24b52ac227ac	b3143933b12cb76bee05b60a857a24b52ac227ac
b314b83a79756b16867fdbf1f17b0bf5fe8ae7f1	b314b83a79756b16867fdbf1f17b0bf5fe8ae7f1
b31912cb7935b42d4f135ddb947f54638e5ff197	6c47b9fd5220a0bb5fcb1347846e00ccdb97d3fd
b320f1777a372747e5947fdd4f91775c25e4552c	1d8ecfbde37dd2b485b9b286ef3e5dfaa9a80fb2
b321a146605bbc441886fae5998d34d332ff41e2	b321a146605bbc441886fae5998d34d332ff41e2
b323da877512af4353bf6ba46f88661204798f4d	4bbb0c849a64a669a406fe424c96c6369710576b
b3385a310cf18214828357b379ce233a5927261c	ea52e101ea0c27489a3724d987c9a1b2d469684d
b33f44742fdf8c67fc4129f9fa18fbf748da1ebb	b33f44742fdf8c67fc4129f9fa18fbf748da1ebb
b3471488a6132548808842693381ca9bdae20888	b3471488a6132548808842693381ca9bdae20888
b35606ed50f227e396f514bfc0dcc1c544f1b88c	1b008043cdabcd15baa24c48c7fc56011e433d52
b35a2820e069ee4ad042837dd2f767fd602ad782	b35a2820e069ee4ad042837dd2f767fd602ad782
b36687b06358ee514d107d530626fd227787c8fc	b36687b06358ee514d107d530626fd227787c8fc
b369308bc9fcd94157454b624ca0126eac6199e4	2f23d8d6a921cf2ddaa58cd6a51be9b00c7f1f06
b37036e95305e337330b3a0760b61b49ddd471ee	b37036e95305e337330b3a0760b61b49ddd471ee
b37f4713ca7dff5776b51fd0b419aa31cb15c41b	b37f4713ca7dff5776b51fd0b419aa31cb15c41b
b38d8d0a0667d09463f703176fc71b76ad74f5d4	befe3cf02e5531883ea2cea69d15bc995e9c606b
b3ae71ad4f0194ebf32ede122c67b8d433e1f5b9	b3ae71ad4f0194ebf32ede122c67b8d433e1f5b9
b3af70b8cea1ad55985babfd19499a753407a783	b3af70b8cea1ad55985babfd19499a753407a783
b3b180aa8f09ba0273de16d2925cb5b4427ffb0c	b3b180aa8f09ba0273de16d2925cb5b4427ffb0c
b3bb8b286860667ec5de2d162cadfcba1bc3ab18	b3bb8b286860667ec5de2d162cadfcba1bc3ab18
b3c164df5f4ce6d32ba7863e87bb95ed36cd5550	13d7c2add78f6043d2bef3fe38e4407d387805ac
b3d44e21cbeecc88fe625518c5243a2fa6818ff4	b3d44e21cbeecc88fe625518c5243a2fa6818ff4
b3d972830955a9e9b36efebafa3a0cc1a9726a58	b3d972830955a9e9b36efebafa3a0cc1a9726a58
b3ebd212fc622e7cbca0ae08aa0d6000a5e08e92	b3ebd212fc622e7cbca0ae08aa0d6000a5e08e92
b3f12ea4366dcd9434fd9dfc39bb75ba96a19aae	b3f12ea4366dcd9434fd9dfc39bb75ba96a19aae
b4200e56b1b0bbf771c95b71552c1ba235db4c34	b4200e56b1b0bbf771c95b71552c1ba235db4c34
b42c8acea8cbca8923b6eef6b9e8d5ae2dc3bcf8	8de70531e4fdca2438755a13d85903a257f60de4
b44678e5bc51c82c485b7549c81d0228b6d442c8	a6eb7af259ded33b3cdb74aacfc987aa0b5dad9a
b45aa41afa698cfb5dd7d640c31acee6b5f67e88	b45aa41afa698cfb5dd7d640c31acee6b5f67e88
b46a3ef9ff9b973273a9b4867adca00875cca265	9a80aaf84e833522f1f69f165be60fd86570cd13
b49748bc911dc8ebb86bff54a9063610a65a8e13	65e4fc989f5e967383f60a4264c03f3797782f96
b49e09c48337cac2337b590f96368e367d6912f5	75287f54c58747015c746f4a0d1b49d7aec32c1c
b4a749a1b82cb9cfcc446fcb3fb66fca2270923d	b4a749a1b82cb9cfcc446fcb3fb66fca2270923d
b4aa4e08bffa41a0dadf6efecb368682a3513a24	b4aa4e08bffa41a0dadf6efecb368682a3513a24
b4c81e1c31f832827162ca34c56ea0e073e752ad	2eb6f1c01f0fab209dd21f33f6ff1120d619331b
b4cc845f294b37b8f7d8aad572ba81fbf36d51d0	b4cc845f294b37b8f7d8aad572ba81fbf36d51d0
b4db03201cbccc4063890b2f8f8bc8d1247d7887	b4db03201cbccc4063890b2f8f8bc8d1247d7887
b4e2ed40bc294a692a1d56ffb949f1ff41938a18	b4e2ed40bc294a692a1d56ffb949f1ff41938a18
b504acbddce5dabd6ce75b7540107112fcb73213	b504acbddce5dabd6ce75b7540107112fcb73213
b5228e63d31507e958517c0e7d34725e1ecd32b6	b5228e63d31507e958517c0e7d34725e1ecd32b6
b52829ff52a4f0a4e5c28173c6632f928800e251	b52829ff52a4f0a4e5c28173c6632f928800e251
b5328d78c18c2a0db4e79c66f229f56380eea185	b5328d78c18c2a0db4e79c66f229f56380eea185
b53e5cec6554c4456711c4495464c8c4225f0ece	b53e5cec6554c4456711c4495464c8c4225f0ece
b54b0740eb40a04d541c4ff41afa4f69cb08aa15	b54b0740eb40a04d541c4ff41afa4f69cb08aa15
b553b91dbbd00cf11db6162f2abbe014450d8e44	b553b91dbbd00cf11db6162f2abbe014450d8e44
b558bdeb9df062affec55db0beb45423c3a56ed6	b558bdeb9df062affec55db0beb45423c3a56ed6
b55ec2982cdd504cfbe6c8011080e3fec1c11c78	b55ec2982cdd504cfbe6c8011080e3fec1c11c78
b55efc608774d90009d85daa3e231f0614dd014a	b55efc608774d90009d85daa3e231f0614dd014a
b576134dec589b6f9ede2488cfdc4ad439476f2b	b576134dec589b6f9ede2488cfdc4ad439476f2b
b57c68300953e3de3beb91b9099a79589a3a6751	b57c68300953e3de3beb91b9099a79589a3a6751
b5903cdb600a41d8d573f61286b497f67598ff3f	b5903cdb600a41d8d573f61286b497f67598ff3f
b5a4caf63d85be8cc1479cbd4ea7aa026c45c6da	b5a4caf63d85be8cc1479cbd4ea7aa026c45c6da
b5a80080f704574a35e685142f0ac80f680557ca	b5a80080f704574a35e685142f0ac80f680557ca
b5ad51af26baaa1d32be96b9683be7f521920ddd	b5ad51af26baaa1d32be96b9683be7f521920ddd
b5b9fb75e018d28754a61bef5770f24f407c9f64	896001c26bff674b2bb6815dbdf7bd430b9d1918
b5fb07902212895063cc5b665e2876c52bf725bd	b5fb07902212895063cc5b665e2876c52bf725bd
b611f7bf96d3e2cce73623c0094bc106f0ff2631	b611f7bf96d3e2cce73623c0094bc106f0ff2631
b63414f9c729162b4dc678bba3ada05920ce446e	b63414f9c729162b4dc678bba3ada05920ce446e
b63f93ed031a3ab9ecbb69a42913b20b5fe88032	b63f93ed031a3ab9ecbb69a42913b20b5fe88032
b64f702bc26a7b50391b90a363d2a2b46c4961d9	b64f702bc26a7b50391b90a363d2a2b46c4961d9
b657349eef6f44720895a41230fc011cfb32ba88	b657349eef6f44720895a41230fc011cfb32ba88
b667b85ecee4f2d2de0fa5c277a3bbff059fbed4	b667b85ecee4f2d2de0fa5c277a3bbff059fbed4
b669d45519244bf14bfafa882c8ab3b8946996d2	72b9172148d0709ca4bbf8476e2fbb4012935c21
b66d8521e8a26eddae4f0151538958a4ad1148da	6d9000c4d683aa85f96e1304bfee281f3127491a
b6739840cd326282daadc03d163c2ce4f3890490	626e46c6877bf6fc42101b113e62d27ca163d278
b6786e0fa369d1230c0e0e03222a061fd84d2e14	b6786e0fa369d1230c0e0e03222a061fd84d2e14
b68f6042c5d5de2a5530c29ec3ce4920d37d9e3c	b68f6042c5d5de2a5530c29ec3ce4920d37d9e3c
b6a0f7bcdf6d004d1aa6bb2b7b5ee5d9df987a71	b6a0f7bcdf6d004d1aa6bb2b7b5ee5d9df987a71
b6ad16235e1a9284b5e58146ee94c9b32387e602	b6ad16235e1a9284b5e58146ee94c9b32387e602
b6b2bb989ac55c711a3e705af9430ff5b9551de0	8b7b6f069ff7216d8c0ff4620a71bea70e7ce216
b6d2ab60c0b85497391988531d19f908222f7f43	8e99b2c6bfad04ec88434e05f2aa2813b071411a
b6ea67b6eabccdc593d91e04928331634f3647b1	b6ea67b6eabccdc593d91e04928331634f3647b1
b6ece94450d55632dde8319ce1a5b71bed5c3955	29d65d9412d5a47da68094be930a5cf73c2a064e
b6ed44a2f8749d852475923bab5438721e3eeae4	dc81fb56f682157153b59a0a972e592271eb9bf9
b6ef832c013d00dbf8ce8130f6842f7a3f3fdbb0	b6ef832c013d00dbf8ce8130f6842f7a3f3fdbb0
b7000c2b138f79dfef6e4d25e55ad64b8e044ff4	36cad8bff9649ed75eed5d71711ad266ceecb991
b70838e3c924c22be6dc8cf5b17ac1f6d03026b0	a1c718cf8999bf8f8ad144f935423483499f27ed
b735ed8bb0e65f4feeb5941be98cb361fed17918	b735ed8bb0e65f4feeb5941be98cb361fed17918
b757d347c5408e0841933fa14588480e37558310	6fe80b3d597dff53e4ca63dd0d9362c554cb446e
b770826a7f708df0393820043113fe1f6d1bf1fb	b770826a7f708df0393820043113fe1f6d1bf1fb
b7787074eaa3e777adbf4ba365fc4206a84618cf	b7787074eaa3e777adbf4ba365fc4206a84618cf
b787b8858d794f48ca7f86a312e1247af2c51e34	3a50a11570ec5931dec56b0515c40d50fe85686e
b78c3d907f8aea6fb5b44450621ead5df84e7ad0	7476dd39e038dff2d04f935dfc3016056e0c8f7d
b79472c39295034335a68398cd56a2b2711c0e55	b79472c39295034335a68398cd56a2b2711c0e55
b7a31188e0693a31e58accd039bd30c3f8c50c43	b7a31188e0693a31e58accd039bd30c3f8c50c43
b7b7aa9432dcc350a35db1961aad9ddae43e610f	a98e4e120b70520b4ca917dac5148bb8e896a9a2
b7cf3c0b1f9702189bff10a95b3a3e7a37d62d76	ac05c0fa14dd8d228ef7433966b751d40266223a
b7d0cc0db3b1bc4b00d577c326ae112943c5b19e	b7d0cc0db3b1bc4b00d577c326ae112943c5b19e
b7d14d27bbab2f3b960e7eaf45b4f270a0dd47d4	b7d14d27bbab2f3b960e7eaf45b4f270a0dd47d4
b7e1886b7586ec78fe8ac08eae45adc59f0e80a7	7f12b59c6b638a425049c799b84fbe3bc86a4b23
b7ebefc57aeeecc3e1b8d0170cb47c0179d6e498	6757f579dcc25362b7e5ad7c3d42475cdbb4f933
b7fb976154a77ca6ce1f4daa2e2437268c19efb2	b7fb976154a77ca6ce1f4daa2e2437268c19efb2
b804c27c7f8455af3eadf05c06d0b270d033e0f7	b804c27c7f8455af3eadf05c06d0b270d033e0f7
b805e27f81845212066ddca7672b86a2f57f80ec	b805e27f81845212066ddca7672b86a2f57f80ec
b809f2342a3e417db07c549be209122c7228c833	b809f2342a3e417db07c549be209122c7228c833
b818c33873a95e69011e923a502586ee266acad0	b818c33873a95e69011e923a502586ee266acad0
b821633e1ff1117376d8413cf2cd1783f7e9cecf	b821633e1ff1117376d8413cf2cd1783f7e9cecf
b8454a28490d554bcda9e16d7577d704e3f0d8c8	b8454a28490d554bcda9e16d7577d704e3f0d8c8
b84bc03a848489cc5c3d3853e29bf6207ca65ee3	b84bc03a848489cc5c3d3853e29bf6207ca65ee3
b877fb2591eb7001aacc9f804862a340326f8c0c	b877fb2591eb7001aacc9f804862a340326f8c0c
b87d9d456475ef157b8524f3bd9c12aad2d58128	b87d9d456475ef157b8524f3bd9c12aad2d58128
b89674ba0428ce48e8214db7be98622904cc58e2	b990910c0e8bc72c4f7398744fe2edbb6c7104f8
b89d74253777ad012cfa78e33bda9e8275309793	b89d74253777ad012cfa78e33bda9e8275309793
b8c01499bfa90d11bc34288b2748f1a678ef20b0	54179c326948b485b44c8d1f586edfda7401d07a
b8d3cc6608786611e7d8c0c35a76ca67022aa1be	b8d3cc6608786611e7d8c0c35a76ca67022aa1be
b8dedea1afbeedc954a59511aa31926d705f5c52	b8dedea1afbeedc954a59511aa31926d705f5c52
b8ee880e74fc29266d5bdf0ae0cdfae20a00d0a5	b8ee880e74fc29266d5bdf0ae0cdfae20a00d0a5
b9080de73bd0c1955c134c7c9823f42b4dfc45ae	b9080de73bd0c1955c134c7c9823f42b4dfc45ae
b9137a880175c28bc355ea204ff7635a4b4cdce4	b9137a880175c28bc355ea204ff7635a4b4cdce4
b923be056eee3b1b357cd2a9642fdf05bd79b532	b923be056eee3b1b357cd2a9642fdf05bd79b532
b9294a9f5a8eb2162049a562a0876d4980d7279a	b9294a9f5a8eb2162049a562a0876d4980d7279a
b944629fae9bedfa2c1a7396686d3a02c8afe473	b944629fae9bedfa2c1a7396686d3a02c8afe473
b95b1dfdb70ea1c0abd204aef67d1f813ab709b5	b95b1dfdb70ea1c0abd204aef67d1f813ab709b5
b95f929327e59de004afb433d8abb1d7b345e530	b95f929327e59de004afb433d8abb1d7b345e530
b982a7797dadf4ca8354d2d0d59494ccbc0fa903	73208b21971e118ad09f17884a5d2c83a274c8b0
b991f543807751757fc7dd78adcba1ecbda90659	a6c57437738833b43b68390ad03c2167ebbbb02d
b9ed9e625dc98d26746d1815c62166742c7b0873	b9ed9e625dc98d26746d1815c62166742c7b0873
b9efcd33954dd1f73658e2164cfdb00bc155492d	d4e0d60c52d9d15525536b48a889f37839a3c707
ba0475f43546048447c5fd2ed798c6c239bd0e6a	92c3f253f9ea76ed54e8f92d2676088b8812acb4
ba12de6868c801c050dd6ea0863650491ba29011	dbdf32ae3051924eb903911072ccbef194f24d84
ba14a0b7fd5695a9dd51d1af332862257ca153f6	86c34142663dd59a96d857c98f0f4f85df444370
ba1706fb2af0b129f3039a32a5fd12c304090aaa	ba1706fb2af0b129f3039a32a5fd12c304090aaa
ba3957ba269a2a6854ea0dc176a9075403de3e01	ba3957ba269a2a6854ea0dc176a9075403de3e01
ba5a335634ae983dc062c15dbc94a86c7910668b	71f13c63c37e9818a8e2f59277a16cefd515ca2a
ba6358a75c8ef60f6837064f85c2331c66a06193	ba6358a75c8ef60f6837064f85c2331c66a06193
ba66fde3cbb78723a1fe417f2452d76351d57389	ba66fde3cbb78723a1fe417f2452d76351d57389
ba6f28521428e93e2908c7f857c009802c8a3351	3509cf3a1c2180b10fe3baf617695be5f7be7475
ba83ede5af4d59c676dcb02e5436d0f77e853229	ba83ede5af4d59c676dcb02e5436d0f77e853229
ba88844ddb4880a1b6464d369a7b026aa7e12f26	b0b36e5329dc6ea286a462a8982724aff7618743
ba8ad11e8266a8a555e841177cd095138e755b5b	ba8ad11e8266a8a555e841177cd095138e755b5b
ba90cabb8162f004759b035d9439199434b2cd29	6216e9a44bb4ee0a42645adc4d304f561f76db0f
ba99af887691d6a7804bfc6d332761b4c7f554ad	ba99af887691d6a7804bfc6d332761b4c7f554ad
bab9cae4b32980e6825ef146e2506cf86f37ba1d	bab9cae4b32980e6825ef146e2506cf86f37ba1d
bae7140f370401d0ed0a6928ed0c2595e4c865c1	bae7140f370401d0ed0a6928ed0c2595e4c865c1
baecc18c33d3b23ff1f477ae83a2cedf52e7bb0a	8baafc269b7d9ccbc2f7a66775844476874c247a
baf71bd0c38231ff16159352ae416caf615871bf	baf71bd0c38231ff16159352ae416caf615871bf
bb08feea9282232366de913353a241b28e7b0f58	bb08feea9282232366de913353a241b28e7b0f58
bb1751bd19239d5c6bd1c4a428bda618df5abd50	bb1751bd19239d5c6bd1c4a428bda618df5abd50
bb194d63db8b848c887dde56a884d7313b431771	bb194d63db8b848c887dde56a884d7313b431771
bb33eec43348766fda1c9236490539d0ecba1576	bb33eec43348766fda1c9236490539d0ecba1576
bb688e0f4268e1bfcfd104dfeb6052fe50473fec	62c90aece3a9aa18b44e7f3f5710b78f0173ac6c
bb734ce1a026bdcbd92ba8fd1ec7f3ad80eeef1d	bb734ce1a026bdcbd92ba8fd1ec7f3ad80eeef1d
bb956d3cf4d53c386eac62b19c02467215571e37	bb956d3cf4d53c386eac62b19c02467215571e37
bba7bf601be55f170b15a42eb268043102939608	bba7bf601be55f170b15a42eb268043102939608
bbb5e47f1a271e098b35cd148fe4311f282582c1	bbb5e47f1a271e098b35cd148fe4311f282582c1
bbf81adbf0d4c8a90461d7a3ae283bb82a1fa78f	7d15269044afd4c768e6370ae3c839907a27b303
bc1c79d139a39fcb489036b54c7beb71790cba48	714d42d6f368fb0a64aaff187207a4288a7ac8bc
bc2574cb7192bd663e41af2e7a9141c30ec79722	bc2574cb7192bd663e41af2e7a9141c30ec79722
bc2ab0f1921d8697802f77944f344a9ef2821290	bc2ab0f1921d8697802f77944f344a9ef2821290
bc37b55cd4b52a5e2a21ce56bd7dc8f11b414f51	bc37b55cd4b52a5e2a21ce56bd7dc8f11b414f51
bc39560e2e88a4d8c42fe619cb94402445a2c796	bc39560e2e88a4d8c42fe619cb94402445a2c796
bc42e1376bbbe55f3be3b290bc5f6d47e83f0991	0a27dd9f432426d5df74246bb6123de6dc64c1ec
bc791c452db07e7a152e3b4103070d1755540376	bc791c452db07e7a152e3b4103070d1755540376
bc7d486c278f1fce0108b585ec86b52a9edf8e8b	bc7d486c278f1fce0108b585ec86b52a9edf8e8b
bc8c86d5122f5c01221d023a2719673dd226936e	216b142c6168e4ebf2243e772aaf600e0044513d
bc916deffe69904ef6612fe9acf229ee4bdb5c0c	be018bce51a3ff36dfa8622594b91b237d40124a
bca064d44cc85ae3effe2d54db8f889c33e55531	bca064d44cc85ae3effe2d54db8f889c33e55531
bca1307d02112672286f78b77c687ec2599a53cf	bca1307d02112672286f78b77c687ec2599a53cf
bcb8cb7bb01b835f9f7e1e2c2ecc744c2152e194	bcb8cb7bb01b835f9f7e1e2c2ecc744c2152e194
bcbe9aeb49a2a927d9fd6a8a3546699c22071abb	a3aecb10dd4018aeb72b5b92ca7c8de67c69c1a8
bcc46c86635f47896bd358fa46baf1ffcc318a43	bcc46c86635f47896bd358fa46baf1ffcc318a43
bd2e306e64668edbc003c7a9905a372210ac900a	bd2e306e64668edbc003c7a9905a372210ac900a
bd3165360220e52da91177c99f43be95e6768421	252438b11abb77019223b09a0050cebac66e0a4f
bd32b7fe3434e1ff9b3da1ef538370ad5a706faf	a7c0fd933b20892830542d2609970863d881d15f
bd3d8656726dcc919c514fab30a75800d3511265	bd3d8656726dcc919c514fab30a75800d3511265
bd43c20b2f1a6324541459410574abcbe94ece66	fc756827b20ae0a62c90b3dd1f546e6dacc0bd03
bd4a70b9d99183229d04ac4b0f252c66806c1d09	bd4a70b9d99183229d04ac4b0f252c66806c1d09
bd66177aa18e0e27f6cd8871820185c10af61cda	ff8e1f1a2212a10a498b57bcd4ec2a52bc3bb24b
bd80362c0d71dd51d600977812b0b6c8cdf94b86	bd80362c0d71dd51d600977812b0b6c8cdf94b86
bd9591843fed8a4ecda60c5aa8bff23f3ba83163	bd9591843fed8a4ecda60c5aa8bff23f3ba83163
bda3116fffcc00e5d3c9e56db0b4942f8e254ceb	bda3116fffcc00e5d3c9e56db0b4942f8e254ceb
bda762969159f8abb7a0f17d2034845d322138dd	3e03762ef8cc88a7155ddaf16b1d06c9ac1d88d9
bdd748c3e1c5d05277b6f34a3d714a1034499f1f	bdd748c3e1c5d05277b6f34a3d714a1034499f1f
bdd8fc30dd35ebcd9acc83efde3411b88ab18ed3	a0a7e819788f26d05cc528f045b846698041c377
bde19e4fcdc6d4b9bd51cd3bd15db32599ba1d4c	6946021cec7c723f8eed1ffb666dbcbf0452e671
bde732d9745f1e386801997cf3b6de58de465801	bde732d9745f1e386801997cf3b6de58de465801
bde8a7d49a6718e9d210237ad2fb9e97a63cda7d	bde8a7d49a6718e9d210237ad2fb9e97a63cda7d
bdf89463db50e975cb9d72e08eeef9549f3d133f	bdf89463db50e975cb9d72e08eeef9549f3d133f
be0b951a8639ce381ff7836d93e244cef4478d9d	0ff9d4e49fe95a406a89a6bb46dac37353ea58a1
be106cc08b16649367de02a0f1de0d15508bad98	fdda7c8b901cab5eeec0afeb1e0a79b58953d09b
be16cdd338fa3d85a01faecd5bd0111cc8393e6a	ab6ab21bfcc484fc8488b5f8e7df156f51e872a4
be181353492d6997806ee33116bda40f3509223c	be181353492d6997806ee33116bda40f3509223c
be19c9614e6949a655cafa2b1e7f2cb523651060	be19c9614e6949a655cafa2b1e7f2cb523651060
be263855ab7c004c074dec6b9f12b50fc5d810c7	906895b58af0a7571b57ffd9d9abe8c47fbde80c
be3ab32245fb6bec78e107c5dae50b4ad875814e	be3ab32245fb6bec78e107c5dae50b4ad875814e
be5cee36ba2a13134751e8e82a913a21bfa54de6	322ee8e4d778f3474007ff8bcc7e9822b1bc3a59
be617dc4673cb1c861868b027eb39a9596365c72	be617dc4673cb1c861868b027eb39a9596365c72
be80584eccc55989cc950f0949909ea818e73f16	9167a0878c9b9271064d7623a17381d03711374b
be89a9b5dab2dd5eb51da23398a39eab4469e5a2	be89a9b5dab2dd5eb51da23398a39eab4469e5a2
be8a0ec3b95fe8ced790bc3cad405a659cf5f51c	abef127ea5b2df5d4954c1ef5e88adfb7bd77f82
bea5890fc7197f68711780322acedc47a107d834	0917f27363e020bdd1613fb6617405f9dbbe7769
beca52e75f248ed293f646f6f89a843a19d02a0c	36ae4dd9345b3d3e50c959fdf82189fddf46a888
becdfa5d8a1a64f304e7e158053efc037429092f	becdfa5d8a1a64f304e7e158053efc037429092f
bed13bc47aeb1882ffafa6d052d78eb8162f453b	64734e30ee8b199cf583feca81bbc8ca0f0b2794
bedeb90d9734a8fab863b5029aed098693fc1d39	bedeb90d9734a8fab863b5029aed098693fc1d39
bef0a50d998e839f8c8c4b99d8fce6dde7fce982	bef0a50d998e839f8c8c4b99d8fce6dde7fce982
bef254ca28e4f7b14230a128d08b326acc00755b	bef254ca28e4f7b14230a128d08b326acc00755b
bf0ddcafffb6649af76efe3af063841e87f7928c	902a4e59b5a18ded69c93d8f2860ea1c2ae64ca1
bf378f1663be4d245572a0b9c441cc5f95c71d58	bf378f1663be4d245572a0b9c441cc5f95c71d58
bf538c0755a03d8f7ab508e3d67a5d342f2bbb45	bf538c0755a03d8f7ab508e3d67a5d342f2bbb45
bf5eaf7d342cac7880e41374a687af58523c0ae0	bf5eaf7d342cac7880e41374a687af58523c0ae0
bf64c789dc37949e0b842ed5180bc5c64c1bb561	bf64c789dc37949e0b842ed5180bc5c64c1bb561
bf6b74a06f9f705c94e33f6e03e21cbd40d21943	171e1e35d9287cd03c67cbbcc377a99de4e92d13
bf730ea2a133ba6c4f7405d7be23d129a305df9a	5ba84c98bad81197049ff89cae54e65c03a91aa6
bf7831b870cd051bd4969abceb647f8b8d195885	6ccde841d170cf595ca2f431dc18b03fde33dd3e
bf869680169b38feb4cb4ada7658186804d3710f	0cbd8a3bbf74a15a20132b7529527cd8f12041c1
bf9847c75acc9e739e213ce7e23a0873219fb5b5	bf9847c75acc9e739e213ce7e23a0873219fb5b5
bfb9bd8cb20a7b05480b3f067009ba6fbdb28202	bfb9bd8cb20a7b05480b3f067009ba6fbdb28202
bfcd8d732de060ab5d885c198d6314b304b57d5a	bfcd8d732de060ab5d885c198d6314b304b57d5a
bfdc32c74acaf011161d53037df7d69a3662b01d	bfdc32c74acaf011161d53037df7d69a3662b01d
bfeaba16fadbeb228414b3742fc4538693f8c5f5	197f1e7f9d223284f12fac2e7a6e0dfa5e657923
c0069ae663b4ffb7d6b3cc7bfa9315d0ff3c50e2	c0069ae663b4ffb7d6b3cc7bfa9315d0ff3c50e2
c009b41604d574e08b05eae2a08dee000bde0aa7	c009b41604d574e08b05eae2a08dee000bde0aa7
c02a7f1fdf3da1c8ff59236d91f1e962ea2af3c3	c02a7f1fdf3da1c8ff59236d91f1e962ea2af3c3
c035ff2c41e49e17a3079682a656538059b6bd3e	c035ff2c41e49e17a3079682a656538059b6bd3e
c03d410cd42b775aea33b61d6912f797272f2dc9	8fdb4cf3ea4b47f2cb423305354459cdf41877a0
c043bc0e7ca0642e383841dfcc537c5bdb4242e2	fe2609860d3323452da0e5de2170d533b2117259
c04482137d73b1bd7fa2421e89539536eea30d21	c04482137d73b1bd7fa2421e89539536eea30d21
c04e3aa02106a0b881ac6aabd063b8f074334138	c04e3aa02106a0b881ac6aabd063b8f074334138
c04f58d0bd14cb38f65abaab98c6a2663faad996	cdecc214eb1f68c0574ba1c8e0cae78694738d79
c052778341ad6a24211f93b17bcba1154ef17613	c052778341ad6a24211f93b17bcba1154ef17613
c059f7c8e98e393dbda0703d7b262863e2a23000	e2523749640d952055b0804182d410507fe7ac1b
c0b2180f0770091bdbf1da13aa73a11930a1b94f	c0b2180f0770091bdbf1da13aa73a11930a1b94f
c0d783f14ee4dd6b385496663b6efe8bbf7ab38d	c0d783f14ee4dd6b385496663b6efe8bbf7ab38d
c0ef0f753b35f1324785c3780052754e2adb39d5	b6e55c839e0990cb70b05c3b9e2d9bc89474fcaf
c10e3524ef7ac81ae7c3ea9d7f5321eb68a36222	c10e3524ef7ac81ae7c3ea9d7f5321eb68a36222
c11a7644bed166774624720d37361335441cc05b	c11a7644bed166774624720d37361335441cc05b
c12587fca888aae47dc96ac0a8afd583379d3af3	c12587fca888aae47dc96ac0a8afd583379d3af3
c1277500237c3ae2fbfca62c9c4e433e67fbee29	c1277500237c3ae2fbfca62c9c4e433e67fbee29
c13080e4f63ca09882f3503876ca0d0299432a69	692a182c7fc962c35d14a3c8cae2679bf235867d
c13631626c285f95053e02ecc216b982f950f181	c13631626c285f95053e02ecc216b982f950f181
c14383916ef492bc42cc52d4c87e831ced69b736	7c3c75adcdeb9d6b457f792d1197652e6d215383
c15ef6d6aee94b0a0bfb75c96ca3fa9ef2cbeade	c15ef6d6aee94b0a0bfb75c96ca3fa9ef2cbeade
c16b76a449a5ea844f5f32c6ed7e2ed798db3a5e	c16b76a449a5ea844f5f32c6ed7e2ed798db3a5e
c17d206741052cbf008169f133e78d107dd901a5	c17d206741052cbf008169f133e78d107dd901a5
c18ae7af21e705960774a270b5f0975517b9bb21	c18ae7af21e705960774a270b5f0975517b9bb21
c18f8eb0b3b5cb7524049f063b81846ee83456e2	bcd16471149f2763982e18c88ea84e4c55824b9b
c1940b17c473f1975d7192a82e85d7e0abff18cf	c1940b17c473f1975d7192a82e85d7e0abff18cf
c1b6a0be7bf8d67ee470c0380f06535851a64a5c	5373473cf1e6d6cbd3888b3baa22349bcfd5deec
c1bcc5717f6a9c87cfa3ca0d64e9ef4acc80874f	d0a52cfd3540dceaebdf3c196603f20f5bf9b480
c1bcd7a909e12fcfeea6a2997c4527e3e313df06	c1bcd7a909e12fcfeea6a2997c4527e3e313df06
c1be06e05432e6aa172f6c01aa32c73999046c62	c1be06e05432e6aa172f6c01aa32c73999046c62
c1da4f354b3e5170f90cf2afc2915f32e33379c8	c1da4f354b3e5170f90cf2afc2915f32e33379c8
c1dda7def196181907fadb03e3ee12618e729a93	c1dda7def196181907fadb03e3ee12618e729a93
c1e2cafcbd37d9b5aea3df810141dca4bb90243d	c1e2cafcbd37d9b5aea3df810141dca4bb90243d
c1e579ca860479aabf2b3fa83e302d90dee1ffd8	c1e579ca860479aabf2b3fa83e302d90dee1ffd8
c1f0f1304691bab7293ad8a9cf5661719a9f5e29	c1f0f1304691bab7293ad8a9cf5661719a9f5e29
c260a8a067c374a526a592816bc7dede97e7a317	c260a8a067c374a526a592816bc7dede97e7a317
c275773fccbcc5bb87422fb38dca578bb40b1777	bca3d3740fa732a2b43c37d06f00910ecab61ac7
c27a51e3c691ec17184c5c66d6e8e1f687836d7c	c27a51e3c691ec17184c5c66d6e8e1f687836d7c
c286d5045703f6f6ed2204805d3fe718683cf676	ba9c652c0f10b17b6ff85a15c9c414bd0e873cab
c2d4dce9db4f8ffb5cd213bd09cec5284e241312	5c4abbd86ca643323713340e6a718b840419ca50
c30c5bb89e55e2da8ade503f98e52b715bb2c2d2	6229b8f87b30d53c9861fcbcc6fd6edc7c5b29d9
c311b23efd85a43375646de4ad628a7f64cad4a2	c311b23efd85a43375646de4ad628a7f64cad4a2
c313c4da3409c8f514a030b25a0a06d5525a829f	c313c4da3409c8f514a030b25a0a06d5525a829f
c32524be143406431767de499669d02b0328bb65	c32524be143406431767de499669d02b0328bb65
c331b55d2b980990f66da16adfcc747191a3412b	c331b55d2b980990f66da16adfcc747191a3412b
c3353ea32ee51ba6160c8ec20ae202490e9e8548	c3353ea32ee51ba6160c8ec20ae202490e9e8548
c33e2b041c2aeac958f5fbd73d846ee146d834b2	c33e2b041c2aeac958f5fbd73d846ee146d834b2
c38bbbce6bfd5f445a8336656627fa59b9993be2	c38bbbce6bfd5f445a8336656627fa59b9993be2
c3920baaf4bd01f4777c72ccd0abd0357003305f	c3920baaf4bd01f4777c72ccd0abd0357003305f
c39c88b737324f51131368f41cbf1756ecdabe37	c39c88b737324f51131368f41cbf1756ecdabe37
c3cc0f03f5bcc8b64c1e674d0bd63e3139e196f1	2c632df2e05dcbe941caffe6a7ed162745b5a461
c3f7d15257ebe8f5b33fd5277c6121d22be05c77	e4e504e98ac60614b9cf9e9cfd9b93a31dcf1acf
c412112d4bfbcba9dd5d59024d135c187cf1bb9c	c412112d4bfbcba9dd5d59024d135c187cf1bb9c
c41d2ad4940f01df4a9330a737d3aa44e55971c3	c41d2ad4940f01df4a9330a737d3aa44e55971c3
c42358e352a1da230454b7cc8ef25f6066c688f1	c42358e352a1da230454b7cc8ef25f6066c688f1
c43cdb6abaf30fcd9d82dbb6788f2306575a3f89	c43cdb6abaf30fcd9d82dbb6788f2306575a3f89
c44521d88f381d3825b13f986c425927cbe0bd94	3f9afd65ac9fc62eb228b2cb6926049c389aacb1
c457480014a12f965c9521276705bad532827744	75d8b0181f9e467b3819c514932b3a8658e0328d
c4607a159f358dcfd3d72659dd59c469e2da2b4e	3ee109270577e94a3268fe057c0c791084585ef6
c474221ad6349aaad73d31465514c5505cbbd4e0	c474221ad6349aaad73d31465514c5505cbbd4e0
c47a380859043ed7f7e869bcee0be610e62baca5	5524942b5f88c6fa17befdfa7794265ce7223a8a
c47b40a6d7ef46fb2e1ce03adc67cb0bb98d54b3	c47b40a6d7ef46fb2e1ce03adc67cb0bb98d54b3
c49a2417a242c9c073e85b9b8f91a4666f717557	c49a2417a242c9c073e85b9b8f91a4666f717557
c49c8e0cac94fa216f0c66e042bd5bed2df47241	c49c8e0cac94fa216f0c66e042bd5bed2df47241
c4cb71090d834bf2008be81869676eac774a1d71	e452cba8f527f5a7b507d1fc3a8e9a7b1d20bcc7
c4d4c9ddc2c4fa7325e59a8314f31fb18b8efbc7	c4d4c9ddc2c4fa7325e59a8314f31fb18b8efbc7
c4d634bdb499b46e4f7f6210807d88644a7ff79b	c4d634bdb499b46e4f7f6210807d88644a7ff79b
c4f680a4ccd5f6c4473fa7275b0eaf733dac971c	c4f680a4ccd5f6c4473fa7275b0eaf733dac971c
c50666d7a7db2e32250b12d15fa57921604c9239	c50666d7a7db2e32250b12d15fa57921604c9239
c50ad7632e211523ce51a8e4c93da3559e2e5722	81909c38a3d8c34d956f458217e98edaebb34416
c5146a9a581f7e81ee5890a109e3f9ae81047ce9	03211c40bd49ce97ed84c6c0254b4f1d9c1216f3
c526783ff19b9de2de1502acf5e2b520e01af65a	c526783ff19b9de2de1502acf5e2b520e01af65a
c538e0454505a876d1c284ad1db795226bfec8ba	c538e0454505a876d1c284ad1db795226bfec8ba
c57fa5dd84c69cc10249ffbd962229634d1f78a4	c57fa5dd84c69cc10249ffbd962229634d1f78a4
c586e775e66da7493276fc6356237a1abb325e7b	c586e775e66da7493276fc6356237a1abb325e7b
c5ad3b0c994f16d7283d525fd7c38c6dc47e5cfe	c5ad3b0c994f16d7283d525fd7c38c6dc47e5cfe
c5cd91f364e64403d0f3d61258efe177e1041d98	c5cd91f364e64403d0f3d61258efe177e1041d98
c5cddb8f8d1e8fc95ad758e18fb31eabc01ab5b2	c5cddb8f8d1e8fc95ad758e18fb31eabc01ab5b2
c5de085ebb848a132de82701acddbd01a2d769c0	c5de085ebb848a132de82701acddbd01a2d769c0
c5fcc23464f25fd535e7054a5cc2a01ef43e4ab8	c5fcc23464f25fd535e7054a5cc2a01ef43e4ab8
c6073ff735a865883311954baff19afc9fae1496	c6073ff735a865883311954baff19afc9fae1496
c624290560dee0d7a754a9e69f86284ce16596f5	c624290560dee0d7a754a9e69f86284ce16596f5
c62b4653dee0005258ebf39543fbd8b8894ff9c3	c62b4653dee0005258ebf39543fbd8b8894ff9c3
c6755562972d8bcb677cc614e1ad4e334d3ce153	c6755562972d8bcb677cc614e1ad4e334d3ce153
c678cbce3baf17caea822148e099305bade2b1c6	d9845d6934fd10bbd47000796443b62ed0f3a2f4
c68041d4541c213bbf708e3ad448e8eb0ace9dc6	37325106def421cf7e1d7f393289d9af47344f43
c689de806a1e1cd256ded306f432f830c15a86fc	7a732ff3cf0d96627903c71735908d39dd4981ca
c68b82252dd86b12b2ada13bae4040c46a7dc2cc	cf74205990586173e57f0e09a066b3809e1aac45
c693440fdfcf3341f7d71dcf8a4da2ed90914921	eb5feae5b4dd83edfa66fa350c24a9323249b1b7
c6a0f7b7588f50e7a0368f56cc551a5fe4165d30	1d71017a6a56656f387d58b9e37aeace94a2879c
c6bafd07ec994031287535292a4a47f8c259742b	5b7fad3e5303e82920e69af89f02ce1b25baa611
c6e2e435970c47252970767c9e40300f79ddba23	4551f59dbcaf1d7da39adfd2820925fad86fa9df
c6fcd70c8af8ba226ef6f84a5484362b0b583aef	c6fcd70c8af8ba226ef6f84a5484362b0b583aef
c70b83de766fab4550b94bddfc973b3daec653dd	c70b83de766fab4550b94bddfc973b3daec653dd
c724f8e6ef15457ed2e3a646042624cc1eed1bba	c724f8e6ef15457ed2e3a646042624cc1eed1bba
c7256c8e4c04cca0f23f8f6a43c01b03aa3c9346	c7256c8e4c04cca0f23f8f6a43c01b03aa3c9346
c73ce71cd81abc0e24b903590f1d50ace72ce91b	4acf65edb178c22e40f4fb8cd439e953fdda539f
c74fce7a2374841f6b63d3ebdb6ca97ec85d52cb	311f9c28513aa1d5bc97f0983da84859a5af370b
c77d34077ca81af854dbcc8efa6f4cf72651ee22	9e57192671103753f87b2275e4a80e84576c8621
c78203ab1b96df255734be6414cb7e6387912fd1	c78203ab1b96df255734be6414cb7e6387912fd1
c788956c0d2409634f3f18929728c75e811fbf8b	c788956c0d2409634f3f18929728c75e811fbf8b
c78d19705240ca7294ef351432c5c446639e70e8	c78d19705240ca7294ef351432c5c446639e70e8
c7ac0b01f673033fd4e2d220c3f278ec7dd6d850	c7ac0b01f673033fd4e2d220c3f278ec7dd6d850
c7b2c11e6880b90674108754f7930ccc69809f9b	c7b2c11e6880b90674108754f7930ccc69809f9b
c7b67bbb165f57ebe1009cb9a68809fb5b3eeaab	dbce5a2a72acef0d6ab1eae57ce8c7ce9c7ae61c
c7be85e5ef20bc1ec3b766868711c4d9f0bd3ff9	c7be85e5ef20bc1ec3b766868711c4d9f0bd3ff9
c7d8b95ae76272b0a506dbfe4d67619f01792317	13db1831091fc2057cd151bb51d63bd22e8401f9
c7d9c414c143245f9ab2ac20eef39e60bd8f92ad	c7d9c414c143245f9ab2ac20eef39e60bd8f92ad
c85f4bedb2597765357f3c64e59a632f19ce104a	cf60f12fd11ab11ec3da612d1af627f45c8e9ad4
c86b67e560db36e8426e51aca6c1a67087f040ed	c86b67e560db36e8426e51aca6c1a67087f040ed
c877263f8501a0bc9fd76805b3f056d12330fbdc	c877263f8501a0bc9fd76805b3f056d12330fbdc
c8846ee2dab6bb26af4aa7ea6ce44fba9064b415	56b90bad5bfe1049714577e30cb6d4a97c93f6cc
c896345cbbe4dff8ab7c7522478b879fe04bc77d	0d1c7d8ed9b9074043cb5bc4c0265d9134b09ce2
c8a1f0768b0ebfa76cece5cafc8ca325ff9c1efb	c8a1f0768b0ebfa76cece5cafc8ca325ff9c1efb
c8af8d2f5103a85bff488ee2bce25dfdd3497db5	c8af8d2f5103a85bff488ee2bce25dfdd3497db5
c8be0d09ca932c29d66d0a28e8240596f8caff77	5f5849b2d20d54365cc1c4a19d7b75d9c009ae50
c8de865ba67d47db34ca1b4e68ea137aca369f5b	c8de865ba67d47db34ca1b4e68ea137aca369f5b
c8f071e4f6d5c236963d9e2e38d1391c429106e9	c8f071e4f6d5c236963d9e2e38d1391c429106e9
c8f5a33f5815225636897c02e681b20d2546a6f6	85ae98436a34be05329a9d682b9ce978fa5bdce8
c90f66f46a1e3e8b2521e213b55096f3134f5434	91734bfefbfdc8420b9df8528d9c42ac96f7d3c2
c91fd234c363d4b535366e9d0f6b175d16302072	8b92405c848bc633310f95763f0d8acbe9a4987d
c9470858b69fcdfaaef02b3f7624d0b4c1301105	c9470858b69fcdfaaef02b3f7624d0b4c1301105
c9492b770d45aca03dbb2e553dcb8f3c87c948df	56ef23189a16cd0eaa1352d04e0d9e822d45e0e0
c94c5df028b7e58cc1f0b72492c485355e886322	c94c5df028b7e58cc1f0b72492c485355e886322
c953a6b0571d85d507a60ad1de678c6fbb7d5f85	c953a6b0571d85d507a60ad1de678c6fbb7d5f85
c95d5609d5dca0d7786b11d1d2f55b75a38cb06c	c95d5609d5dca0d7786b11d1d2f55b75a38cb06c
c96d88abfd528c775ac69e0d8dc265d6f390e3a3	c96d88abfd528c775ac69e0d8dc265d6f390e3a3
c98a055c055d3024c6dd18713170c9182f3b2780	c98a055c055d3024c6dd18713170c9182f3b2780
c997a6c9817b80857ba7211989cdf6412d3b1003	941d15aa57c4b938ec1a74e69a4f7bf9e883e934
c9a77f2198d03051bf2a50849a507a8617b93586	c9a77f2198d03051bf2a50849a507a8617b93586
c9b69455e74fcfd274fdd3d3769e002941b1c3f2	c9b69455e74fcfd274fdd3d3769e002941b1c3f2
c9c586b0c06d25277586181b7d4fcec6f0066d9a	8a871ebf254703aa6aac1bcfc3083dec7d1befa0
c9d024e06f82e8c975ef34a1f6c3f9eb590eae2e	c9d024e06f82e8c975ef34a1f6c3f9eb590eae2e
c9e23b4125a6d69f7499b7f7619ad6134883d814	e60c35c0beb209837e0695c76e2184cf9184acf2
c9e9ce8f6dac5dccdfb1ce12e333bd9c42801c66	62557e87e3ad68699454a5e9285c9cdc1ee8056f
c9ed1888a4efc2a5d68fd0bdb00c5a6f6cafdb6f	c9ed1888a4efc2a5d68fd0bdb00c5a6f6cafdb6f
ca09fd1549cb0856b5ce8591c24f967800268619	7f82450eb70f96f41c03222754692f81cadb00fc
ca1a187280001111af614dc27a905eecadf790b2	c44f6f3690ff9d5a38de316eebf6f51bdf7dbf4c
ca20a22749a49b905f894e342fb8b4f66512b5ba	ca20a22749a49b905f894e342fb8b4f66512b5ba
ca21973090ef50d10d908cf4720238b70521e1dc	ca21973090ef50d10d908cf4720238b70521e1dc
ca3db2fc6049310afcddd52d6f5ee944887ed5df	ca3db2fc6049310afcddd52d6f5ee944887ed5df
ca49b454025e19e661a70ccb76832f23d0fc3365	dc628054f647c79b4d5d4bc9c79c5c93681facb5
ca4e5232d2ca18aac90f63c2d23702bb97613199	70f69b4d36fc9e22bd37dd55e9fd91863c605cfe
ca57be7102659ccef1f04e952fbae1698866ced4	ca57be7102659ccef1f04e952fbae1698866ced4
ca5cf78c029b2b1095df1a8a74f8fe067d894be3	739163eefc3d06476186e6db07d52655629b5cd0
ca61992b59f05a9991cfe4ecfce176b249b9d3d3	c66910a26dd9d8b48f0bbc241b815eb984dce6f6
ca7b78ed260ad62c6dd910ea2967115ea8f2c8e9	ca7b78ed260ad62c6dd910ea2967115ea8f2c8e9
ca9573c87e7e0bb365728aef9d69c5d16d65e9bd	ca9573c87e7e0bb365728aef9d69c5d16d65e9bd
caa97d65ce48fb670a31071d88e8081ff85dd8eb	caa97d65ce48fb670a31071d88e8081ff85dd8eb
cad2acbe46bf032c0d4337503d6e6e2732901dd5	cad2acbe46bf032c0d4337503d6e6e2732901dd5
caecf1674e1080460f45c5efd9900c12639be4b1	8c8a981ca2929b07f260587adf26ea7802049fb8
caf92f8d1746250a6e119670d773e2d92358f0d4	d873d3e043a56467eea16b577ef473ec84476e17
cb33a1937b22a593a7da69d096d17dccb2d89733	ae51fa3f95d4b4777d8a146b54f6c7179ce1d3c3
cb629b5f9d6582f629f5d60ea2d89c4e7a438682	7bde70701110aacc942518014afbcd69858fe69e
cb6b6c9e7b88edc7130aa426f7dbd94513c0684e	cb6b6c9e7b88edc7130aa426f7dbd94513c0684e
cb9cce574d4687eea8a3f36f33f693c530f98096	4f06564f7db5da481b6a79d8ad78d4183938ede7
cbaf40434c42a17f69bc929240379a6cf9c3eda9	cbaf40434c42a17f69bc929240379a6cf9c3eda9
cbbb7d63c6ebddf7081a5f73a1df860633fbb454	cbbb7d63c6ebddf7081a5f73a1df860633fbb454
cbe09c0d58661e2388f03dc5a18ea6ea3fc841f0	cbe09c0d58661e2388f03dc5a18ea6ea3fc841f0
cbe4734fa01add8e460758bbe3aa5fc9d070102d	cbe4734fa01add8e460758bbe3aa5fc9d070102d
cbf0a6d8f95bfc39bbf9c34fe6eaeb7782303c47	cbf0a6d8f95bfc39bbf9c34fe6eaeb7782303c47
cbfc7dceb2576f3c5a9c1a4727adfa7ea0a49878	cbfc7dceb2576f3c5a9c1a4727adfa7ea0a49878
cc0c71e309306f9cf843c82fb4b85808edfae126	cc0c71e309306f9cf843c82fb4b85808edfae126
cc240fb5f02ee49a608a821a9bf10d49f30dcbae	cc240fb5f02ee49a608a821a9bf10d49f30dcbae
cc29cce15cfabf606ab0d95888ea998871fbcb8a	cc29cce15cfabf606ab0d95888ea998871fbcb8a
cc3998db35f59f956cdc66cd7bc38cb414a204c8	cc3998db35f59f956cdc66cd7bc38cb414a204c8
cc6220ebb2398bf8e2d15c8c28c99805660034ac	cc6220ebb2398bf8e2d15c8c28c99805660034ac
ccae139242a804217a2c8e1ef07abdfdeb0b5eee	ccae139242a804217a2c8e1ef07abdfdeb0b5eee
cce94820d703fcc2d99b4eac73061b93fc42f502	cce94820d703fcc2d99b4eac73061b93fc42f502
cd07f0fbe9933905627bf7fc7012dd2ae03a062d	01bc88ec1fd9c5548b6af2844e1035e107dd9fd1
cd216665d344e7581b71140e257f55b5ffd571db	2e007dad367f6f348f132b56f15308aa4898e08f
cd27300da5efbb27c524c22388c60da120d69d98	cd27300da5efbb27c524c22388c60da120d69d98
cd34c584846b6b7a8a4d75f97c469163eeea9ab0	cd34c584846b6b7a8a4d75f97c469163eeea9ab0
cd385750ac422ada058fe4542595a9a028032fa1	cd385750ac422ada058fe4542595a9a028032fa1
cd540db4ad80dba7eb9e09591f02e8d20f5a9ec2	cd540db4ad80dba7eb9e09591f02e8d20f5a9ec2
cdb31bb60333c0f5a0bf01d0d196a34e1037594a	cdb31bb60333c0f5a0bf01d0d196a34e1037594a
cddea397dbed7895dd16b3291f9823c73afdbd45	cddea397dbed7895dd16b3291f9823c73afdbd45
ce02ba35f814337ed42f78d56b095a69b4f07198	a93513ce6f6077c10e4bc322b8b3b851e0db1fe7
ce122b8129e05919b35dfcb572c72b87eba73df8	ce122b8129e05919b35dfcb572c72b87eba73df8
ce17e9e78661ff819ca54b64544fa9910bb8343c	7c823db90c77bd3890af5a083740ebdb8ce1d21a
ce242f9ed7224bd089e86d9384c14f475e3a39ce	a5a1ffcfbc4663bc8d403ac4e1cb4b62f4ee7b5f
ce5f689a05a98f66f1e4368d9a75ce34c93c0218	e052a73b00319fbadc023c72ca237b24121c09ae
ce5f780bee0021a6888f0ea900e602e1ebc752de	ce5f780bee0021a6888f0ea900e602e1ebc752de
ce78bcf32c31adb307d5165c0951468cb6ac5e10	ce78bcf32c31adb307d5165c0951468cb6ac5e10
ce7ecf613e20e21d6d62883560ebe9ccad4433c8	71e81ca715796ed32844b8d9c5118ade4636f24a
ce852180b870dc0beb809986352d1078eb92bee5	ce852180b870dc0beb809986352d1078eb92bee5
ce88f72d9f9d710903533505371789d18cce953e	f4c249ffce1dc49d74090aa84db2a2fd33507d0e
ce9c9dd51e8617e3df9597fb5d4e57842c64a706	b44ae7d89a64d1b5bbd5220556d1c4187f744c67
ce9d40781a7790538e3b7ca07c7aefa02e63691f	ce9d40781a7790538e3b7ca07c7aefa02e63691f
ced6bcf5285d7a720b1d7a1f3b7c888e25105c15	66073e8b5a562e56cd5af88956427ec38cf55289
cef07f5604dde7455fb9ff4ddf22075ed8b7ee06	88485c6f8c418019500281fb909a3af8e133c500
cef39e6b63021bbebbd0898c999b1a0ca5ad4e9c	cef39e6b63021bbebbd0898c999b1a0ca5ad4e9c
cef7cf76e9a723ff69bdf3a7d1a0f1bbf462f90a	cef7cf76e9a723ff69bdf3a7d1a0f1bbf462f90a
cf0683e026953787dfc3363eba3969dd31b5f2e6	cf0683e026953787dfc3363eba3969dd31b5f2e6
cf1150100386857a31c95a172928a8c04af6d83c	cf1150100386857a31c95a172928a8c04af6d83c
cf4ec92805669dcdbd2e514cf06591870d898a09	cf4ec92805669dcdbd2e514cf06591870d898a09
cf5f37449606e15e8df8c61f9b6c7909533b1c5d	cf5f37449606e15e8df8c61f9b6c7909533b1c5d
cf7050edf3f5ea12e36b50bedede2b78e73007b5	cf7050edf3f5ea12e36b50bedede2b78e73007b5
cf74cc276d8a659be560e4a5c74f215b7d4992bb	dbba07f0c9c3849e57427007d0484836d998275b
cfac09442edabb9eb1dc7830df821f449c503daf	cfac09442edabb9eb1dc7830df821f449c503daf
cfef296919021d821165c7f16ffc2e6fd97a961b	cfef296919021d821165c7f16ffc2e6fd97a961b
cff34663f32822fedb0ba41731a119f13c8a3178	cff34663f32822fedb0ba41731a119f13c8a3178
cff928e5066aad0ca2825fe20506567cdb8fbe73	943b14a04daa89809af1293384c9fd5e2f582399
cff9d8a144f51610f33b740d151d09107c2d8dbe	cff9d8a144f51610f33b740d151d09107c2d8dbe
d005622400fcdba716c88371968b83ab62f69083	d005622400fcdba716c88371968b83ab62f69083
d00b313bfb8d5c186d329c01be3d95a7391301d1	d00b313bfb8d5c186d329c01be3d95a7391301d1
d01371f3d47e1eaa1f54aa73a2bbb67ff636bb24	d01371f3d47e1eaa1f54aa73a2bbb67ff636bb24
d0269ebeb0333963b4160cbbbaced455cbc01431	1faaef9d23a0a3327d00959eacb71130ab932a73
d053b1dd26befc1091aaf89bb572f724a25f3fa3	d053b1dd26befc1091aaf89bb572f724a25f3fa3
d05bf833b92e325afd0a4c606d327b6a8c402195	d05bf833b92e325afd0a4c606d327b6a8c402195
d076223bd56d74378ac36613898ea04372a1580b	d076223bd56d74378ac36613898ea04372a1580b
d07f659abbc266723059fe164f7d97c6b9208401	8f5bb862c0de2e24edd6c040616f3ec9d5842a53
d08a1135b12fee96e766c2dad6cb93fc26975326	d08a1135b12fee96e766c2dad6cb93fc26975326
d098d658f84d374d6a0fb795c677864262b04616	80ebd8d418a63ef89e70208c37572ebc3ae89226
d0a3f2151c3927a9f8b9dd32eab425151d12e282	d0a3f2151c3927a9f8b9dd32eab425151d12e282
d0c0dc8d7e012a322ee7b4face448f06bfbc82d8	d0c0dc8d7e012a322ee7b4face448f06bfbc82d8
d0c75f4f07e35f9f40fa86bc870a0fe77dfe8a6e	d0c75f4f07e35f9f40fa86bc870a0fe77dfe8a6e
d0cbf69df96634f18d404be92bbe9fd823c28d60	d0cbf69df96634f18d404be92bbe9fd823c28d60
d15a15fc6ac6a5604b47bf09d8b1e48d2727e05a	d15a15fc6ac6a5604b47bf09d8b1e48d2727e05a
d163b47a1255b50c05a9084e10dc6a0e1d79340c	d163b47a1255b50c05a9084e10dc6a0e1d79340c
d1680c3ef652bc2feb3a8f0083eb0908ac741051	d1680c3ef652bc2feb3a8f0083eb0908ac741051
d16ffe9d0b2bba7f52d02cc7d3e8aff21b30276d	d16ffe9d0b2bba7f52d02cc7d3e8aff21b30276d
d175695caf9dc0af472c191ed64b02875c839594	d175695caf9dc0af472c191ed64b02875c839594
d18c7f5bb2ee17023ead83b7fb267206c8a652d9	d18c7f5bb2ee17023ead83b7fb267206c8a652d9
d18e064ae690b6d412dde4a0d8ff4802df5b1607	d18e064ae690b6d412dde4a0d8ff4802df5b1607
d1922018687b86fe324ccabc3e711229bc99167e	f0ee71a8414861a592b4da266d3e28e25e8e7d12
d1987f1a1777bee21926edd1b06344fe292b4966	4c421a5df35e21211792480ce7220cb4e296ac9a
d19d964218dcc84bdd8aa908e27b577c8f079fdd	d85577e0b8fde6b9d75f5f2259f4ca6284a55101
d1a60f1a856d82a3295737fa73197f870d80a35f	5cbb1cb1b8eba3e1ccca3bd0dafa57cb19000577
d1adb9548f34a8919f804fdd0147477d94a2b0f7	941525660bf4f5e244552dd3bde713d936a32700
d1dee2db0fe5bbc35ce83f47758ff08b4337b63c	76514317f01c8fc733c4615fa6959547138c4fff
d2067d61b1490e2c75d886c730219a7c78b4b149	d2067d61b1490e2c75d886c730219a7c78b4b149
d208eeb762d8275dc3d0abdf65d5e504d2a608e4	ff81357e3a32eaad6e6f69da47e055a2382cb9da
d20bdf3c7ce56339aaa3423707a3afcd2d139a35	3980b9084761eb9778a067abd25257f8f0f8f483
d2195cd01c24aa683d8b596d9cb2ad2a3dfbaa07	d2195cd01c24aa683d8b596d9cb2ad2a3dfbaa07
d21be01324d4a105cb5dc30de4161576f585a7f9	ef67c79cb3b4435899f96118a0469927b6f7c81b
d22b072afa11eefd51c39430e367f4cbc4e167cf	2f75e6ed4d43566de3a259ada0f2b3304edfcb8c
d22f7965f6cc2d40c9375a548ab75cf664bce1da	d22f7965f6cc2d40c9375a548ab75cf664bce1da
d23aa365fdf82090136a84c296b4e5ff53ed5402	831a83cb076815883c56edef1ae0497069ce4578
d277053eb94a7e54e1b946e100c9831c7dd92d9d	d277053eb94a7e54e1b946e100c9831c7dd92d9d
d28ea44601b2875722876984a6aad6e63c5ea8d2	d28ea44601b2875722876984a6aad6e63c5ea8d2
d298cb00f2819eb71c1a945498a4a9a3d6c37fcb	724c5528aef3609340f9b2d3df843f852d5b48c6
d2ab6bc642cf66f148011b5de60200cbe8cfa2d2	d2ab6bc642cf66f148011b5de60200cbe8cfa2d2
d2d83f08ed3c56ab8342b5cb95b971c6acba9740	d2d83f08ed3c56ab8342b5cb95b971c6acba9740
d2e506dab2d15754f08e2ef8fcfa6bc826f0fdbe	d2e506dab2d15754f08e2ef8fcfa6bc826f0fdbe
d2f491c130f10c738b2158e76e3e536df207e927	b79f35f776774bccb38041fdd9efcf09822d252a
d322221347c33dc2da3330a30b31064c0b4f5b8e	d322221347c33dc2da3330a30b31064c0b4f5b8e
d33f43d3290028d78adbed525bc1556c91c6c84a	d33f43d3290028d78adbed525bc1556c91c6c84a
d35adfd7ae9bf670bba2d9ddc5576b297a3c6186	d35adfd7ae9bf670bba2d9ddc5576b297a3c6186
d3623226030bd6d5d7093e82ddd1e7abaea509ea	840420b50bafebc5bdda0cc7999128197849a680
d36bc0dfedbed2f46d2dbe1bab7c8c67fdfd253c	d36bc0dfedbed2f46d2dbe1bab7c8c67fdfd253c
d3919cd49fa2a59febc0605c064f5ad218a93bac	d3919cd49fa2a59febc0605c064f5ad218a93bac
d3a0f8cf727aadf500e289f740bb2fb5b30d31f0	d3a0f8cf727aadf500e289f740bb2fb5b30d31f0
d3a6b532ba7af2f4971991ec9eaaf18b3868be1d	d3a6b532ba7af2f4971991ec9eaaf18b3868be1d
d3dcf9b4fd82bd19bd74f82920af0fff594da7e5	d3dcf9b4fd82bd19bd74f82920af0fff594da7e5
d3ec85aacc5ab2bb3d46fc1a19d045ac2313daf0	d3ec85aacc5ab2bb3d46fc1a19d045ac2313daf0
d3f6e8dffcd9636cf606645c25fb57a9e6bf6f95	d3f6e8dffcd9636cf606645c25fb57a9e6bf6f95
d3fa6e99542d97823fb6ad4c4ea4009d51b59647	e81aaedf6b34f883db19c0b08f4e91be2d016210
d408b4abc70ad000dd6a2ff4bf765e7895fc61f7	d408b4abc70ad000dd6a2ff4bf765e7895fc61f7
d41434f2c499df04323f3c2610d217eac47fdd28	e86398ef3729858f5808398075867bd5f7beb646
d42f29ce8c7b6c3320bc9ae31e3a222732da641a	b65045f24a37066bbe03376eaad3c337e38de3cd
d43ec254e7e890dee418ae1aaeb7b1393fff9fb7	d43ec254e7e890dee418ae1aaeb7b1393fff9fb7
d450fd36fef6981d3fa8f25384ab7b1c651f9b63	d450fd36fef6981d3fa8f25384ab7b1c651f9b63
d4652cd98fb36844f91da80582b8ad636a4d4597	98bb709237befb7b44099e6ad3b6fd186f4dedb0
d4677c3d5b8579f95621a62ed056620a083ad1c8	432130b9095adff5b4f4468c47889c463302c9d6
d470f1041e01934daedcf6ba806f8a55aa53ea07	d470f1041e01934daedcf6ba806f8a55aa53ea07
d4adb6e3062a7662c13689002f5faea5e2d59d77	f28860e6d9500c5fe0ede0b1982ae986d17c9e4d
d4dc25e47a3962e4a7609851ad49544fddb85e84	d4dc25e47a3962e4a7609851ad49544fddb85e84
d4e4bc4d9d83cc68625791c64023d25f44ec835b	503a3c6e7f700e30c92301b2156818660601103f
d4f4d7d8cec169161688cce0ff5633e7eb7367d0	06fe0e642b5de74e218a82a512a4852bdc622027
d4f4e9bda41c38aaccf843ddc72d28df226841b6	d4f4e9bda41c38aaccf843ddc72d28df226841b6
d4fea9ce0699d21540b666674bb40b4f0fc4669e	d4fea9ce0699d21540b666674bb40b4f0fc4669e
d503d192980c72d8225171da1d3f376d28c26bfe	d503d192980c72d8225171da1d3f376d28c26bfe
d50b8c34de8230315dd56d9f4dddf8a23d31482f	d50b8c34de8230315dd56d9f4dddf8a23d31482f
d5117a1e931b5e33e83cc8064752898c337e9e30	1de61f98a058ea6ae43517fcf8dde921e7da3167
d5224c1915e3aa00797876e8262e8932a1a615a5	d3f581589e6ad7d49caba16e614fa4fd263f6695
d52b2f68d7785c3b481d3bb78abf7587763c3952	d52b2f68d7785c3b481d3bb78abf7587763c3952
d54992fb350b5e025db71c1c1452e5a48c5eeca7	a17a20ab2f7829cc7abe84b5858132575623d2ea
d56439bd5fad5ef345faedb80246e83175d8f248	651873242d84e94cd555f7952e11073017078b51
d5668b964f83b5485362fc645eb034d05dbe0a10	d5668b964f83b5485362fc645eb034d05dbe0a10
d57c65df356154ec67feb2c52731e2631dcc69d3	d57c65df356154ec67feb2c52731e2631dcc69d3
d5836d7e6469f39447ae91c68e4bbb9d478749dd	d5836d7e6469f39447ae91c68e4bbb9d478749dd
d5ab9dcac85ffce5f484437156c3ce5900286bb3	3cfd7bbf4c3705a2a4e07fc467aa5cda50bb58e8
d5dbeee015b026e7f1440f667c2237f9a81d589f	65b6439a36c11747e79230e3995e30fdf5c3f773
d5e1db11db142b19b80492073e9b52e07e356cf0	d5e1db11db142b19b80492073e9b52e07e356cf0
d5f6ecdfcc6a21a0f476cd54e89be653eb6cf814	e6fff0644a1e7c52fdc1ff74a621a3029a26d5bb
d61a4719ad63915374ec7cc2a8d81d4ca74e3c97	d61a4719ad63915374ec7cc2a8d81d4ca74e3c97
d620d085804121517633cecee4d20b1d6a8e9e4a	8ae6b71592be46b5a3d14e2448327cf0605b9807
d631dd099c1f1bc2aa555280363c2b2a186124c0	9154af9a8e8e3ce206393094554c2a9c947de296
d6428167010be04b525b2be3aea77f30efa50381	d6428167010be04b525b2be3aea77f30efa50381
d64f00c301a51e60b0ffc1a8a1edba0e3f496515	d64f00c301a51e60b0ffc1a8a1edba0e3f496515
d670aa3ea7f2fb094acd2ddc6816951cc98ccee2	d670aa3ea7f2fb094acd2ddc6816951cc98ccee2
d671b718da00d53fdf0059233ee9a00ed24e3cb7	6d39b4da264fe0d77768dff7b8ebe99dd5503b76
d679d95c1e3a29dee5ce8ded4e08cf0031baae3a	a9c47d91970a0821b3c009d6df4b292309205c93
d6909b9b2b2a639f3f8b49a4942fd6bdf6592646	d6909b9b2b2a639f3f8b49a4942fd6bdf6592646
d6ad7fc7f07d08aa467473e20c569fccada593ba	b5a13fc2f47985a74efdc2c65998aa86e9b73d69
d6c1b2db229e4f2178ebc3207891ca128886d052	d6c1b2db229e4f2178ebc3207891ca128886d052
d6cf9fc5a306c5794288e7af8a6fbb36d5a5dbeb	d6cf9fc5a306c5794288e7af8a6fbb36d5a5dbeb
d6db46cc9f6e4506d225e1e1f83e0728b6237f54	0f0e37f2bde854d6ebc674f71357120706a2129d
d6e58078fa95779339f89a7879b726f52ae94603	d6e58078fa95779339f89a7879b726f52ae94603
d6e708d3c3d486e10068ece6b6c948304aa28de6	ee8872c31dbf3f563bc5df162104191547691cad
d6ef3b9726c00d1ffbbeb70ea11a74aa8ae24678	cb0347d6ae744e262ecc30e62e17e83ab42cca66
d7178576e1963275f93927940f7444806ad0fa6c	0161ee293d2aeff1b2e03f185cb4b1a76499065f
d729db7639fa48c3fc4ab140688d25cd11fa92f1	587580f0442ce2674364457d770a3b11d0cb7ffc
d73ac7a4ef4ef074937284377645b1ccad5d339c	d73ac7a4ef4ef074937284377645b1ccad5d339c
d77e24dea0bd22339b764c70e4d9b97f346d497d	ecee681108e65affdf554d6651748a226efd1cd1
d7846da7c587c52f50630c2da5f0c534330ad036	d7846da7c587c52f50630c2da5f0c534330ad036
d7a2ce4254dc1b22fce666547d5dc839cbedde5f	333549e2f42557cb457ba97b55e6bd2f9088a2d2
d7c59b11bdf35ed1d8c8605fdada8a41797b3ff0	8509cb9b986412ac1eb201d0610c00e2c2f23877
d7e5ec4f0ff26a0cb107eaa027d5841e3c974ac9	d7e5ec4f0ff26a0cb107eaa027d5841e3c974ac9
d80440c37b9522c9b71caaf859a1fb8e7ac13edf	d80440c37b9522c9b71caaf859a1fb8e7ac13edf
d80a58c60a02b754b6c030e63e9647881b8a9c40	d80a58c60a02b754b6c030e63e9647881b8a9c40
d82425e938ca6df9a777ec470d167d002dc38207	53a916717c83535e1bdb4ffbf1316540fd039c38
d83a29e413ef9a619250bf18f0951760c7d231b8	68b62157ebc2bca4140bc04f9793ce20cf2a9301
d85bef691cd76d192be54f623e3559e66cdef04d	d85bef691cd76d192be54f623e3559e66cdef04d
d85d8e8f1f6954c7df3973a452b1db9bb0197647	d85d8e8f1f6954c7df3973a452b1db9bb0197647
d8663102d9b9233f97638ad159a8e0907645797b	d8663102d9b9233f97638ad159a8e0907645797b
d8891e50f374ab8e8d730c7c1a43c2e4abc7728c	1d9fcec3a0ebd65fa3345276fdb82b26050313e2
d89aa3d069b49c9bf61e7dbf4d33aa4b9c1469a2	d89aa3d069b49c9bf61e7dbf4d33aa4b9c1469a2
d89d433cfaf5b8b2877e93c014c2ef59ea021810	e781770cb99eae1b60921f93f8577fd652d7876c
d8bf9d0fe66d7273d77cbd75c43fc64e0089440f	d8bf9d0fe66d7273d77cbd75c43fc64e0089440f
d8ce7cdbb6e579bcce94004084c54a9be3270352	d8ce7cdbb6e579bcce94004084c54a9be3270352
d8e3ffeb354f988ed624401321744f8b178e0c5e	d8e3ffeb354f988ed624401321744f8b178e0c5e
d8ec18d7d73f5f98d5ff2341c507c586b1838e80	d8ec18d7d73f5f98d5ff2341c507c586b1838e80
d907a4a3547ac97c5f0104e7f5df14becf29941c	db561020a72a1f04e372b05d183d19ebc5e913df
d90a3b8e1823c34d8aff40af1ac3fdc8c3d193dd	d90a3b8e1823c34d8aff40af1ac3fdc8c3d193dd
d90c13fa031183e67eb5d4f7e2681d82289a9d35	0891a6a84a3854e5faf34a146b0e42b12388b440
d91e241be4c4d9f0b1be7ace3f54e38463d53c8c	d91e241be4c4d9f0b1be7ace3f54e38463d53c8c
d923177a0e4cf341ad4716f51344212e78351055	d923177a0e4cf341ad4716f51344212e78351055
d95e3429445d1ab037d82099ee9c7f5c4d397a07	d95e3429445d1ab037d82099ee9c7f5c4d397a07
d96a87f27a61695d5d5cb42d657e5f0e5640647b	9bd405eeb9d5b85e1f0ad672feff490110ee73a7
d97ff2914d09b75b7abecfea2d72186692ff057c	d395b3134f783d0b5e3dc8a51a59bdba78424f91
d991f64be18dd24a2e77f3147ab4f18b329227ab	714cdff8b458549f29761093014ae69b546cf8f0
d9a2087027945d69b9e5b9c7d6ea3fbfececc00d	d9a2087027945d69b9e5b9c7d6ea3fbfececc00d
d9a2fec6b4dbfad9bb7faaf6444d33b70658bf92	d9a2fec6b4dbfad9bb7faaf6444d33b70658bf92
d9a7fd0f8c8d96aa957da00f750c30dee5731a2b	d9a7fd0f8c8d96aa957da00f750c30dee5731a2b
d9c4361e141408b2461bb39267f2a9d1027ada10	27246fba708b9e32409668565e2e49ecf9df5f16
d9cc5c69f271b577e6a6f3a6da802fb5dcd3d8fe	d9cc5c69f271b577e6a6f3a6da802fb5dcd3d8fe
d9d6b4862fc73a8b685f196c1e4cb3512d26abbe	b71bd7723125f9936bc7c5d574b5469075aeeff5
d9f029f7a2d1bd501263b6060991406d15c25a12	07cc87001debe52875b05b9456f6f30275b0d214
da0370da6d13cf14b61009bfe14b121d89a26664	da0370da6d13cf14b61009bfe14b121d89a26664
da2027dd24d354e54873144eef13b9e36c08fbd4	da2027dd24d354e54873144eef13b9e36c08fbd4
da2554e00243dc1e4905a413727965822ba09e7c	da2554e00243dc1e4905a413727965822ba09e7c
da464bcc5688eb3b8f0dbb79b198ce946a8515bb	da464bcc5688eb3b8f0dbb79b198ce946a8515bb
da7a59af83c5265440740e6fbb3333f18b37399f	da7a59af83c5265440740e6fbb3333f18b37399f
da7efd9a9b9b5d058892d236d342b474e3c7ed7b	7f878c9cd4e19512cfaec5e5e6bce6ec205e734b
da98626d295fe97bddb0a7a3bf478317d18e2f3f	3bebf813393d58e82420e9a81c48d4fa6e790f66
daa3a40857bf5f531d0612466cab779ac05edde5	5a6970e1e9ae06d4ff25b675e45791ad9429e73d
dac3d5a6a3f26ae360a5452ecc573addeb894eed	c5a78899ae311f56eedbc9fbbc075029160f3245
dadd5d01f2fb9ebba175ffdf0f477349aee58a4a	dadd5d01f2fb9ebba175ffdf0f477349aee58a4a
daee2ff8d87dbbbbae20d07c79d58a37c5fa2d84	daee2ff8d87dbbbbae20d07c79d58a37c5fa2d84
dafbbb0f842233ba377a4fc1130ed9c67706be81	dafbbb0f842233ba377a4fc1130ed9c67706be81
db1a2bc576365fab1d5039ab3625941d6d0acaf0	db1a2bc576365fab1d5039ab3625941d6d0acaf0
db1f28b3b7f0d61f2cca60e4f55713f63a6eb051	db1f28b3b7f0d61f2cca60e4f55713f63a6eb051
db1f5f9c65b296d5c3db5ef51522afaa4c5a9c43	a044fdaa9415ad836cca8653a82053df62f6dd31
db34a805e65ae0b3eba1cab4e333ebd4d2aa6712	db34a805e65ae0b3eba1cab4e333ebd4d2aa6712
db38aeb669c2d704276c6d0f417f761a1de14aef	db38aeb669c2d704276c6d0f417f761a1de14aef
db39c391f1116626c68ed1035b55813760dc021f	db39c391f1116626c68ed1035b55813760dc021f
db410e096747ffd7f834c9231394fe2d041ec53a	81b8662e2603df769cfd0effbc696d29c16d0f83
db636bfbf6aeec319f81ac38670b330b78326605	12bc1d04914db970529ca8633142ad33c8eb7f19
db6f6db6a147d8a460475237bd692e49143d9eb1	db6f6db6a147d8a460475237bd692e49143d9eb1
db7616d71ad761917860f0a83b94361e5d1da8a9	2882af6a64d21f74652a85fcb5aa729195195ba0
db7c71aee41b28a1ac5688270dc35bcb73ffa126	db7c71aee41b28a1ac5688270dc35bcb73ffa126
db7f2240399f8de31cab1bd4007ac995d213780b	b3d8f50e8dda0ee9473482964290d061cc9239dd
db900ab8ad6a8a5651ec61c75587bec81b5ce63c	af618e40d16df29816e789a04806ad52c44905fc
db9aeae09260f425b8ca36f0cad45350b8c77d60	db9aeae09260f425b8ca36f0cad45350b8c77d60
dbbb57a2288d537397b41d18eba8e9bb02ff40f9	eea9558e05eb1efc747f1a57c9a1d91b87a07ce4
dbbeb2e5332f88f2a05c9c57b3dd3da902acd66b	dbbeb2e5332f88f2a05c9c57b3dd3da902acd66b
dbc8f7e51ad91a18783a9ea48d40b7f93e9ed444	e466aaaa55f618cfc11372945e7baa5442a6a428
dbd92b86b14a2a8c4349002c8b114a4a16e5e50f	0a97e13eaed87505f238e00075c2109412d8703d
dc11115363466bfadac294db9d68173b5be4c836	dc11115363466bfadac294db9d68173b5be4c836
dc14237c4b48c92d25ecddf894796e54b22c1e2b	dc14237c4b48c92d25ecddf894796e54b22c1e2b
dc14ee370e1332c867b168d157c69e08145bb449	dc14ee370e1332c867b168d157c69e08145bb449
dc332237321a6049204cc7ed875550296dc680b7	dc332237321a6049204cc7ed875550296dc680b7
dc369f614ae1a20d86bed608bdb8f94420c2a59c	6ff491207467ba32acc3d93f1307294afecc0515
dc56f0982d2a9fd39e280bf374c77d81b5306543	dc56f0982d2a9fd39e280bf374c77d81b5306543
dc5fcb21fe25989c4ea8ef3ee20844e4d7316e94	dc5fcb21fe25989c4ea8ef3ee20844e4d7316e94
dc6610b506c1b1fb329c23d026bad20473517983	b0ad25e64ab9cb6611cea2b3df8a6b287b4d1d9d
dca84d6d0767820572c4ec53aa80b0780d8f4d8b	dca84d6d0767820572c4ec53aa80b0780d8f4d8b
dcb364c8253fbdaa8c696acbaf4bdba715af6139	143aec3f8e77d3b063adfb2082ea0129d378b5f4
dcb852429c83a154e405ac7687dadf48dedbaa39	dcb852429c83a154e405ac7687dadf48dedbaa39
dcbdaf3cfef16166231eca42c28ef2fb3b75bbf3	11bc8a54859cd34652aa514107c1cfc4574b24ea
dccb62409d111b2c030f3662b3cdb71c107e06c6	dccb62409d111b2c030f3662b3cdb71c107e06c6
dce51e7749ac350ad993d41925664fe65c582691	dce51e7749ac350ad993d41925664fe65c582691
dcf6ee4b5d584d6108075da1529a08054a66d1bf	dcf6ee4b5d584d6108075da1529a08054a66d1bf
dd00c049211cd8baa13716e3da7b3055f8341655	dd00c049211cd8baa13716e3da7b3055f8341655
dd0c97854518f76aea3a8d5e38e48fdef47ab987	06911732cf681c7bfeed714558318c5a3f55db11
dd1a6ab9c24fb45dd7fbb32c208a4da6df0dfbc7	dee93c494b28cfae59477a410a7a955cbd7b8f8b
dd210d65328c26dcd7de53323a4c627fa4fa917d	f3b4bce2299df9e00937debe5f4737d8d5707d95
dd2d7df9b85b357de63eaa674f31aad13d1d5761	dd2d7df9b85b357de63eaa674f31aad13d1d5761
dd2f18dc9adc7b561b0cea17855d47ff76700d95	dd2f18dc9adc7b561b0cea17855d47ff76700d95
dd334506b512e2a4868692b9f94cb3cf06ab0c83	d0c7968c17ae593015933da1db68bfb1128c093e
dd3f5fb181a512723c25601b26adbae01efae99d	dd3f5fb181a512723c25601b26adbae01efae99d
dd5594e1aae7041fb5dcd906ce681964d51b33c7	3b10543792db257522176d47e8293f9ab75c6c4c
dd6a37fc8230397b439332fad125ab2ca2f59f43	dd6a37fc8230397b439332fad125ab2ca2f59f43
dd78ac5c3ee43ff6eab69c55e11513fe0a873ebc	dd78ac5c3ee43ff6eab69c55e11513fe0a873ebc
dd93bcf8a94df2257201bd674458c9c874f47662	f95207df475495bd7d6159986e31f1d0f19afbb6
dda3c00e06e91eaa1fab443558198e6b9ccd651f	dda3c00e06e91eaa1fab443558198e6b9ccd651f
ddb3c08d3dd172d2db66418ca4f8861a53c7d15c	ddb3c08d3dd172d2db66418ca4f8861a53c7d15c
dde003d8d293986e42b5895619752cd5b18b262e	c5cdd1ddfd510ff943b35b6004cc3e0117be8dbc
dde8472ea44bb290bfdc3d4eb7b56d07019c03c2	dde8472ea44bb290bfdc3d4eb7b56d07019c03c2
de1e27f2f1e2c16008a466d78e1a753d328d9eee	de1e27f2f1e2c16008a466d78e1a753d328d9eee
de23f61b8837d57d7cf4037c737e3036f42af106	de23f61b8837d57d7cf4037c737e3036f42af106
de3b722404e957a0b7269673fc0e62243a9bad51	de3b722404e957a0b7269673fc0e62243a9bad51
de3e7e487f351c5c2a1a8e090e061153a4f1e6bc	de3e7e487f351c5c2a1a8e090e061153a4f1e6bc
de506754b0b91d9e16281979c5dca9af2fdfc453	61b389e97a2d9ff6f343d623b6c51724baa84fe4
de6ba50b9c93e61aff44e2ad98730e3d15efa334	de6ba50b9c93e61aff44e2ad98730e3d15efa334
de8485bebfd4a6812c5509b5e7de9adbfc13d9c4	de8485bebfd4a6812c5509b5e7de9adbfc13d9c4
de8e8e9b12c97012089be02d118b266901f19a1d	de8e8e9b12c97012089be02d118b266901f19a1d
de9972bec982a56809f6e7b217f5687b28f9784a	de9972bec982a56809f6e7b217f5687b28f9784a
dec9cc7c147e1a0075830b499958e1da70094d04	dec9cc7c147e1a0075830b499958e1da70094d04
dedacc667141943f222cb6a9e566c3354eebf203	dedacc667141943f222cb6a9e566c3354eebf203
dede249234de305b030fd0baba0731f66873e5ad	dede249234de305b030fd0baba0731f66873e5ad
df0a1012c1834fd501f7f90cbbf47e75afa80a21	df0a1012c1834fd501f7f90cbbf47e75afa80a21
df2683356c4200082eb890ed6f5f3380fc10a4a4	df2683356c4200082eb890ed6f5f3380fc10a4a4
df30091f9ef9b36cc1217a1f4ffed36925baf521	df30091f9ef9b36cc1217a1f4ffed36925baf521
df30e48e3d0c76e3c431a2dce640d575b6c6968b	df30e48e3d0c76e3c431a2dce640d575b6c6968b
df326619fa75e31ec713e7fd795ff9c620e669ae	df326619fa75e31ec713e7fd795ff9c620e669ae
df3cb90f24c142b387d214839851ce9df4c7c114	df3cb90f24c142b387d214839851ce9df4c7c114
df3df5a771f38fc15b5529360c78eb41a72aa6a2	df3df5a771f38fc15b5529360c78eb41a72aa6a2
df49d5b5369193c4bd94ef660cd90df0892d956e	49e26ca75c7abfb55d029e132b03e4d760a0cf08
df4cc9139fca7dc78a8f2f83406fe561ea195f02	df4cc9139fca7dc78a8f2f83406fe561ea195f02
df624409a961bfc1d89071e3900d8296e5d608f3	df624409a961bfc1d89071e3900d8296e5d608f3
df7dcffc70ec642ef3aeb0c2502063a476cc4392	df7dcffc70ec642ef3aeb0c2502063a476cc4392
df97352b226d526f330f3fdba47eac08911a1c41	9e4c93c75582e6254d5ccc442a041927b705c14b
df9c39bb38271104385fd2a6d015f08b296c949c	df9c39bb38271104385fd2a6d015f08b296c949c
dfa4e371792b1b869cd9180e7a1601d69053aa05	53a1e99be6121f854b4233f68f6a3e99fa36414b
dfb887fe2e614cce7399e336bcc56e4d36dbc079	dfb887fe2e614cce7399e336bcc56e4d36dbc079
dfd469d41bee173f9a40148c27efabcedd987dea	d6c2b279dbfb240a6e89ea45e2764032e90a7fb2
dfde147c658feb1b06feba582fcaedba2eac74cb	dfde147c658feb1b06feba582fcaedba2eac74cb
dfdf5794ebc7ef3b8d8ab5f021baeaf796b570d2	9cae9c5b903f795a55d580a5c1559d8b8994860e
e029e3e087157986cfd75a9b657cd39451f0d52e	e029e3e087157986cfd75a9b657cd39451f0d52e
e03c7ab89086ef15dd8679f3de9af72e273d430c	e03c7ab89086ef15dd8679f3de9af72e273d430c
e07a2896ef225a82ece5935867775dfe19bc550a	1ef71dfd5e788440c9e51b7f05872b324377b909
e07e459a3deb1236af9687a3ed4216786114d3ca	2bd561a1df25e16db1ccc5ceeeba2c35323ed055
e0ac9cdb5770ca2cc4597a173aeaa23bb395881b	e0ac9cdb5770ca2cc4597a173aeaa23bb395881b
e0b0ed4aafd1fce1687ff7fa6b7dc6e391c9a469	5e94647c05afbb96316256c6b79b4e24e3c5c9b4
e0ba36c61fc96f2f17ff899ed8398e39369af19c	e0ba36c61fc96f2f17ff899ed8398e39369af19c
e0bce862140fde0fc5aa9a3048cae326140517cf	6217a76cfccbc204cdea2553c8dc56ef8227acd1
e0d75176940c7a866dc4e75fb970b39b2cad09ac	ec1e095121b79b3a54553bbe082a7d05d8d43e0f
e0d783dc6ea563da02eb2e51568fb0d39884402e	2ca013a0b141ed3b92a27c882d21ab090e9e6378
e0f4082998f71352f0b8bc8e3255cd14cc24c462	e0f4082998f71352f0b8bc8e3255cd14cc24c462
e0f8affc121d15fb9a18c0778ecac0b69ee0df55	806662dd437785bdd38855d76ef66c9abbed21d5
e1015c44efd4c933b2a56d0c2e3ae99d6f30b7ac	e1015c44efd4c933b2a56d0c2e3ae99d6f30b7ac
e11851cb8bef9fa9787503b99b7885975eaaf3ec	d854e00e6d78e918a5ff480d038bbfe66b447a31
e128786daf44e75ac95a345bfa0ef59077c2ca62	dc0d8b33054eaec0ad6640349c0abef5da78a618
e12d76347e84505656c6600c13cf68ee06d97adf	e12d76347e84505656c6600c13cf68ee06d97adf
e13425ba743dc354587e2a6c7c1b51acc2744716	92fa40b6da79c9b7eea06912c68c1acedf3476dd
e13c02171ae6d92f27c2bd70525c99182b3840ab	e13c02171ae6d92f27c2bd70525c99182b3840ab
e17e29b2cde8b8d688e1fa5856ba04b9c9b9c84d	e17e29b2cde8b8d688e1fa5856ba04b9c9b9c84d
e184bf2d31ea4c6da99238528abb7df38f46cb52	24af0c3d97caa9cbcf6fcdaa836f23b056b7a574
e192374a599a064cf8ad089ec7add7becf9b6416	b8a4861fd0bb60e8567fa91ee7909774cf5d2bf5
e1b1a037f4a0f44c302b3dfcf1a552c523158975	e1b1a037f4a0f44c302b3dfcf1a552c523158975
e1b6f13ea85353bf2b49cbbd735f167b8546f784	e1b6f13ea85353bf2b49cbbd735f167b8546f784
e1f750fc1877ef41e0bd48b15434805955134338	ad621ab87c8f2df9b134aba2a465618d05f61444
e1f7a394ca95926ebf93caa58d455f8a2c65174d	73307a16798497dadc4d1a0f653ad0c28eccf43a
e20632e7d773f9f0520c7eda602052553621b1b5	ea6e04071d5b5020f3f9589a78976912c9614c6c
e207b3ad495729958f0f2340cb0a012c6272a521	db86d32a0e3eae9ff6d1761412f993834d5be9ad
e2315e1abab2647bb2da775052eba9130dab5475	e2315e1abab2647bb2da775052eba9130dab5475
e236d21bf2cc7c71fdf0c7ea2fe7290ebb255e08	e236d21bf2cc7c71fdf0c7ea2fe7290ebb255e08
e23a294a9c6b376c6b375089914d77d3d738108f	152483b266fc866ebc94080ac58700ffdac0d06c
e23c7b9dfbec3e40df7aab39543f446969a6f9df	e23c7b9dfbec3e40df7aab39543f446969a6f9df
e261abc25de5fdc608feea7bbe68fe230cb05789	fe00052b23f8e9969504d05d2e07a03b97562db4
e268204742bf433447a9b2c797ab809f8ef42d54	e268204742bf433447a9b2c797ab809f8ef42d54
e26a9b7198e555d019ef48aa8029b5e6e2040b1f	e26a9b7198e555d019ef48aa8029b5e6e2040b1f
e270659279cd04ab80cc33455080d14cf57677dc	b8a9c4168d038a55d4e7fe02feeeafd897e59baa
e27b2ca510fb3c20696587b7f101375b8fdbf2a9	a0de731fd3c3cab8de1941cd8f547f218105ea9b
e289369e8f9a80bb3913cf915551b5e1cee170f2	e289369e8f9a80bb3913cf915551b5e1cee170f2
e2999a0b974678250be96f998dfd3d6be16b6b94	e2999a0b974678250be96f998dfd3d6be16b6b94
e2e4b3ec604cdca4b8231570002a4b13f5bb5af3	1763f83e368e9c73357deaa2dc12ce21d8080abb
e2ead4378189d277a40a61f7130730513980794e	91802da4daa84fc31a4d73fb765d39fe749304f9
e2f77cb7a5eef88c799f504f156d4ca236ada403	b4de579c8d50e00a74dd0b5b3166671c85311579
e2f90f987475ab88daf0a40b3f3a146cdb53989f	7ba147634b1b7dd6bed0a33dc5da1d3a659509da
e31133cad84dbeab9fecb641b392c1274b4e6913	e31133cad84dbeab9fecb641b392c1274b4e6913
e3218db06d2eca822b12614db943df862ef292bb	e3218db06d2eca822b12614db943df862ef292bb
e34aaef867fe7f9d297b512f0a5e1a5f0fde6c26	2123d3ddd2b96d7b0a08cb244652446e061e9270
e387e4c10d0bf20b42fc30276ffc0934794846d7	e387e4c10d0bf20b42fc30276ffc0934794846d7
e391385e45616e3a4022096b064f009ce5e2222d	e391385e45616e3a4022096b064f009ce5e2222d
e39c132d813b6a9756506819318dc7f3bb5cb78d	e39c132d813b6a9756506819318dc7f3bb5cb78d
e39d836992a2c765f0038540c8b22c94228ee5fb	e236eb92328faba1304bc6ec988d97f94b44c0a0
e3a3f31bf5427ce047ef8708eb68c19ad0dbbff5	e3a3f31bf5427ce047ef8708eb68c19ad0dbbff5
e3bf04ecfb08e06bc8a86c25352f7ac14a93236c	6491d914fa985756cde8d667b9cc0f008e31ace7
e3bfb1fc2db4437a2af4b1c5fa718169a6f6ddf8	e3bfb1fc2db4437a2af4b1c5fa718169a6f6ddf8
e3c791386eb108f5dcb7510bdf2fd298a441ca7d	e3c791386eb108f5dcb7510bdf2fd298a441ca7d
e3f39b663e2d0b3dc24417560bdfc731b542c3a0	e3f39b663e2d0b3dc24417560bdfc731b542c3a0
e3faa24eccfcd2034dbeb9ab5ffd581fc70b0a6b	97b80502264c327a3a32364d714e25d3ae85cb41
e41f337e08cb73be012b51c96d4b142b478e0876	e41f337e08cb73be012b51c96d4b142b478e0876
e43363cf566a6d7298186de51547f766cfa20bd7	e43363cf566a6d7298186de51547f766cfa20bd7
e442bfd86cfb99fe9f3867196a24e4d4036ba46e	e442bfd86cfb99fe9f3867196a24e4d4036ba46e
e445f9e02e5694b84cf1a7ff79300fa57173bdef	e445f9e02e5694b84cf1a7ff79300fa57173bdef
e447d3947f31242bf8f5e1ddab558cc208014571	30b74beb11df6b93f2c7596eaf642ddc8721150f
e492c32e57976fc5d62de0ae8a00186229f2ad96	2d0dcc15ad2b479e46a12528aec2cca9b06bbcdb
e495d664087e3201b44c3b78b44b64f47c1df77c	56e885737937b1b1c7b44d67bccbcef4aa4f601e
e49cabc4543afd929d14241ee739e49d6822fff8	e49cabc4543afd929d14241ee739e49d6822fff8
e4c53f0c6a95066e17960d90f44fe822dec21c90	75995fea9d8f6baf97caef53fff38770e2ee51ae
e4d588423742c7acfa838ca952f6e5602823b6f6	e71ce8134c5b6543d0c6d96815a555adbb6bd6b9
e4ecc2b623fcd5d0cfddd9f646c8afe5b4032475	e4ecc2b623fcd5d0cfddd9f646c8afe5b4032475
e5045dca6c94c4f75163b0fb6014ec069bebf4ac	e5045dca6c94c4f75163b0fb6014ec069bebf4ac
e508eba9a9f25032f66f058c27f01df785edb738	71f4651f7c7992d218e95618362b56d412ac9fcb
e51358be3d2bff52aa6823063d4d904eff5c864b	e51358be3d2bff52aa6823063d4d904eff5c864b
e527263cafb63e1cd0a26bbf6d7f3004e7d235ad	e527263cafb63e1cd0a26bbf6d7f3004e7d235ad
e52d38f0d15486483f680b07ac23d12e18b44877	e52d38f0d15486483f680b07ac23d12e18b44877
e53b6dd09bd80fe6cc68f4b0e10de071f6ff5b47	e53b6dd09bd80fe6cc68f4b0e10de071f6ff5b47
e53c67bc5461ed451d4872524de248ecc1a7d9fc	e53c67bc5461ed451d4872524de248ecc1a7d9fc
e555284a38e1f4e44d97e0f401d2b24de25d5672	e555284a38e1f4e44d97e0f401d2b24de25d5672
e569ff07aa6b3eb5a150c44c9f53ab0f411642fd	e569ff07aa6b3eb5a150c44c9f53ab0f411642fd
e5b62b9d9b7e8c7726a8cc31bb3cb506078b779d	e5b62b9d9b7e8c7726a8cc31bb3cb506078b779d
e5bcb1f9d7665a71e2dd64e69afa8171c5031844	71e3527e5ed2b82d2fb8248e6c281c0a5ccce17e
e5c31a91371f89181d7ae1af9169df81cc97fe50	e5c31a91371f89181d7ae1af9169df81cc97fe50
e5ccd12f2b61a52ab9a2977fc51ad6d4df946cda	e5ccd12f2b61a52ab9a2977fc51ad6d4df946cda
e5d919fc4048878a92270c2920399b28fa47abf0	f026b52aa3709d09d3945c270e2e50a54146905d
e5ef5cdd4b788db542ae2ae2df44a61151f36d33	e5ef5cdd4b788db542ae2ae2df44a61151f36d33
e5f0140886d2e035b9a6fe1dbf8df0bfe98bf7cc	e5f0140886d2e035b9a6fe1dbf8df0bfe98bf7cc
e5f9b7ad8f60c5dbbb96b01f6a3275c7b8e6f8a4	68c1cf4a9fd05afd188adf6bbe1328177ca6eef5
e6000b656c5ec7747263325fe5de1731e6bc79c9	e6000b656c5ec7747263325fe5de1731e6bc79c9
e6165705573594541780ad86eb1a316a05e7780d	e6165705573594541780ad86eb1a316a05e7780d
e61accaf4d5e85e7e313160b090db4f9b61f2275	d26cce3c71b531c3815b68b3a7cd05f553529b91
e622f7c3316ae3e3a01f186b15ea38270d1fb65f	e622f7c3316ae3e3a01f186b15ea38270d1fb65f
e63884c46c676d76313869d055419ba1028e8975	e63884c46c676d76313869d055419ba1028e8975
e655efb6e539c60a77493ed22749363f20ab1dc5	e655efb6e539c60a77493ed22749363f20ab1dc5
e66486a3488dfcd22222808d038b6eb494378745	11534c87e84e2e05c16c3c369bd2fdc864bba64c
e67ac790b019b57c23912bb06c22bb98dc14d90d	e67ac790b019b57c23912bb06c22bb98dc14d90d
e67c8332d01311fcfe606cb65e83dade7e44cede	537829dd8f41a65ebf009ad9b1a9b8465ffa1c2d
e68734caaff35676e894c3a7dc3fcb92d8be525d	e68734caaff35676e894c3a7dc3fcb92d8be525d
e68eeb8390bdf2d002c1f2b130b0e8409629101f	1656f9ca75b456a0017f1e4cff969d258723cba7
e6b071cc6f26adfcb1a9ff3966d0b93fae02b46f	e6b071cc6f26adfcb1a9ff3966d0b93fae02b46f
e6d4b7fac7e91c59e855a7f543caac4f57094d86	e66e990b53a36bf3f5d5505116fe979b0e69982d
e6d9934292da19a42394b95323d6208137dbbb98	e6d9934292da19a42394b95323d6208137dbbb98
e6f093715ddf0cc89878d4f8bd3099bf26bcce30	e6f093715ddf0cc89878d4f8bd3099bf26bcce30
e71fc4c9dc892433a5f0fac60b650eab3f63bb8c	e71fc4c9dc892433a5f0fac60b650eab3f63bb8c
e725c69b1082cd447a5d14f17ddbc7a89ddc7073	e725c69b1082cd447a5d14f17ddbc7a89ddc7073
e739e79a83165d135602c5588a1ca141651b179f	e739e79a83165d135602c5588a1ca141651b179f
e7477049b97e9b084bd97d1b132b826715529203	948c19608561a08385527d62b1d5e27b8d4ad4a2
e74ddfd79b6c50c86685f20d791bbe337912c610	e74ddfd79b6c50c86685f20d791bbe337912c610
e75552540c1ace8f63c8b36673d9ac18e232fde5	e75552540c1ace8f63c8b36673d9ac18e232fde5
e76c3fed647562127d16b78c8eaebf15df5ab252	e76c3fed647562127d16b78c8eaebf15df5ab252
e77cf19b88fc16e8e2cec75f3dc09764f96d1fa6	ba1a16810d7a2d5bc1ac2e8854769cad373b9c2a
e78519753c0a245561c6eb75843dbfd9bcdef1ef	6211269e34884039dbaba43881a12404e86a50a6
e7a2fc411b754178a77aa8b1688fb8fa79016261	e7a2fc411b754178a77aa8b1688fb8fa79016261
e7ccc28608786bc1ec85b6354da504267aaf7dc5	93d30407d8cc2f9856c6eda66f47305f9593a4b9
e7d18fa2e2c699ef97f6533578662a1fdef3bb56	8d10d67d793800ac4d94ed3deebcc99a236156bc
e7e144b808b66b79c371979378adc1be413b5bcb	e7e144b808b66b79c371979378adc1be413b5bcb
e7f78de130d183e9f333fffd51017771e44210b5	e7f78de130d183e9f333fffd51017771e44210b5
e80fecc727e34fd5eaa7913fb236781180f00da3	d68270c54e4d8915195a31257a0acbe6185d168a
e823d4a68e930fbc747954f2c15c57f607de5c6c	e823d4a68e930fbc747954f2c15c57f607de5c6c
e826ba85f0d1cdb9b5f2ad655300678a6d296e34	e826ba85f0d1cdb9b5f2ad655300678a6d296e34
e849d18f0c911ef8d95f0a6826cd50aea6e9f9ef	e849d18f0c911ef8d95f0a6826cd50aea6e9f9ef
e858e244f20e24643ad28f7cecf84d7b90d22d92	338aea8a7c74d4465da08550c1273e64f6db83f5
e866101923593b060d0b0985550d1bd5c007b9a1	e866101923593b060d0b0985550d1bd5c007b9a1
e883e3d7b5967f1e9c989ba7405e424e1381abd4	72c3ce6214e666f7afc2f4ba07ad6950aa5b1dfa
e8aa7e456acfb9bd9bdd62adc5ce8bf4094cba3a	e8aa7e456acfb9bd9bdd62adc5ce8bf4094cba3a
e8b13f5acc89750ed4df1b2069aeb0d06b828175	e8b13f5acc89750ed4df1b2069aeb0d06b828175
e8d1cfe15150d3d967f4a18c3411c6fd8a17a01d	daa4f56bd6669cf1fa7d0cb5f6b61aac5d062da5
e8f3cefa18506b02845cf8b8a86d47f7a1510e96	e8f3cefa18506b02845cf8b8a86d47f7a1510e96
e8fc1db37dae5cfce109c82ad61bf7101b88ace1	e8fc1db37dae5cfce109c82ad61bf7101b88ace1
e9017ea75c95af431134de091f2deac3932420e0	e9017ea75c95af431134de091f2deac3932420e0
e91075cc552cec944876bccbd247323fe0c2584a	0bcf878ffc460a48ca3e5d40600ffa8f07d4de40
e9231e0e34769fb694a7837e4cda978bb749c3de	e9231e0e34769fb694a7837e4cda978bb749c3de
e92778b6ec787a6d91ddd2551e3a8f8ff45dc00c	e92778b6ec787a6d91ddd2551e3a8f8ff45dc00c
e958be2d4bedb1ba8ebd4b90c8077a510eab23d6	d3c0a55d04baadf24d89426b74bdc7ba73b32715
e95ebef8a8ab07ca24cc2dc1c4d50fd807892e4a	e95ebef8a8ab07ca24cc2dc1c4d50fd807892e4a
e969371feb79b5c2d2b5c8fa7e38a36800ef7431	e969371feb79b5c2d2b5c8fa7e38a36800ef7431
e979943ed17d80ff731d84e4074532ae01ece49b	e979943ed17d80ff731d84e4074532ae01ece49b
e990fc066115a3b3cb473781f91295554acef61c	e990fc066115a3b3cb473781f91295554acef61c
e99e417f51f2c8fcb07788a299ee544d88e8e038	3419fc6f70c75720edcad407d34ec3490a3774fd
e9b11074ff97623ae1eba768522e09acfc56aa84	e9b11074ff97623ae1eba768522e09acfc56aa84
e9b221453ed0aaf4c1d0bae148ae72f74a65bc4b	e9b221453ed0aaf4c1d0bae148ae72f74a65bc4b
e9b8d65dc4fb2d2dfbcb5b6702db308201f938cd	e9b8d65dc4fb2d2dfbcb5b6702db308201f938cd
e9becc3611fe0fcd0a746908df658832adfcc386	d2a586459b57c6896e8619163517a805469f716f
e9d0a0e94a7d289e7fd2d7916f9cc72ce75c8e45	e9d0a0e94a7d289e7fd2d7916f9cc72ce75c8e45
e9dc192fed5c7fa6dd90f7b14b27de7325b6819d	388ecf0376106a534b06914ef745fbc5b6fe0bfd
ea057836599111c695da054778148a3670e47044	ea057836599111c695da054778148a3670e47044
ea1232913232b0f791f6d4e8b931c9fade37baf7	ea1232913232b0f791f6d4e8b931c9fade37baf7
ea2ccc23b9eb48b59049fc5cc592eef79970b987	abb540824569b62082f4f482d209270bc2ec58e5
ea3797865d980687bf0017726505c237a30e59e6	ea3797865d980687bf0017726505c237a30e59e6
ea4429b009c2d731e63b2889e86a0eb73574a22e	eec74dd3aa7fddefae60d35c6f677b837269391f
ea763d02bab3901f27ffd08d80a1ae2f4fc4bc9a	ea763d02bab3901f27ffd08d80a1ae2f4fc4bc9a
ea78c40d1673a27c07b8c2476f2ce10080ceb5f8	fe06247446bf85d9d5c35234072a68927321dc07
ea7b466b707e7514add9a860642aeb9fc70f7e60	ad7ab07d6d5dd63a9df7fa417a76ba49e3c7ccbc
ea87ace5abaabd9e34b43746c887f6a733ec4552	ea87ace5abaabd9e34b43746c887f6a733ec4552
eac14b7df67ce1b41b352274dd86a7606217c6d2	eac14b7df67ce1b41b352274dd86a7606217c6d2
eac40260c03d35e24627d3a46895cdcee89d181c	eac40260c03d35e24627d3a46895cdcee89d181c
eaca6e67c85986ef56b47e3cc555a460b58bb86b	eaca6e67c85986ef56b47e3cc555a460b58bb86b
ead228c5c528e11913ae95f633b9ca1c4e0b1ea6	ead228c5c528e11913ae95f633b9ca1c4e0b1ea6
eada407e1372f6f5353479f8c8e94183baf90a36	eada407e1372f6f5353479f8c8e94183baf90a36
eaf13c01698ad9cbb35128b9fe5cb467d84fd3d9	eaf13c01698ad9cbb35128b9fe5cb467d84fd3d9
eb011d72019a2fd6298a8edf5767ebbef8914f5f	eb011d72019a2fd6298a8edf5767ebbef8914f5f
eb2febc432ec1dea73c272e5aae98b7b38d86804	eb2febc432ec1dea73c272e5aae98b7b38d86804
eb3d056acaa86977d1e4c6e46edfa69c40d52170	633b227b3d61f223e120fe5cd805e1bf22afa9fb
eb440feaecd9a55c0e067888f757d63cc5dd22f5	eb440feaecd9a55c0e067888f757d63cc5dd22f5
eb4dee7b0b70ca95d85328172e697e211888bfb5	eb4dee7b0b70ca95d85328172e697e211888bfb5
eb89bd1e9676a982612d2eb2944638356ef3ed91	eb89bd1e9676a982612d2eb2944638356ef3ed91
eb9953fccb00c263673938ae057b65acd102fc59	eb9953fccb00c263673938ae057b65acd102fc59
eba446800e78af364e964ea834e767ad6f07431e	eba446800e78af364e964ea834e767ad6f07431e
eba7832bc82507c58d2974e59f9297069c2b7852	b1d1d5808eae3aa0253aefe5e60ef5ae0e0449d5
ebb095ec57a29816f44b71251f581fabdac00033	231a5e4e73ec0f8b0894557f507325c665a5e703
ebcfaac150a825b6c9577d8e31df8fef18b8e7a4	ebcfaac150a825b6c9577d8e31df8fef18b8e7a4
ebe5f9bc697c7e88e8f94619222625d9de653e4f	ebe5f9bc697c7e88e8f94619222625d9de653e4f
ebfbf9be939400cc635b5f8293b93627f790c2c5	ebfbf9be939400cc635b5f8293b93627f790c2c5
ec109a505f576d402497df25479a386dac5ef81a	ec109a505f576d402497df25479a386dac5ef81a
ec140ae1de045c5d5e3df7482122fd0c5a425813	f5795d7bf2d558cbda7c5d42ca0245fd22be010d
ec1770593caaa171258bf64734c5a648e1ff0d33	ec1770593caaa171258bf64734c5a648e1ff0d33
ec1f46f4af4ab99ba4b0821b61d5cc123620fc5a	1ca976c4727faf0613b2263d4fe16abaebde0538
ec23dadc5b22c67e2baa31e86f52219edefe4418	aca9cf3d4c2a6e4c1d09d3fa756863a082abe64c
ec3794a0d22098694ca1120d826066c79d870043	ec3794a0d22098694ca1120d826066c79d870043
ec384591b6490b076c36801056c5c98c5dcc95be	ec384591b6490b076c36801056c5c98c5dcc95be
ec51bd933bd17749e37effd22139654a4cbf0bee	57790db742b7cfbb085e6094f1817bea3657d125
ec5235677da9276e2cddc1d296908657b7bc41ab	b85e942a7cecf09f08ce1f8310a782e9bddd07e6
ec57448218c1f033b0432ea2fd49bf344d44f5a3	200d3cbd0cb17d19165ec9b22c34c24277946c7f
ec5e406e2712a0080c46f2fb6e37a0cca7b6d9b1	bbe8c9116421275af9852b8df0ef7a2082eb4eb4
ec6ac6ab5160291ea28c196a10dbf2bffa847961	ec6ac6ab5160291ea28c196a10dbf2bffa847961
ec6bd3518ea26a88550ac1887c4d900661922c07	ec6bd3518ea26a88550ac1887c4d900661922c07
eca8e1abadf8eeb4f0746f327af305c698339856	eca8e1abadf8eeb4f0746f327af305c698339856
ecad42a014a3af276539747b7ba9e33946aac901	2f31580ebf321f3a6affba4598d93a9476b25437
ecbf7ffd548ba9251a6c1493f9ece7ee1d6b9188	82979322dccf9dfc1434060d01b8033d0d2af02f
ecd4866a141261710bd2dfb1b7cf22045a73494d	ecd4866a141261710bd2dfb1b7cf22045a73494d
ece135c4f6c00b47e5d98db1e958a7fcd2aaddb3	ece135c4f6c00b47e5d98db1e958a7fcd2aaddb3
ecf7b9718ee67fd03a394bd003f73d78a6e2de6b	ecf7b9718ee67fd03a394bd003f73d78a6e2de6b
ecf87f0c8e61e529bf30b58a20ec9d93a3ae5934	728a9cea4a33cfbe54ba6068e57a781cfae0fe5c
ecf9d68dd3a32345c33b20ae23639d3b806320be	ecf9d68dd3a32345c33b20ae23639d3b806320be
ed0bc48769176cca7ac89a876a33633c340f90c0	7641cd2c3ef60c18b3f5c89b6adf40db74cb3e8c
ed2117f3616270ba70c725f02e8eab7478ef9945	0c3a8248fd3571531494e1737e7962ad210064fa
ed2197ef086534adbe81daa5e672db3f1a3c3e0b	ed2197ef086534adbe81daa5e672db3f1a3c3e0b
ed2235518d951ee352f6433c545a6c09900f5f16	ed2235518d951ee352f6433c545a6c09900f5f16
ed4f53d14e7740a13c73ef60384278417ed4ac28	ed4f53d14e7740a13c73ef60384278417ed4ac28
ed58b15bbc8d8ceb306c72f9bee31cc36ffa2f9f	ed58b15bbc8d8ceb306c72f9bee31cc36ffa2f9f
ed593777bfd2e18bcc444e19d62461a7dec074ab	ed593777bfd2e18bcc444e19d62461a7dec074ab
ed600fb26a8efd028bc3bc6dcaba77cf6ccc6524	ed600fb26a8efd028bc3bc6dcaba77cf6ccc6524
ed66bf404148056d242942bd5b4af2510c047718	ed66bf404148056d242942bd5b4af2510c047718
ed6d353316e9edf3aba912fa01052717819ad452	ed6d353316e9edf3aba912fa01052717819ad452
ed7d0955600e9fadee12a59d1ffeb79c00766fd1	ed7d0955600e9fadee12a59d1ffeb79c00766fd1
ed8228cd2cbac6c9e1ea1d9ed55f31510e910097	6130141e00f324a3b447d340059721936273ee28
edab0f9b31f43feed71936d7ce0fdeb4aab2f982	94b076895af5a7427a614805432d6ea22c8eae8d
edc299bbba24549bb17367997f8b1bcef9ad5c75	edc299bbba24549bb17367997f8b1bcef9ad5c75
edcf266e1b8bb8738a84de905f00cd05ac2d516b	edcf266e1b8bb8738a84de905f00cd05ac2d516b
edd9d81d7fda0ec764b2ed51b0f513beae5dea6d	edd9d81d7fda0ec764b2ed51b0f513beae5dea6d
ede97d14f9be8dfbfd19e3a3d68267a858b51ebf	ede97d14f9be8dfbfd19e3a3d68267a858b51ebf
ee0283e334b2c3cf21ea099ec729e44dbf8c2928	ee0283e334b2c3cf21ea099ec729e44dbf8c2928
ee0bcecd02ab1df73b00f412f9fbcef58bfcaf8b	ee0bcecd02ab1df73b00f412f9fbcef58bfcaf8b
ee1afa64adf8b5ac56f59484ac4589311e0d063f	ee1afa64adf8b5ac56f59484ac4589311e0d063f
ee3093821134c4806efb9f86418fee509ecd0e11	43f79a9b40247b3177883fd0ba6652f917cfdb71
ee54cf51fd385970af063067fd9956ba7d4b43ae	ee54cf51fd385970af063067fd9956ba7d4b43ae
ee57a4438ad0e912891b8e9767356fa02e42cda7	ee57a4438ad0e912891b8e9767356fa02e42cda7
ee5dd62caf2675fe79732773995e8a20a23aea60	c9fa39186068aac30dab5c31e1348e5554e795d2
ee66c5e59e8c7f61de5aa71dd50e5226271c462f	f1c67ba3a9e6b34caaf6e87c0f67721a560217d3
ee6829ae6db1c33b886a92bf3cee659ad3064ee8	7faedccb2b4b351d5dbf8a16ea834a4c381e35e0
ee6d1f519ce0c5fd030e98499d57d87d73f0657e	ee6d1f519ce0c5fd030e98499d57d87d73f0657e
ee8a01ff874866735a19883b0cfff7f67c9af1df	ee8a01ff874866735a19883b0cfff7f67c9af1df
eebd4d31fe79e05af66ddb8f89ab1c172ff4b98f	a9e3cd32c59e86fb3d64d9260855be2ef6b345dc
eec39b95a5d13baf042fc3d168a604e81be86ac0	eec39b95a5d13baf042fc3d168a604e81be86ac0
eec66b9e129eb3383c1c6b136f6d10953a3568f8	a984a7adee87c6d8c6e15e2d846d1ec83adbf6a4
eed65fb806234ca779922abdaa6e526727d57e3b	d6e3288cb409b74b8cb94e1f3be2ff68322a267b
eee4b1f3925032ca22f8c7ade3e229e9e9dcda64	eee4b1f3925032ca22f8c7ade3e229e9e9dcda64
eef0434eacd97c872382b133953845238e78bbc8	eef0434eacd97c872382b133953845238e78bbc8
eef3a5d661a20b28fda2679c3f5b7e8312d7a158	eef3a5d661a20b28fda2679c3f5b7e8312d7a158
eeffb971adeb55186f33cd2821ca9ced80d62372	67b9e5a35fede092f4f98da3e1562d9df49be774
ef00f7f78716ff0485b89f46611f84aa07e9a508	41e1f736205b7e1ac72f30bb5cb018bb3272008b
ef273b59c2affc96c799e6fcf07962ab3e0f01d8	ef273b59c2affc96c799e6fcf07962ab3e0f01d8
ef30ef8de333dc2303d95f793215f0efaa608f79	ef30ef8de333dc2303d95f793215f0efaa608f79
ef35d4c754faef5c2db0ca42f31a65fbe310ff25	e94c99f000f94ef04e45f85e57c73e47428705fb
ef5395ffaaee5b451861ec82621971faf1232ab0	3c95d332f40f2e64b7edd238a96027058cecc985
ef5d9fde06261d8040e21f2246d72e607e217bfd	dd40c09768d6c71daba8f0e4c83aebc88a076046
ef5f7b48435b56a17ab4be673f2b24cedee64372	15428575f8cb8137a46e41a4ce12c4c0d2f1c3ec
ef733c35d25db787d48c5e01bbeac2dc21821595	ef733c35d25db787d48c5e01bbeac2dc21821595
ef81b72953b57f69250bf377fcaa529e740c0f7f	ef81b72953b57f69250bf377fcaa529e740c0f7f
ef8c4a8fb71a412f1830166d4e93cd8348e5be88	ef8c4a8fb71a412f1830166d4e93cd8348e5be88
efad8ae8e3bf3b5bde3481f423809f2535b80270	efad8ae8e3bf3b5bde3481f423809f2535b80270
efbfbaa48f27c622e248a606bb3d08a3d6ec30de	5481304edb4f4794187813d965f2290bc4a9d380
efc358e82004e05044b960be5e8d507a41da4822	898654e9f6d5e11a6f73c75f8b631aa0c3c4322e
efc9549f5d1aecece4115b9acb3879ad97c77812	efc9549f5d1aecece4115b9acb3879ad97c77812
efd96ef9696d635f0a2babd29be4997c25f6343b	efd96ef9696d635f0a2babd29be4997c25f6343b
f0024782abee641a4c859cfab86ae3b1666a7b28	8ceec08f7bbaf7ecfba5c8d4b1081b759514f1c3
f019f9faf31c25ff8d71f29d97fe5945bf992d94	ecacc4d3d4e567752df9de632163808c16695406
f01ba8befac1552429723f92fda1b12e8ab88739	8fb67a78acfafb646a66902812a8f98d71fa4202
f03cf86a8baf039114f1db0aa57c52ef7c179382	f03cf86a8baf039114f1db0aa57c52ef7c179382
f04acffdb33f433d27676c5d197880d3c7a14017	f04acffdb33f433d27676c5d197880d3c7a14017
f05ac0ea198f7988592e7550f87daa7a5631b6ee	f05ac0ea198f7988592e7550f87daa7a5631b6ee
f0673856ca61392a077df268c47ffba7b243106b	4af1c7ba0b99a8b25ac37013fc9083e2ae671b02
f06872ae92648b3218a471b682572ac90d9026c0	f06872ae92648b3218a471b682572ac90d9026c0
f06e49d8676feaa29ff4f9d8f4e7b38321fee004	eb307ae3e0956916e5c6ab89b60b37227c44e130
f0700eadc51eca9318a958bac5a8dc825f4cb485	f0700eadc51eca9318a958bac5a8dc825f4cb485
f0a57ebe4bebd51ac60175072a0ac6bb276469f3	f0a57ebe4bebd51ac60175072a0ac6bb276469f3
f0a925bfa0a9c99f62a3743cd9c78e098e350055	f0a925bfa0a9c99f62a3743cd9c78e098e350055
f0ad420d822177fe89ec40bc4d3e75dc5d5168b8	f0ad420d822177fe89ec40bc4d3e75dc5d5168b8
f0b3c3400f2c9bd8b465f151c55d23583f91d29f	f0b3c3400f2c9bd8b465f151c55d23583f91d29f
f0dd6feb2f3b08e1dcd5ee6757bb640696e2fdb8	06187a12250709fcb178631767f42ecab432320a
f11ff470940f3e6e1ca347b669c2c8238d01cefe	3e9c9eade97beb0ccd3c939d54a45bc71a9811e5
f12663af147876a01784c9548c58cd541528585e	1ab5d36c895e18de85fad5df167d942a6da58a29
f133cb07e654a0f4936627f5d9f1cf482517b6e1	492b2df3eb5cf104819918f9e51efe8214a6b183
f1373a6bf67e5a18d9514e6db9004421ec110972	f1373a6bf67e5a18d9514e6db9004421ec110972
f13d2b22bfd039d3913883c6da1373a208b5878a	f13d2b22bfd039d3913883c6da1373a208b5878a
f14a1577a8c598cf2080e8fb75e8728ef2265dc4	f14a1577a8c598cf2080e8fb75e8728ef2265dc4
f15852209408260778b2ea6c96269da030f9d58c	f15852209408260778b2ea6c96269da030f9d58c
f196da38c74e24ce61e81c541f1002251027d557	f196da38c74e24ce61e81c541f1002251027d557
f1ea449614ecfacfda1d4c762ad7f6505f0ad464	f1ea449614ecfacfda1d4c762ad7f6505f0ad464
f1eec320df960e0249eff998838254b6e8a16876	dbd6cddf0f392e9cdb41ef8d11991b5a6e802c50
f1f2e72ead8d0375ac512e258f4aa646a599330b	dc8c97ab7f2e3f28f302b83686c8088b67472719
f1f2ef123a122ea6d1c43ee5f1ebf1ab060fe42f	f1f2ef123a122ea6d1c43ee5f1ebf1ab060fe42f
f2068c7599cb71f2aa86112b6659f7f88eac7f30	e57cde3d85b99922daf8d9aa32c466332b2c7040
f20710819ec60403be375b79d7e8769f155283c2	832a8187e393ceee53a9bb0700d0de918735ac61
f224adcee6a6656055c0da609972baa69b895dc1	96f5ba77c32ec66666e8aa3ab4391abd075e35f9
f258bf7e30a4e94715b1891605d7ab1791125a31	f258bf7e30a4e94715b1891605d7ab1791125a31
f25b10ca2ce55401460c6296205c9b2c42a18e31	482db10e3d5398de72cdfb5d9f2e01aac7fb8167
f267e5bc6bb1b4f7e461456058eb7e5b165ee4f8	f267e5bc6bb1b4f7e461456058eb7e5b165ee4f8
f2769055b43b1a95fbe8d936560aae0b8a8954d5	f2769055b43b1a95fbe8d936560aae0b8a8954d5
f28e609fd9d5a44b4faeeca487e8ec479b5211b9	f28e609fd9d5a44b4faeeca487e8ec479b5211b9
f2c91a3afbc0f0b49cee9fd683e1cca4fc697e22	f2c91a3afbc0f0b49cee9fd683e1cca4fc697e22
f2f12ba5e1dac6f20a53d733b80e85c6e0533d1e	7f5fb5360d5acf0b4c5c9504b260414f90b51718
f2faebc4539086e973709b27d7e51f231437bc0b	f2faebc4539086e973709b27d7e51f231437bc0b
f2fb179ccb04f701f5c4bbeff8c0ace186fd1262	f2fb179ccb04f701f5c4bbeff8c0ace186fd1262
f30646cb379ac83fc1fb435e368e09d5f10e9843	f30646cb379ac83fc1fb435e368e09d5f10e9843
f309bd7ae30c7474249ebe1b7e6df1a4b8774777	f309bd7ae30c7474249ebe1b7e6df1a4b8774777
f30ee8fc0d0958ae67227df5a22994bd679537e9	20b10363b0d7e01c913fef827101aa3ea8353656
f3262aad0a44d2561f0e1dd6ec6f0e10a21ab721	f3262aad0a44d2561f0e1dd6ec6f0e10a21ab721
f32e1637ab7144a51d1db4185bdf66e45f017a99	f32e1637ab7144a51d1db4185bdf66e45f017a99
f3393b85c9f536d7e4d9a16217b3b960dcffec1f	5a23e3f0616ff2cd0e6724fc544acad5fd50183b
f33da9fc8bba4252d7681b1ccaead097ea19bf64	7b1f1e77c0bd08dbcf9585793079d094545f5b80
f33eea3c3274fee6a7e1b1b967304bc0af710ae1	f33eea3c3274fee6a7e1b1b967304bc0af710ae1
f34463df65a15f072d9b8c3f1664f0a54848d65d	2cc3b628cb425c0a45365aab7eee91e18d29af4c
f3460d6f5c0deefa07c2fe1f00652a04b80d4ca5	1f0bbdba8fa8fd2b095dcfa40c9531082a052551
f3580ab18d5013c756c27d8efb1abfc13e12c8e3	f3580ab18d5013c756c27d8efb1abfc13e12c8e3
f36a7b336aad35d49c043547815e0f28dee463ff	a32593d890ce66dc1f0a1ebfef80f06fc5c23b67
f376e3c131919a571d6f6969de57b2f9ed023917	f376e3c131919a571d6f6969de57b2f9ed023917
f3783cc4ae130f84599c15ea45af7f155f5a6aef	f3783cc4ae130f84599c15ea45af7f155f5a6aef
f38b71ccd16fc1bdadec7b86b820899f4cfe2268	f38b71ccd16fc1bdadec7b86b820899f4cfe2268
f38f471f0aab65b0055282a56897bf1201a126e1	f38f471f0aab65b0055282a56897bf1201a126e1
f40ec3c99cbd857486fbeeff3ef7180c104da350	f40ec3c99cbd857486fbeeff3ef7180c104da350
f4140240d2f22bc32f0b9b61cbc0a5422bb958eb	f4140240d2f22bc32f0b9b61cbc0a5422bb958eb
f414e623fae1654ac0e3da81d9d6ec70c1338331	f414e623fae1654ac0e3da81d9d6ec70c1338331
f4221fea81e30b24ce7e31afb1a3f65646c0dca8	f4221fea81e30b24ce7e31afb1a3f65646c0dca8
f4269b371b162d6c5eb7389015df3c3935cac19f	c20d990a561d02bf469e4c42a84344819656b73e
f42e79099e47c0cebb45f340599ec212c62d73d5	a4be24947dd9f77025482c169e11c38b4838e033
f452ec5def2f7424634ebc3ddf680a6850dc0243	f452ec5def2f7424634ebc3ddf680a6850dc0243
f458669de9ec33af85f1822256a769dbb15f97ef	f458669de9ec33af85f1822256a769dbb15f97ef
f45dddc09b957f98c24fc84c067a811d125a8ad2	f45dddc09b957f98c24fc84c067a811d125a8ad2
f47e6ea8f32eb04c5284bd1f5bd467ab5a370210	f47e6ea8f32eb04c5284bd1f5bd467ab5a370210
f4830024f12f82c3945f24f788595b71323c84e2	5bb96849df51469cd726b88a976b78ed6cba3777
f4925da927c05292e35ed9d2461f214b920c30fb	401020c03fc6d5085d8267c44218e2c5a6371925
f4d08028237b83f9d59c9c3c4885e45a655f3441	f4d08028237b83f9d59c9c3c4885e45a655f3441
f4d610d56533a88829641a32c9a6195b9e13427b	f4d610d56533a88829641a32c9a6195b9e13427b
f4e8a59f1f5c275576daffb4dca6b5c6de4e23c3	f4e8a59f1f5c275576daffb4dca6b5c6de4e23c3
f4f1f5df0607b2fb75c8d82f67e217694ba0dfd4	f4f1f5df0607b2fb75c8d82f67e217694ba0dfd4
f4fb4b45911a1966efceded6809e52492ab1932b	f4fb4b45911a1966efceded6809e52492ab1932b
f53a87a4d76936923121329fe750cbd88c105521	e05d14a384420fc4c1f0bd964a17d059ee8f3a1f
f53dcfee19cca7f4944cbf5f6e75deaaa53160d9	6cb1feaa57ad44dc035c8cd805a0187bd282c665
f540712f8c5508989b19b60b634ff429d235cd7b	0b3513862e358382c4c4eaa88fc5f48d73ebd63d
f572ffc20ea0b9690c7ce77799bfa7790f7005a8	f572ffc20ea0b9690c7ce77799bfa7790f7005a8
f57457e48018ec212d9d92a0b4c52b3a23eaf6ea	7e596f85271a7d0c39f2c8c1e5cead64e20ea456
f581be52ad0dac7a85066a074ff36a5dbb274fb9	f581be52ad0dac7a85066a074ff36a5dbb274fb9
f58e6b0e9041895600d26142fc510a9e623fb9c5	f58e6b0e9041895600d26142fc510a9e623fb9c5
f5aed22a83d7cbc85fc07be2a7c4c191551ded79	f5aed22a83d7cbc85fc07be2a7c4c191551ded79
f5b2a9a4402bb8fcb0eba4163b0c987a7426ce86	f5b2a9a4402bb8fcb0eba4163b0c987a7426ce86
f5c5bee14fb71fe56b532751cd413ff65bfa8b3e	d80bbaac792cb58dd905b588d7f5a270bda3e0f4
f5cbbbe46841cea73bb18a926a7b6c513a7d214c	be1a2841bc1592fa67ea02790117c754aab680a8
f5d1ed8948506e4fd58062c07f2ecfd960e9700d	f5d1ed8948506e4fd58062c07f2ecfd960e9700d
f5d7e19f45589741833f66019e4eaad719d587fa	f5d7e19f45589741833f66019e4eaad719d587fa
f5d877d0f444f9fffa1fde68975401c9fc3759bc	f5d877d0f444f9fffa1fde68975401c9fc3759bc
f5e8c81349a0a7347a159da6d1caee027e284e93	f5e8c81349a0a7347a159da6d1caee027e284e93
f5ec4af0a5874d52935558af9218a313a6621b58	27235c076e2c00371142650d5038756961d13968
f5ee8d2b53f07a45f2c434855a759a90626e5620	45bfadf2210715b37a66cf194c49bb31df20b566
f5ef9af5c445902386263bce771f0d0f16fc7b2f	e48dbfb186b5225b65fd3a8b29831afe1e09e24b
f60b765039aa8ffe2a5508fb7825c0778cc631e9	f60b765039aa8ffe2a5508fb7825c0778cc631e9
f63a044c3495dcd95db2e996345082eb492baf7d	b268dcf701f683756c4b3e848c5b28db05d41f2d
f649beb3b42ea6d86751b0abd4d9daf7216294e2	1bc3a43a3b9a69656285b7a9c3cc79c851fe9438
f64cd4a4257760590079e79eaa0b7f935c75f3b6	f64cd4a4257760590079e79eaa0b7f935c75f3b6
f652ea1cbc83586f74d6f104eca06300f0b19526	f652ea1cbc83586f74d6f104eca06300f0b19526
f65534e4c02cd1eba37cd17fbce429ea9eb4ad5a	d4feb6d4b23d41a8ad3f7c5835536f96e65bc3af
f687127044c1615c30d38e0b83008566fef8fbec	7f14dafd20f0118b824dbf922d02a2dca6abe4ba
f694d3548e89cc002f35a9b3d92974d621dff107	f694d3548e89cc002f35a9b3d92974d621dff107
f69b6fa81d8d4803e365130c111fcd42fdebcd02	f69b6fa81d8d4803e365130c111fcd42fdebcd02
f6a7e12987f3614d1be1fb17afd8ecc0f1c9f96f	ff72f33f3cf142ed624c845e0bdee12657afb992
f6b0458183c0b49f34dd59943e9ea8d6147e92de	ea6b71f2de48f9aa5daa0dec113632081e657727
f6cbcb6e2343c14cd185e0f7e766ce98e77cc8db	c290ef0a50b53756c0746a5b8cf5e01ed7fe2efc
f7105482f8e2f35be36d01b3bd3662174353742d	e03a55c904a1a9ab5cecf0545f73496145a738db
f72d2111ad108385790a8aa5f6ff82f30ec0b5ab	f72d2111ad108385790a8aa5f6ff82f30ec0b5ab
f7355314924e5f7a865e5ee1d8a8763697d9681c	f7355314924e5f7a865e5ee1d8a8763697d9681c
f76189e4946fef0857f4fd5678fcd25b402fa1f5	f76189e4946fef0857f4fd5678fcd25b402fa1f5
f76a98cdb1234ec1b6001f5253cef9d92c3d0bd7	f76a98cdb1234ec1b6001f5253cef9d92c3d0bd7
f774f9de4426efb2292764258c5b4f38961ec7d3	f774f9de4426efb2292764258c5b4f38961ec7d3
f786000d15b45fa8edeb321d99606e2592a9ff77	f786000d15b45fa8edeb321d99606e2592a9ff77
f788ef280c245baf0d8a5f55681564603f75dfb5	71b90b67335c6ef95da4ba12c3c9f670d38896f7
f78bcf44c49aaa5899bcdeee575d69624f0835fd	f78bcf44c49aaa5899bcdeee575d69624f0835fd
f79546f389736355a8756c3c90b8f9bab2e7f7a8	c2628cbabd6eb88a8ba5418e1ee861a91f9fe873
f7976737ba7c606400599fe1f8c94e9c00b4d3a2	f7976737ba7c606400599fe1f8c94e9c00b4d3a2
f7987cfc5ff00b1b2a38c39de2d22fd7fffdd30e	f7987cfc5ff00b1b2a38c39de2d22fd7fffdd30e
f7c95da3ca885b683f50458addb99aea37b99df0	f7c95da3ca885b683f50458addb99aea37b99df0
f7dd9ad887f277d38c45e0f34518dda2412db0f6	f7dd9ad887f277d38c45e0f34518dda2412db0f6
f7e1e85eb7d63c037063804bcac08398ddeb3899	cf4253afb3bcce2cb01a8b6c67e8ade00a2ab656
f80e5b604a8a41da915398df08a7ebeed10f8e7b	f80e5b604a8a41da915398df08a7ebeed10f8e7b
f814093a242e6c8aec389fa674d873eaa786b115	238d42bd9ddccc7b61e5c87171bb7c27a6f6b483
f8152bab398ce0aa9f9ed7cefa7667ed0e154735	f8152bab398ce0aa9f9ed7cefa7667ed0e154735
f820c0dd44ad151449f65e6a9835e89d7c95044f	f820c0dd44ad151449f65e6a9835e89d7c95044f
f859e0d67b270fcd71092211e53625ba5f31aada	8713140fc2ef53526b5180c155683ba9158bc9f7
f86cb9b851d279d08a1def8729d612f25cb5f71c	09f8e3829a08776662767f7f441d53ddfc12bcb1
f886633b90079a75f11adc695a975e1cb1251a67	f886633b90079a75f11adc695a975e1cb1251a67
f88ca070fbe3555180efc2cfe534d395691df0b1	400a80726fbb9ee6e2bc6f6c672b575b223e9353
f8b40d4a2776e73576246e945d383ba8f28b5815	fe977b5aac50edefef80c04a698032ff2945e605
f8b7bdb4733dd9d889aaa7cba0d27b18656a163f	f8b7bdb4733dd9d889aaa7cba0d27b18656a163f
f8bc4f0d1021746a11a7bf9143f3cfcf6ab729be	e78e27a01345e8be30960640fc990d6ced496eed
f8cee5be8f959f8f043e058d97077e517d3dfebd	f8cee5be8f959f8f043e058d97077e517d3dfebd
f8e90fa508d641d8ea91d8e91dc5f052369ee0b2	f8e90fa508d641d8ea91d8e91dc5f052369ee0b2
f8ec8cc67e08fd4558640da825410d3dff959ed1	fe8ba87e85175fb84937c3a0ff91f715425b78f7
f8f3c9cca8094f5902e31ec03d516353ac395591	f8f3c9cca8094f5902e31ec03d516353ac395591
f8f768524cee79ad726bb15df98e778aef4ed570	f8f768524cee79ad726bb15df98e778aef4ed570
f903bd0ec1eef74a03ee34adb170a5bdac2ddded	f903bd0ec1eef74a03ee34adb170a5bdac2ddded
f90aa0d5b0da3b54d51bf24d45a6dea6deebafed	f90aa0d5b0da3b54d51bf24d45a6dea6deebafed
f90f316993304bd46c8a56237a2612b50978ff99	f90f316993304bd46c8a56237a2612b50978ff99
f91bb3c1e90d196126b778c946365cbdf9fda094	13aea9cab936cfbe709c875e8e738a4e15934782
f931cd1b40ac8c6a3a6048571a61fdd32cbc1ff8	05b436e83497fc60dda274dc779127759f88692a
f9383a5e6c32679208c4735532e1454cbf1e9fd7	e94789673aeff810fe2ef1f73c0d97b1548f3d6e
f947f57169319247e15aca2b862e1793afac1e21	ba7a8910ce9f6dbfed6c4fee2a5b3f3c40e43ca8
f948ee444be5eca1e5580e7c9ced3e98fbc9197b	fec0d1cbd7dbe23b9582fc20fbed21e32c0084d4
f95434626bf55a858ad4e96023c9c1231313ff88	d2056a5822af4e18e28c2224c364bd91f11f4114
f95ba49d463496d711a5a47231fe3e9f9f3d203e	f95ba49d463496d711a5a47231fe3e9f9f3d203e
f9613d6ed4df844a5a9469afd4e995e875e381ce	f9613d6ed4df844a5a9469afd4e995e875e381ce
f96fea14063db329478ab18a326a2c55fc7a0333	0a2727047a791f3baf3116b96f5c65c97797b820
f973ef4a85b09ff47531ed56ed5dc53c31896dca	f973ef4a85b09ff47531ed56ed5dc53c31896dca
f98d03cf7fed84c161ebbf3bdc673a3b7b716c34	0e680952b02635c59136613283a603ba542161f8
f9958efbcf7b1b9237a9821e6432504092278b93	b662a4a38c4c8930fdd78084ed28d77e732956de
f9b69913b708068292823557451361057bb985d3	c7efd748dfca875e6d46757add5cc664ac91fb6d
f9ce02caca1a005711a680910bdffa77371c33bf	f9ce02caca1a005711a680910bdffa77371c33bf
f9d00c7b943c97fe8825f13182f2e2954d4994ca	f9d00c7b943c97fe8825f13182f2e2954d4994ca
f9d0904b9aafb792503617192ecb9d0330f0a63f	d4e8f503b432c0554a2db8812ffc04feb026361c
f9f03ebe97f1bc1992c32e7e1a0885ff2589400a	f9f03ebe97f1bc1992c32e7e1a0885ff2589400a
f9fd8a1dd0adf8bcd74f4185e9e165817a02a7fd	71dcdedb5b252be4e64ef2990d102cfdd0c7b621
fa002e5b22ea1652c44d0bbd2fdd46c304ba4a9e	5c3efd0adb3180c0325745665c67e66db8307c90
fa04108171aa2226ef49389c39fc59232d82cdbf	e633b24e12b77e7cd9e20cd0e8b1f04d585a1004
fa052dccc09d537898593820aad409459d507ccd	fa052dccc09d537898593820aad409459d507ccd
fa0cade9ec8a7547f6588ac194bcaf9134c798a6	3035d422cb1e4afa9c376e37d6e3bfb1986dbcc8
fa1f0b034283e7372d0da6db0e3f7db96d3b3054	fa1f0b034283e7372d0da6db0e3f7db96d3b3054
fa3b4cb434e0624374100f05b56684aa0469b4d4	04963ccdb9d96fe1f3f6dc23d3836c587f174079
fa42d44a26b6c2bfbe60bdc3877a40875730d5f9	d539b194e65b4dee5f392b5e54215b8bbbda6bd1
fa445bbd276ee345a1d4d069ce80e7d50a98a90c	fa445bbd276ee345a1d4d069ce80e7d50a98a90c
fa61783cbda562bb12861504e5b989ce35c36cd6	fa61783cbda562bb12861504e5b989ce35c36cd6
fa67efcd231720bd8ab76953f0da66adee3620e3	0e7c932dd6ac715dd360e4fda716ea9885dfae28
fa6e3a75f45e84f09ef5a078403956568f413c71	86944fe1e5a9b5d875c49d37014950287ddbdf42
fa6fbbf235e952cad482c7373d5f6495599b60a8	fa6fbbf235e952cad482c7373d5f6495599b60a8
fab5c51b01a555b9f6d346965b745171e4f001f3	fab5c51b01a555b9f6d346965b745171e4f001f3
fad51d98339aee25887e4eb393f9e73e7772f31d	24f300ce63c53f75921a2ea566f0da1ac3b6153a
faf876efb10536583a8f0eb4407535d2ff71c6dd	8bc079c43e99da3c6063b8ad1c7b2976ceb044b6
fb0d3c8b034bd33a31198ae719d64308730125b3	fb0d3c8b034bd33a31198ae719d64308730125b3
fb12f27e92c182ae5ff425595a4e9d2f947d601d	7a88a37e437775840709ab10fde27e26b78eb433
fb561297e9968c157fff65e231357077d5a14c0c	32568c9af2c7db1c2c8ab683e20724df5b3096f2
fb586b02cb93ed923d032dd668183442872fd34a	cb1832d46d94143057655136187bb50ebfcb8b38
fb6a43e58c8c94b911ac1aa774feab594874bba2	fb6a43e58c8c94b911ac1aa774feab594874bba2
fb962dd2f7ff4c0417211d8b286aa66af0f5ef5f	2315775bd0440adc591935a1cfd8a8ef06feb4f0
fba6d203051610cc03f63ca4d12e8a685468959d	fba6d203051610cc03f63ca4d12e8a685468959d
fbaec1f5031dd978aef25191092547e151bf6e96	fbaec1f5031dd978aef25191092547e151bf6e96
fbcb186f30c961fe6a8c37b637f1389f02be7f8c	fbcb186f30c961fe6a8c37b637f1389f02be7f8c
fbd42980f971c96b455d74fb019f3325f4c145bc	e0456484540c60264c4f7b2f99aca24096a3accb
fbdfe4a9cc14927b7c33f75f9730b21222c3760f	fbdfe4a9cc14927b7c33f75f9730b21222c3760f
fbf0761814211fda39e45d0c5092f2eb2a7f7ea0	549d1676879dca598b4a5054539c262ef79139b8
fbf863af2a9c56dbaaf1b2f895eac298a57db675	fbf863af2a9c56dbaaf1b2f895eac298a57db675
fbfbb569ac21f903b3793212611288d7b38f78bc	ef1905e4888926d729c6a96d5ca1747f8c2f9cc5
fbfbb9430eb16fd6e811c2a1616f36db39e71c75	516902bfbaa83c7e8e25db8719ede146841cdcb5
fbfd673848bc6c3d970e281de3b27135f29c7223	db2c0459534dbcf9557b37df902e1ffebb6d8750
fc01fad0290a3b403b2808344e4aefda89b9b2df	ced98576ce6b1d48d5ca0d0b035195e35c65bb0d
fc0856788bafe85625822ea1b5e662f617113cc7	fc0856788bafe85625822ea1b5e662f617113cc7
fc0beabb9fb1a0c4bb1d45348015b93c94a8b3e8	fc0beabb9fb1a0c4bb1d45348015b93c94a8b3e8
fc228ba4b18f716abfda47bc6f2674812235ee8f	a63e97ae86b03e7c66ed5a0ada43c288bc8296c5
fc3399949b0705f323aff9911ad72eb9069d0c11	b37e2697015834557e8bd5f76f6e48aa84f4e267
fc38b01854ac71e2b6f17fb28dd6fa2330902cfc	fc38b01854ac71e2b6f17fb28dd6fa2330902cfc
fc3c4668609c18cb3afb4efc9d18159c85bacdd1	aa42aa1777bf28f88ba96e8dec49eba33e808adc
fc7943857cd5356934384747b4f7d3551805038f	7a38319fa604c6e17a50891bcd84368d754b8367
fc7e3a060a58de8a98b1c2119b095ea34da4fe43	fc7e3a060a58de8a98b1c2119b095ea34da4fe43
fc8795c9ff920050302c0f028899b7354477df97	debc24280b06f97943c2d511424f96ddcd444b01
fc8cf7f60bc1b11f46f0702e3d1fb82f72fb6b31	fc8cf7f60bc1b11f46f0702e3d1fb82f72fb6b31
fc8d6107738461fa7d689c0cf7fdb8ee19077783	fc8d6107738461fa7d689c0cf7fdb8ee19077783
fcb1a821d2712c5a2ed05855485728e6cc38bcea	fcb1a821d2712c5a2ed05855485728e6cc38bcea
fcc20cc9d59e04102567b9ac07ea59da7028dc51	fcc20cc9d59e04102567b9ac07ea59da7028dc51
fccc815a1e007bbc2c30b1b22374097c9a6c7030	fccc815a1e007bbc2c30b1b22374097c9a6c7030
fcdbd94c469959ad457ad4cd69ac763882b83b62	fcdbd94c469959ad457ad4cd69ac763882b83b62
fcec9dbecb68be9cc150ba1c0c76a95c79d24cc6	fcec9dbecb68be9cc150ba1c0c76a95c79d24cc6
fd015bd0b52e1707bb2fa41c8926d9c93f840086	fd015bd0b52e1707bb2fa41c8926d9c93f840086
fd0289ff9f3d4b502720d0e8ffdd8bad8176a2fe	5a3f44ec89ea0055b74f900a9e4acb2681cf9a6f
fd1c7d08a587ab1b8fff8c86f1b8728b113af3d9	49823e886084561ab07a2d9de07d1474d6a75464
fd2d521e672962ca96bf48030e3ac6ba8ba07b37	fd2d521e672962ca96bf48030e3ac6ba8ba07b37
fd313a993a201904242286ec1a8a702e072735e0	fd313a993a201904242286ec1a8a702e072735e0
fd3afc0ff00c599e886d801399d89f177555d453	8829f22c2604b52c68f482903e572027970d50d1
fd4bfe8e0b2059656caea7cab36c856ec3feae1d	fd4bfe8e0b2059656caea7cab36c856ec3feae1d
fd5526cf243a386d7e063adb168e49a9254d592b	fd5526cf243a386d7e063adb168e49a9254d592b
fd6d1b86383df2a98f97b235d9796d4bcaaa7a58	d566e34e782e8764341d61fde18057be965e12ef
fd6d6d62d47bab6b8f6f2deec25afc91b808cf70	fd6d6d62d47bab6b8f6f2deec25afc91b808cf70
fd86d066086915fa809a08434824064113a9118a	67f4ed206e3197d2fd50fc15e5e805e20b334d8b
fd96a69eff9d5306889ed7741b40be9b2414cd0f	212a9f034e6038adfccbb272cbaf535e6495a575
fd975e5b209dc106d8cfc31dd09fa9cf4241cdc4	fd975e5b209dc106d8cfc31dd09fa9cf4241cdc4
fd993fd6a8060933b08eba398c73c62147c0d651	fd993fd6a8060933b08eba398c73c62147c0d651
fd9fb809ae6845b7170bf7f5a741577518bd8cc1	fd9fb809ae6845b7170bf7f5a741577518bd8cc1
fda1641fa35eeef9d8ff2b582e99faefcf774c34	e20dd218195c080be362070e22dd6a5b50ee1f4b
fdac3435317443f2bcad79bd246f3c9a118c3e11	fb401b72bf871c2e1ac8940afbf8c51e63259b0d
fdb7222c6349f0ca630a6c184687e769ca027d54	fdb7222c6349f0ca630a6c184687e769ca027d54
fdb81913d7364c5c2fac0104c34b044912bb4f01	d0614bdaaa1ae102267e6f5cd127f71a1051566b
fdc04e7f120589cb416548b3f90ebd9239cde2cc	fdc04e7f120589cb416548b3f90ebd9239cde2cc
fdc947d22991703594715210eed917232cc38c55	98681797cf8452d7fa98bc476a7ee77a55fdbb3a
fdcf906d0505b675ea2fb326aa0c60224db1a14c	16cfb32d0f51ccb3d3e6d93f6bfc5e032da2c95c
fdefc03fc13cf026a8707914566692af16e2932f	6bed8aec7b70ffa8d49d6a4a0c3649279e88f8fa
fe0005436087d7241c430cbbfd158687f10a74ef	52a7ed461c014ab9f6395ddf8ce35222afa0bec6
fe0b72afb89594a13ab0a52ac73ba5647fa450b2	fe0b72afb89594a13ab0a52ac73ba5647fa450b2
fe2f3cfaa7d1c25fb6d77554b0b28f66ec7baa9a	0be8528a4feaa145752e9b746127e50632798fa0
fe34ffe769ce747e3847bb429936540775815744	ebd597425c51d7bdc5c48a2feab74777cc721702
fe41bd3e56fee144a956cd194373e3baea8dd8b7	dfd90401b77b3354691f40acef1faa58908e31e6
fe47a618172c58c82aa8104a514077f65a68ab74	fe47a618172c58c82aa8104a514077f65a68ab74
fe5e15b2c88a7507ee55ea8820c6b705c5bd9485	fe5e15b2c88a7507ee55ea8820c6b705c5bd9485
fe64a6d3fd65a2a7dfc6f4c6a930346b4b1a55f3	fe64a6d3fd65a2a7dfc6f4c6a930346b4b1a55f3
fe6d10bb70c1bc5dd12fad5d21c0e15ba7d1024b	750e8b22ee29e39e765f629af4cf3a5cdd5d0b3a
fe83011d5fc1f319c4bed5f318e4f510335bbe5a	fe83011d5fc1f319c4bed5f318e4f510335bbe5a
fe832b7ab376a26ff4dc4d348d7df7f8671b6df8	fe832b7ab376a26ff4dc4d348d7df7f8671b6df8
fe871bff8a7ff1990c5fa5d6f87987d660b5eff9	3ed88e5c27b1978de948de40b9084ef41a5bfd4b
fea0207baf03586f0c3265111a5fa13086107666	fea0207baf03586f0c3265111a5fa13086107666
feb8403dd8a2421c325e422428e20b3a1132e9c1	004e7db97d5f4a39536da00f9e8e7ecb5a2178b7
febec95e4bc5897db173faadd549842f14cfd137	febec95e4bc5897db173faadd549842f14cfd137
fecdd66d7d32120724d1fd355f3d1eae7f295acc	fecdd66d7d32120724d1fd355f3d1eae7f295acc
fed43829f6451159cf4545f1d01a0cd424d0ff01	fed43829f6451159cf4545f1d01a0cd424d0ff01
fef26dcf5134b3e49dd2876203af2d54d8b9a484	def7a1a22d3a87f0f2fad6151729307bd09eeb9c
ff32044d4e6a2842422e9d6c5a5510eba390c202	02b3eb7fcc7c8feb0b022c1e777a436d61daa692
ff538b41b8ba33517a7e451e9f9b75b84e9b4e0d	ff538b41b8ba33517a7e451e9f9b75b84e9b4e0d
ff7027d76b0c2babbbee67652ffe3f594b49d37d	39b14979fac3f5772ff1ed07350f61bd99879154
ff795454429d63121f21a53ab14e6f911ce06ab2	cb2404ddf4edd5e8233fa1528d0280e18efda0e0
ff7c4d753ab0868aaa07a330841e0dd1de96f72c	2f7c683fabb902fc1c1e2e9917d9be3e5450fb4c
ff8880a1b89d249da6c7096835246a5a59746b31	ff8880a1b89d249da6c7096835246a5a59746b31
ff970fdbee67c8119867df8a81995fb89c091fd4	ff970fdbee67c8119867df8a81995fb89c091fd4
ffc70e03de21074fa2e7a69b29f5685fe9d765b6	921554341b6ce0de9e00bc093ed185e1974ca43a
fff72990a11a66b6a50073da413adea3622d03ff	fff72990a11a66b6a50073da413adea3622d03ff
fff7d7e68b021c168378ee65007797fa5d93a087	fff7d7e68b021c168378ee65007797fa5d93a087
