
> arkscope-web@0.0.1 test
> vitest run src/lifecycle src/i18n/resources.test.ts --maxWorkers=4 --reporter=default --reporter=json --outputFile=/tmp/lifecycle-gap-adoption-r1/ui-final.json


 RUN  v4.1.8 /tmp/arkscope-lifecycle-terminal-membership/apps/arkscope-web

stdout | src/i18n/resources.test.ts
i18next: languageChanged zh-Hant
i18next: initialized {
  debug: true,
  initAsync: false,
  ns: [
    'common',
    'shell',
    'settings',
    'research',
    'explore',
    'portfolio',
    'system'
  ],
  defaultNS: 'common',
  fallbackLng: [ 'zh-Hant' ],
  fallbackNS: false,
  supportedLngs: [ 'zh-Hant', 'en', 'cimode' ],
  nonExplicitSupportedLngs: false,
  load: 'currentOnly',
  preload: false,
  keySeparator: '.',
  nsSeparator: ':',
  pluralSeparator: '_',
  contextSeparator: '_',
  enableSelector: false,
  partialBundledLanguages: false,
  saveMissing: false,
  updateMissing: false,
  saveMissingTo: 'fallback',
  saveMissingPlurals: true,
  missingKeyHandler: false,
  missingInterpolationHandler: false,
  postProcess: false,
  postProcessPassResolved: false,
  returnNull: false,
  returnEmptyString: false,
  returnObjects: false,
  joinArrays: false,
  returnedObjectHandler: false,
  parseMissingKeyHandler: [Function: parseMissingKeyHandler],
  appendNamespaceToMissingKey: false,
  appendNamespaceToCIMode: false,
  overloadTranslationOptionHandler: [Function: overloadTranslationOptionHandler],
  interpolation: {
    escapeValue: false,
    prefix: '{{',
    suffix: '}}',
    formatSeparator: ',',
    unescapePrefix: '-',
    nestingPrefix: '$t(',
    nestingSuffix: ')',
    nestingOptionsSeparator: ',',
    maxReplaces: 1000,
    skipOnVariables: true,
    format: [Function: bound format]
  },
  cacheInBuiltFormats: true,
  resources: {
    'zh-Hant': {
      common: [Object],
      shell: [Object],
      settings: [Object],
      research: [Object],
      explore: [Object],
      portfolio: [Object],
      system: [Object]
    },
    en: {
      common: [Object],
      shell: [Object],
      settings: [Object],
      research: [Object],
      explore: [Object],
      portfolio: [Object],
      system: [Object]
    }
  },
  lng: 'zh-Hant',
  react: { useSuspense: false },
  ignoreJSONStructure: true
}

stdout | src/i18n/resources.test.ts > bundled i18n resources > contains the exact Explore subtree inventory in both locales
i18next: languageChanged zh-Hant

stdout | src/i18n/resources.test.ts > bundled i18n resources > keeps Explore resources statically bundled and free of source values
i18next: languageChanged zh-Hant

stdout | src/i18n/resources.test.ts > bundled i18n resources > keeps locale namespace and recursive key paths identical
i18next: languageChanged zh-Hant

stdout | src/i18n/resources.test.ts > bundled i18n resources > requires every resource leaf to be a non-empty string
i18next: languageChanged zh-Hant

stdout | src/i18n/resources.test.ts > bundled i18n resources > initializes bundled zh-Hant resources synchronously
i18next: languageChanged zh-Hant

stdout | src/i18n/resources.test.ts > bundled i18n resources > initializes bundled zh-Hant resources synchronously
i18next: languageChanged zh-Hant
i18next: initialized {
  debug: true,
  initAsync: false,
  ns: [
    'common',
    'shell',
    'settings',
    'research',
    'explore',
    'portfolio',
    'system'
  ],
  defaultNS: 'common',
  fallbackLng: [ 'zh-Hant' ],
  fallbackNS: false,
  supportedLngs: [ 'zh-Hant', 'en', 'cimode' ],
  nonExplicitSupportedLngs: false,
  load: 'currentOnly',
  preload: false,
  keySeparator: '.',
  nsSeparator: ':',
  pluralSeparator: '_',
  contextSeparator: '_',
  enableSelector: false,
  partialBundledLanguages: false,
  saveMissing: false,
  updateMissing: false,
  saveMissingTo: 'fallback',
  saveMissingPlurals: true,
  missingKeyHandler: false,
  missingInterpolationHandler: false,
  postProcess: false,
  postProcessPassResolved: false,
  returnNull: false,
  returnEmptyString: false,
  returnObjects: false,
  joinArrays: false,
  returnedObjectHandler: false,
  parseMissingKeyHandler: [Function: parseMissingKeyHandler],
  appendNamespaceToMissingKey: false,
  appendNamespaceToCIMode: false,
  overloadTranslationOptionHandler: [Function: overloadTranslationOptionHandler],
  interpolation: {
    escapeValue: false,
    prefix: '{{',
    suffix: '}}',
    formatSeparator: ',',
    unescapePrefix: '-',
    nestingPrefix: '$t(',
    nestingSuffix: ')',
    nestingOptionsSeparator: ',',
    maxReplaces: 1000,
    skipOnVariables: true,
    format: [Function: bound format]
  },
  cacheInBuiltFormats: true,
  resources: {
    'zh-Hant': {
      common: [Object],
      shell: [Object],
      settings: [Object],
      research: [Object],
      explore: [Object],
      portfolio: [Object],
      system: [Object]
    },
    en: {
      common: [Object],
      shell: [Object],
      settings: [Object],
      research: [Object],
      explore: [Object],
      portfolio: [Object],
      system: [Object]
    }
  },
  lng: 'zh-Hant',
  react: { useSuspense: false },
  ignoreJSONStructure: true
}

stdout | src/i18n/resources.test.ts > bundled i18n resources > switches to bundled English without loading resources
i18next: languageChanged zh-Hant

stdout | src/i18n/resources.test.ts > bundled i18n resources > switches to bundled English without loading resources
i18next: languageChanged zh-Hant
i18next: initialized {
  debug: true,
  initAsync: false,
  ns: [
    'common',
    'shell',
    'settings',
    'research',
    'explore',
    'portfolio',
    'system'
  ],
  defaultNS: 'common',
  fallbackLng: [ 'zh-Hant' ],
  fallbackNS: false,
  supportedLngs: [ 'zh-Hant', 'en', 'cimode' ],
  nonExplicitSupportedLngs: false,
  load: 'currentOnly',
  preload: false,
  keySeparator: '.',
  nsSeparator: ':',
  pluralSeparator: '_',
  contextSeparator: '_',
  enableSelector: false,
  partialBundledLanguages: false,
  saveMissing: false,
  updateMissing: false,
  saveMissingTo: 'fallback',
  saveMissingPlurals: true,
  missingKeyHandler: false,
  missingInterpolationHandler: false,
  postProcess: false,
  postProcessPassResolved: false,
  returnNull: false,
  returnEmptyString: false,
  returnObjects: false,
  joinArrays: false,
  returnedObjectHandler: false,
  parseMissingKeyHandler: [Function: parseMissingKeyHandler],
  appendNamespaceToMissingKey: false,
  appendNamespaceToCIMode: false,
  overloadTranslationOptionHandler: [Function: overloadTranslationOptionHandler],
  interpolation: {
    escapeValue: false,
    prefix: '{{',
    suffix: '}}',
    formatSeparator: ',',
    unescapePrefix: '-',
    nestingPrefix: '$t(',
    nestingSuffix: ')',
    nestingOptionsSeparator: ',',
    maxReplaces: 1000,
    skipOnVariables: true,
    format: [Function: bound format]
  },
  cacheInBuiltFormats: true,
  resources: {
    'zh-Hant': {
      common: [Object],
      shell: [Object],
      settings: [Object],
      research: [Object],
      explore: [Object],
      portfolio: [Object],
      system: [Object]
    },
    en: {
      common: [Object],
      shell: [Object],
      settings: [Object],
      research: [Object],
      explore: [Object],
      portfolio: [Object],
      system: [Object]
    }
  },
  lng: 'zh-Hant',
  react: { useSuspense: false },
  ignoreJSONStructure: true
}
i18next: languageChanged en

stdout | src/i18n/resources.test.ts > bundled i18n resources > returns localized safe copy instead of a raw missing key
i18next: languageChanged zh-Hant

stdout | src/i18n/resources.test.ts > bundled i18n resources > returns localized safe copy instead of a raw missing key
i18next: languageChanged zh-Hant
i18next: initialized {
  debug: true,
  initAsync: false,
  ns: [
    'common',
    'shell',
    'settings',
    'research',
    'explore',
    'portfolio',
    'system'
  ],
  defaultNS: 'common',
  fallbackLng: [ 'zh-Hant' ],
  fallbackNS: false,
  supportedLngs: [ 'zh-Hant', 'en', 'cimode' ],
  nonExplicitSupportedLngs: false,
  load: 'currentOnly',
  preload: false,
  keySeparator: '.',
  nsSeparator: ':',
  pluralSeparator: '_',
  contextSeparator: '_',
  enableSelector: false,
  partialBundledLanguages: false,
  saveMissing: false,
  updateMissing: false,
  saveMissingTo: 'fallback',
  saveMissingPlurals: true,
  missingKeyHandler: false,
  missingInterpolationHandler: false,
  postProcess: false,
  postProcessPassResolved: false,
  returnNull: false,
  returnEmptyString: false,
  returnObjects: false,
  joinArrays: false,
  returnedObjectHandler: false,
  parseMissingKeyHandler: [Function: parseMissingKeyHandler],
  appendNamespaceToMissingKey: false,
  appendNamespaceToCIMode: false,
  overloadTranslationOptionHandler: [Function: overloadTranslationOptionHandler],
  interpolation: {
    escapeValue: false,
    prefix: '{{',
    suffix: '}}',
    formatSeparator: ',',
    unescapePrefix: '-',
    nestingPrefix: '$t(',
    nestingSuffix: ')',
    nestingOptionsSeparator: ',',
    maxReplaces: 1000,
    skipOnVariables: true,
    format: [Function: bound format]
  },
  cacheInBuiltFormats: true,
  resources: {
    'zh-Hant': {
      common: [Object],
      shell: [Object],
      settings: [Object],
      research: [Object],
      explore: [Object],
      portfolio: [Object],
      system: [Object]
    },
    en: {
      common: [Object],
      shell: [Object],
      settings: [Object],
      research: [Object],
      explore: [Object],
      portfolio: [Object],
      system: [Object]
    }
  },
  lng: 'zh-Hant',
  react: { useSuspense: false },
  ignoreJSONStructure: true
}
i18next::translator: missingKey zh-Hant common i18n.notARealKey i18n.notARealKey
i18next: languageChanged en

stdout | src/i18n/resources.test.ts > bundled i18n resources > returns localized safe copy instead of a raw missing key
i18next::translator: missingKey en common i18n.notARealKey i18n.notARealKey

stdout | src/i18n/resources.test.ts > bundled i18n resources > supports exactly one reviewed typed translation-key style
i18next: languageChanged zh-Hant

stdout | src/i18n/resources.test.ts > bundled i18n resources > supports exactly one reviewed typed translation-key style
i18next: languageChanged en
i18next: initialized {
  debug: true,
  initAsync: false,
  ns: [
    'common',
    'shell',
    'settings',
    'research',
    'explore',
    'portfolio',
    'system'
  ],
  defaultNS: 'common',
  fallbackLng: [ 'zh-Hant' ],
  fallbackNS: false,
  supportedLngs: [ 'zh-Hant', 'en', 'cimode' ],
  nonExplicitSupportedLngs: false,
  load: 'currentOnly',
  preload: false,
  keySeparator: '.',
  nsSeparator: ':',
  pluralSeparator: '_',
  contextSeparator: '_',
  enableSelector: false,
  partialBundledLanguages: false,
  saveMissing: false,
  updateMissing: false,
  saveMissingTo: 'fallback',
  saveMissingPlurals: true,
  missingKeyHandler: false,
  missingInterpolationHandler: false,
  postProcess: false,
  postProcessPassResolved: false,
  returnNull: false,
  returnEmptyString: false,
  returnObjects: false,
  joinArrays: false,
  returnedObjectHandler: false,
  parseMissingKeyHandler: [Function: parseMissingKeyHandler],
  appendNamespaceToMissingKey: false,
  appendNamespaceToCIMode: false,
  overloadTranslationOptionHandler: [Function: overloadTranslationOptionHandler],
  interpolation: {
    escapeValue: false,
    prefix: '{{',
    suffix: '}}',
    formatSeparator: ',',
    unescapePrefix: '-',
    nestingPrefix: '$t(',
    nestingSuffix: ')',
    nestingOptionsSeparator: ',',
    maxReplaces: 1000,
    skipOnVariables: true,
    format: [Function: bound format]
  },
  cacheInBuiltFormats: true,
  resources: {
    'zh-Hant': {
      common: [Object],
      shell: [Object],
      settings: [Object],
      research: [Object],
      explore: [Object],
      portfolio: [Object],
      system: [Object]
    },
    en: {
      common: [Object],
      shell: [Object],
      settings: [Object],
      research: [Object],
      explore: [Object],
      portfolio: [Object],
      system: [Object]
    }
  },
  lng: 'en',
  react: { useSuspense: false },
  ignoreJSONStructure: true
}

stdout | src/i18n/resources.test.ts > bundled i18n resources > resolves the reviewed common and shell copy in both locales
i18next: languageChanged zh-Hant

stdout | src/i18n/resources.test.ts > bundled i18n resources > resolves the reviewed common and shell copy in both locales
i18next: languageChanged zh-Hant
i18next: initialized {
  debug: true,
  initAsync: false,
  ns: [
    'common',
    'shell',
    'settings',
    'research',
    'explore',
    'portfolio',
    'system'
  ],
  defaultNS: 'common',
  fallbackLng: [ 'zh-Hant' ],
  fallbackNS: false,
  supportedLngs: [ 'zh-Hant', 'en', 'cimode' ],
  nonExplicitSupportedLngs: false,
  load: 'currentOnly',
  preload: false,
  keySeparator: '.',
  nsSeparator: ':',
  pluralSeparator: '_',
  contextSeparator: '_',
  enableSelector: false,
  partialBundledLanguages: false,
  saveMissing: false,
  updateMissing: false,
  saveMissingTo: 'fallback',
  saveMissingPlurals: true,
  missingKeyHandler: false,
  missingInterpolationHandler: false,
  postProcess: false,
  postProcessPassResolved: false,
  returnNull: false,
  returnEmptyString: false,
  returnObjects: false,
  joinArrays: false,
  returnedObjectHandler: false,
  parseMissingKeyHandler: [Function: parseMissingKeyHandler],
  appendNamespaceToMissingKey: false,
  appendNamespaceToCIMode: false,
  overloadTranslationOptionHandler: [Function: overloadTranslationOptionHandler],
  interpolation: {
    escapeValue: false,
    prefix: '{{',
    suffix: '}}',
    formatSeparator: ',',
    unescapePrefix: '-',
    nestingPrefix: '$t(',
    nestingSuffix: ')',
    nestingOptionsSeparator: ',',
    maxReplaces: 1000,
    skipOnVariables: true,
    format: [Function: bound format]
  },
  cacheInBuiltFormats: true,
  resources: {
    'zh-Hant': {
      common: [Object],
      shell: [Object],
      settings: [Object],
      research: [Object],
      explore: [Object],
      portfolio: [Object],
      system: [Object]
    },
    en: {
      common: [Object],
      shell: [Object],
      settings: [Object],
      research: [Object],
      explore: [Object],
      portfolio: [Object],
      system: [Object]
    }
  },
  lng: 'zh-Hant',
  react: { useSuspense: false },
  ignoreJSONStructure: true
}
i18next: languageChanged en
i18next: initialized {
  debug: true,
  initAsync: false,
  ns: [
    'common',
    'shell',
    'settings',
    'research',
    'explore',
    'portfolio',
    'system'
  ],
  defaultNS: 'common',
  fallbackLng: [ 'zh-Hant' ],
  fallbackNS: false,
  supportedLngs: [ 'zh-Hant', 'en', 'cimode' ],
  nonExplicitSupportedLngs: false,
  load: 'currentOnly',
  preload: false,
  keySeparator: '.',
  nsSeparator: ':',
  pluralSeparator: '_',
  contextSeparator: '_',
  enableSelector: false,
  partialBundledLanguages: false,
  saveMissing: false,
  updateMissing: false,
  saveMissingTo: 'fallback',
  saveMissingPlurals: true,
  missingKeyHandler: false,
  missingInterpolationHandler: false,
  postProcess: false,
  postProcessPassResolved: false,
  returnNull: false,
  returnEmptyString: false,
  returnObjects: false,
  joinArrays: false,
  returnedObjectHandler: false,
  parseMissingKeyHandler: [Function: parseMissingKeyHandler],
  appendNamespaceToMissingKey: false,
  appendNamespaceToCIMode: false,
  overloadTranslationOptionHandler: [Function: overloadTranslationOptionHandler],
  interpolation: {
    escapeValue: false,
    prefix: '{{',
    suffix: '}}',
    formatSeparator: ',',
    unescapePrefix: '-',
    nestingPrefix: '$t(',
    nestingSuffix: ')',
    nestingOptionsSeparator: ',',
    maxReplaces: 1000,
    skipOnVariables: true,
    format: [Function: bound format]
  },
  cacheInBuiltFormats: true,
  resources: {
    'zh-Hant': {
      common: [Object],
      shell: [Object],
      settings: [Object],
      research: [Object],
      explore: [Object],
      portfolio: [Object],
      system: [Object]
    },
    en: {
      common: [Object],
      shell: [Object],
      settings: [Object],
      research: [Object],
      explore: [Object],
      portfolio: [Object],
      system: [Object]
    }
  },
  lng: 'en',
  react: { useSuspense: false },
  ignoreJSONStructure: true
}

stdout | src/i18n/resources.test.ts > bundled i18n resources > resolves the reviewed Settings copy inventory in both locales
i18next: languageChanged zh-Hant

stdout | src/i18n/resources.test.ts > bundled i18n resources > resolves the reviewed Settings copy inventory in both locales
i18next: languageChanged zh-Hant
i18next: initialized {
  debug: true,
  initAsync: false,
  ns: [
    'common',
    'shell',
    'settings',
    'research',
    'explore',
    'portfolio',
    'system'
  ],
  defaultNS: 'common',
  fallbackLng: [ 'zh-Hant' ],
  fallbackNS: false,
  supportedLngs: [ 'zh-Hant', 'en', 'cimode' ],
  nonExplicitSupportedLngs: false,
  load: 'currentOnly',
  preload: false,
  keySeparator: '.',
  nsSeparator: ':',
  pluralSeparator: '_',
  contextSeparator: '_',
  enableSelector: false,
  partialBundledLanguages: false,
  saveMissing: false,
  updateMissing: false,
  saveMissingTo: 'fallback',
  saveMissingPlurals: true,
  missingKeyHandler: false,
  missingInterpolationHandler: false,
  postProcess: false,
  postProcessPassResolved: false,
  returnNull: false,
  returnEmptyString: false,
  returnObjects: false,
  joinArrays: false,
  returnedObjectHandler: false,
  parseMissingKeyHandler: [Function: parseMissingKeyHandler],
  appendNamespaceToMissingKey: false,
  appendNamespaceToCIMode: false,
  overloadTranslationOptionHandler: [Function: overloadTranslationOptionHandler],
  interpolation: {
    escapeValue: false,
    prefix: '{{',
    suffix: '}}',
    formatSeparator: ',',
    unescapePrefix: '-',
    nestingPrefix: '$t(',
    nestingSuffix: ')',
    nestingOptionsSeparator: ',',
    maxReplaces: 1000,
    skipOnVariables: true,
    format: [Function: bound format]
  },
  cacheInBuiltFormats: true,
  resources: {
    'zh-Hant': {
      common: [Object],
      shell: [Object],
      settings: [Object],
      research: [Object],
      explore: [Object],
      portfolio: [Object],
      system: [Object]
    },
    en: {
      common: [Object],
      shell: [Object],
      settings: [Object],
      research: [Object],
      explore: [Object],
      portfolio: [Object],
      system: [Object]
    }
  },
  lng: 'zh-Hant',
  react: { useSuspense: false },
  ignoreJSONStructure: true
}
i18next: languageChanged en
i18next: initialized {
  debug: true,
  initAsync: false,
  ns: [
    'common',
    'shell',
    'settings',
    'research',
    'explore',
    'portfolio',
    'system'
  ],
  defaultNS: 'common',
  fallbackLng: [ 'zh-Hant' ],
  fallbackNS: false,
  supportedLngs: [ 'zh-Hant', 'en', 'cimode' ],
  nonExplicitSupportedLngs: false,
  load: 'currentOnly',
  preload: false,
  keySeparator: '.',
  nsSeparator: ':',
  pluralSeparator: '_',
  contextSeparator: '_',
  enableSelector: false,
  partialBundledLanguages: false,
  saveMissing: false,
  updateMissing: false,
  saveMissingTo: 'fallback',
  saveMissingPlurals: true,
  missingKeyHandler: false,
  missingInterpolationHandler: false,
  postProcess: false,
  postProcessPassResolved: false,
  returnNull: false,
  returnEmptyString: false,
  returnObjects: false,
  joinArrays: false,
  returnedObjectHandler: false,
  parseMissingKeyHandler: [Function: parseMissingKeyHandler],
  appendNamespaceToMissingKey: false,
  appendNamespaceToCIMode: false,
  overloadTranslationOptionHandler: [Function: overloadTranslationOptionHandler],
  interpolation: {
    escapeValue: false,
    prefix: '{{',
    suffix: '}}',
    formatSeparator: ',',
    unescapePrefix: '-',
    nestingPrefix: '$t(',
    nestingSuffix: ')',
    nestingOptionsSeparator: ',',
    maxReplaces: 1000,
    skipOnVariables: true,
    format: [Function: bound format]
  },
  cacheInBuiltFormats: true,
  resources: {
    'zh-Hant': {
      common: [Object],
      shell: [Object],
      settings: [Object],
      research: [Object],
      explore: [Object],
      portfolio: [Object],
      system: [Object]
    },
    en: {
      common: [Object],
      shell: [Object],
      settings: [Object],
      research: [Object],
      explore: [Object],
      portfolio: [Object],
      system: [Object]
    }
  },
  lng: 'en',
  react: { useSuspense: false },
  ignoreJSONStructure: true
}

stdout | src/i18n/resources.test.ts > bundled i18n resources > resolves the Slice 5 Investor workspace copy in both locales
i18next: languageChanged zh-Hant

stdout | src/i18n/resources.test.ts > bundled i18n resources > resolves the Slice 5 Investor workspace copy in both locales
i18next: languageChanged zh-Hant
i18next: initialized {
  debug: true,
  initAsync: false,
  ns: [
    'common',
    'shell',
    'settings',
    'research',
    'explore',
    'portfolio',
    'system'
  ],
  defaultNS: 'common',
  fallbackLng: [ 'zh-Hant' ],
  fallbackNS: false,
  supportedLngs: [ 'zh-Hant', 'en', 'cimode' ],
  nonExplicitSupportedLngs: false,
  load: 'currentOnly',
  preload: false,
  keySeparator: '.',
  nsSeparator: ':',
  pluralSeparator: '_',
  contextSeparator: '_',
  enableSelector: false,
  partialBundledLanguages: false,
  saveMissing: false,
  updateMissing: false,
  saveMissingTo: 'fallback',
  saveMissingPlurals: true,
  missingKeyHandler: false,
  missingInterpolationHandler: false,
  postProcess: false,
  postProcessPassResolved: false,
  returnNull: false,
  returnEmptyString: false,
  returnObjects: false,
  joinArrays: false,
  returnedObjectHandler: false,
  parseMissingKeyHandler: [Function: parseMissingKeyHandler],
  appendNamespaceToMissingKey: false,
  appendNamespaceToCIMode: false,
  overloadTranslationOptionHandler: [Function: overloadTranslationOptionHandler],
  interpolation: {
    escapeValue: false,
    prefix: '{{',
    suffix: '}}',
    formatSeparator: ',',
    unescapePrefix: '-',
    nestingPrefix: '$t(',
    nestingSuffix: ')',
    nestingOptionsSeparator: ',',
    maxReplaces: 1000,
    skipOnVariables: true,
    format: [Function: bound format]
  },
  cacheInBuiltFormats: true,
  resources: {
    'zh-Hant': {
      common: [Object],
      shell: [Object],
      settings: [Object],
      research: [Object],
      explore: [Object],
      portfolio: [Object],
      system: [Object]
    },
    en: {
      common: [Object],
      shell: [Object],
      settings: [Object],
      research: [Object],
      explore: [Object],
      portfolio: [Object],
      system: [Object]
    }
  },
  lng: 'zh-Hant',
  react: { useSuspense: false },
  ignoreJSONStructure: true
}
i18next: languageChanged en
i18next: initialized {
  debug: true,
  initAsync: false,
  ns: [
    'common',
    'shell',
    'settings',
    'research',
    'explore',
    'portfolio',
    'system'
  ],
  defaultNS: 'common',
  fallbackLng: [ 'zh-Hant' ],
  fallbackNS: false,
  supportedLngs: [ 'zh-Hant', 'en', 'cimode' ],
  nonExplicitSupportedLngs: false,
  load: 'currentOnly',
  preload: false,
  keySeparator: '.',
  nsSeparator: ':',
  pluralSeparator: '_',
  contextSeparator: '_',
  enableSelector: false,
  partialBundledLanguages: false,
  saveMissing: false,
  updateMissing: false,
  saveMissingTo: 'fallback',
  saveMissingPlurals: true,
  missingKeyHandler: false,
  missingInterpolationHandler: false,
  postProcess: false,
  postProcessPassResolved: false,
  returnNull: false,
  returnEmptyString: false,
  returnObjects: false,
  joinArrays: false,
  returnedObjectHandler: false,
  parseMissingKeyHandler: [Function: parseMissingKeyHandler],
  appendNamespaceToMissingKey: false,
  appendNamespaceToCIMode: false,
  overloadTranslationOptionHandler: [Function: overloadTranslationOptionHandler],
  interpolation: {
    escapeValue: false,
    prefix: '{{',
    suffix: '}}',
    formatSeparator: ',',
    unescapePrefix: '-',
    nestingPrefix: '$t(',
    nestingSuffix: ')',
    nestingOptionsSeparator: ',',
    maxReplaces: 1000,
    skipOnVariables: true,
    format: [Function: bound format]
  },
  cacheInBuiltFormats: true,
  resources: {
    'zh-Hant': {
      common: [Object],
      shell: [Object],
      settings: [Object],
      research: [Object],
      explore: [Object],
      portfolio: [Object],
      system: [Object]
    },
    en: {
      common: [Object],
      shell: [Object],
      settings: [Object],
      research: [Object],
      explore: [Object],
      portfolio: [Object],
      system: [Object]
    }
  },
  lng: 'en',
  react: { useSuspense: false },
  ignoreJSONStructure: true
}

stdout | src/i18n/resources.test.ts > bundled i18n resources > contains the reviewed remaining-surface namespace inventory in both locales
i18next: languageChanged zh-Hant

stdout | src/i18n/resources.test.ts > bundled i18n resources > moves shared model chrome to one Common owner without Settings duplicates
i18next: languageChanged zh-Hant

stdout | src/i18n/resources.test.ts > bundled i18n resources > preserves the reviewed pre-Slice-5 Settings-origin inventory across the Common move
i18next: languageChanged zh-Hant

 ✓ src/i18n/resources.test.ts (14 tests) 134ms
stdout | src/lifecycle/CurrentLifecycleAudit.test.tsx
i18next: languageChanged zh-Hant
i18next: initialized {
  debug: true,
  initAsync: false,
  ns: [
    'common',
    'shell',
    'settings',
    'research',
    'explore',
    'portfolio',
    'system'
  ],
  defaultNS: 'common',
  fallbackLng: [ 'zh-Hant' ],
  fallbackNS: false,
  supportedLngs: [ 'zh-Hant', 'en', 'cimode' ],
  nonExplicitSupportedLngs: false,
  load: 'currentOnly',
  preload: false,
  keySeparator: '.',
  nsSeparator: ':',
  pluralSeparator: '_',
  contextSeparator: '_',
  enableSelector: false,
  partialBundledLanguages: false,
  saveMissing: false,
  updateMissing: false,
  saveMissingTo: 'fallback',
  saveMissingPlurals: true,
  missingKeyHandler: false,
  missingInterpolationHandler: false,
  postProcess: false,
  postProcessPassResolved: false,
  returnNull: false,
  returnEmptyString: false,
  returnObjects: false,
  joinArrays: false,
  returnedObjectHandler: false,
  parseMissingKeyHandler: [Function: parseMissingKeyHandler],
  appendNamespaceToMissingKey: false,
  appendNamespaceToCIMode: false,
  overloadTranslationOptionHandler: [Function: overloadTranslationOptionHandler],
  interpolation: {
    escapeValue: false,
    prefix: '{{',
    suffix: '}}',
    formatSeparator: ',',
    unescapePrefix: '-',
    nestingPrefix: '$t(',
    nestingSuffix: ')',
    nestingOptionsSeparator: ',',
    maxReplaces: 1000,
    skipOnVariables: true,
    format: [Function: bound format]
  },
  cacheInBuiltFormats: true,
  resources: {
    'zh-Hant': {
      common: [Object],
      shell: [Object],
      settings: [Object],
      research: [Object],
      explore: [Object],
      portfolio: [Object],
      system: [Object]
    },
    en: {
      common: [Object],
      shell: [Object],
      settings: [Object],
      research: [Object],
      explore: [Object],
      portfolio: [Object],
      system: [Object]
    }
  },
  lng: 'zh-Hant',
  react: { useSuspense: false },
  ignoreJSONStructure: true
}

stdout | src/lifecycle/LifecycleCurrentView.test.tsx
i18next: languageChanged zh-Hant
i18next: initialized {
  debug: true,
  initAsync: false,
  ns: [
    'common',
    'shell',
    'settings',
    'research',
    'explore',
    'portfolio',
    'system'
  ],
  defaultNS: 'common',
  fallbackLng: [ 'zh-Hant' ],
  fallbackNS: false,
  supportedLngs: [ 'zh-Hant', 'en', 'cimode' ],
  nonExplicitSupportedLngs: false,
  load: 'currentOnly',
  preload: false,
  keySeparator: '.',
  nsSeparator: ':',
  pluralSeparator: '_',
  contextSeparator: '_',
  enableSelector: false,
  partialBundledLanguages: false,
  saveMissing: false,
  updateMissing: false,
  saveMissingTo: 'fallback',
  saveMissingPlurals: true,
  missingKeyHandler: false,
  missingInterpolationHandler: false,
  postProcess: false,
  postProcessPassResolved: false,
  returnNull: false,
  returnEmptyString: false,
  returnObjects: false,
  joinArrays: false,
  returnedObjectHandler: false,
  parseMissingKeyHandler: [Function: parseMissingKeyHandler],
  appendNamespaceToMissingKey: false,
  appendNamespaceToCIMode: false,
  overloadTranslationOptionHandler: [Function: overloadTranslationOptionHandler],
  interpolation: {
    escapeValue: false,
    prefix: '{{',
    suffix: '}}',
    formatSeparator: ',',
    unescapePrefix: '-',
    nestingPrefix: '$t(',
    nestingSuffix: ')',
    nestingOptionsSeparator: ',',
    maxReplaces: 1000,
    skipOnVariables: true,
    format: [Function: bound format]
  },
  cacheInBuiltFormats: true,
  resources: {
    'zh-Hant': {
      common: [Object],
      shell: [Object],
      settings: [Object],
      research: [Object],
      explore: [Object],
      portfolio: [Object],
      system: [Object]
    },
    en: {
      common: [Object],
      shell: [Object],
      settings: [Object],
      research: [Object],
      explore: [Object],
      portfolio: [Object],
      system: [Object]
    }
  },
  lng: 'zh-Hant',
  react: { useSuspense: false },
  ignoreJSONStructure: true
}

stdout | src/lifecycle/LifecycleWebPanel.test.tsx
i18next: languageChanged zh-Hant
i18next: initialized {
  debug: true,
  initAsync: false,
  ns: [
    'common',
    'shell',
    'settings',
    'research',
    'explore',
    'portfolio',
    'system'
  ],
  defaultNS: 'common',
  fallbackLng: [ 'zh-Hant' ],
  fallbackNS: false,
  supportedLngs: [ 'zh-Hant', 'en', 'cimode' ],
  nonExplicitSupportedLngs: false,
  load: 'currentOnly',
  preload: false,
  keySeparator: '.',
  nsSeparator: ':',
  pluralSeparator: '_',
  contextSeparator: '_',
  enableSelector: false,
  partialBundledLanguages: false,
  saveMissing: false,
  updateMissing: false,
  saveMissingTo: 'fallback',
  saveMissingPlurals: true,
  missingKeyHandler: false,
  missingInterpolationHandler: false,
  postProcess: false,
  postProcessPassResolved: false,
  returnNull: false,
  returnEmptyString: false,
  returnObjects: false,
  joinArrays: false,
  returnedObjectHandler: false,
  parseMissingKeyHandler: [Function: parseMissingKeyHandler],
  appendNamespaceToMissingKey: false,
  appendNamespaceToCIMode: false,
  overloadTranslationOptionHandler: [Function: overloadTranslationOptionHandler],
  interpolation: {
    escapeValue: false,
    prefix: '{{',
    suffix: '}}',
    formatSeparator: ',',
    unescapePrefix: '-',
    nestingPrefix: '$t(',
    nestingSuffix: ')',
    nestingOptionsSeparator: ',',
    maxReplaces: 1000,
    skipOnVariables: true,
    format: [Function: bound format]
  },
  cacheInBuiltFormats: true,
  resources: {
    'zh-Hant': {
      common: [Object],
      shell: [Object],
      settings: [Object],
      research: [Object],
      explore: [Object],
      portfolio: [Object],
      system: [Object]
    },
    en: {
      common: [Object],
      shell: [Object],
      settings: [Object],
      research: [Object],
      explore: [Object],
      portfolio: [Object],
      system: [Object]
    }
  },
  lng: 'zh-Hant',
  react: { useSuspense: false },
  ignoreJSONStructure: true
}

stdout | src/lifecycle/CurrentLifecycleAudit.test.tsx > provides reviewed bilingual presentation for every closed translation failure
i18next: languageChanged zh-Hant

stdout | src/lifecycle/CurrentLifecycleAudit.test.tsx > provides reviewed bilingual presentation for every closed translation failure
i18next: languageChanged en

stdout | src/lifecycle/LifecycleWebPanel.test.tsx > opening, reloading and reading a saved investigation never dispatch a model
i18next: languageChanged zh-Hant

stdout | src/lifecycle/LifecycleWebPanel.test.tsx > opening, reloading and reading a saved investigation never dispatch a model
i18next: languageChanged en

stdout | src/lifecycle/LifecycleWebPanel.test.tsx > opening, reloading and reading a saved investigation never dispatch a model
i18next: languageChanged en

stdout | src/lifecycle/LifecycleCurrentView.test.tsx > shows compact collection truth, outstanding continuation and healthy coverage without spending
i18next: languageChanged zh-Hant

stdout | src/lifecycle/LifecycleCurrentView.test.tsx > shows compact collection truth, outstanding continuation and healthy coverage without spending
i18next: languageChanged en

stdout | src/lifecycle/LifecycleCurrentView.test.tsx > shows compact collection truth, outstanding continuation and healthy coverage without spending
i18next: languageChanged en

stdout | src/lifecycle/CurrentLifecycleAudit.test.tsx > loads once on disclosure and reuses the audit on close and reopen
i18next: languageChanged zh-Hant

stdout | src/lifecycle/CurrentLifecycleAudit.test.tsx > loads once on disclosure and reuses the audit on close and reopen
i18next: languageChanged en

stdout | src/lifecycle/CurrentLifecycleAudit.test.tsx > loads once on disclosure and reuses the audit on close and reopen
i18next: languageChanged en

stdout | src/lifecycle/LifecycleWebPanel.test.tsx > shows selected context honestly without claiming the model read the complete source
i18next: languageChanged zh-Hant

stdout | src/lifecycle/LifecycleWebPanel.test.tsx > shows selected context honestly without claiming the model read the complete source
i18next: languageChanged en

stdout | src/lifecycle/LifecycleWebPanel.test.tsx > shows selected context honestly without claiming the model read the complete source
i18next: languageChanged en

stdout | src/lifecycle/LifecycleWebPanel.test.tsx > shows selected context honestly without claiming the model read the complete source
i18next: languageChanged zh-Hant

stdout | src/lifecycle/LifecycleWebPanel.test.tsx > shows measured source failure details instead of guessing a document or model failure
i18next: languageChanged zh-Hant

stdout | src/lifecycle/LifecycleWebPanel.test.tsx > shows measured source failure details instead of guessing a document or model failure
i18next: languageChanged en

stdout | src/lifecycle/LifecycleWebPanel.test.tsx > shows measured source failure details instead of guessing a document or model failure
i18next: languageChanged en

stdout | src/lifecycle/CurrentLifecycleAudit.test.tsx > discards a late response after switching to a different case
i18next: languageChanged zh-Hant

stdout | src/lifecycle/CurrentLifecycleAudit.test.tsx > discards a late response after switching to a different case
i18next: languageChanged en

stdout | src/lifecycle/CurrentLifecycleAudit.test.tsx > discards a late response after switching to a different case
i18next: languageChanged en

stdout | src/lifecycle/CurrentLifecycleAudit.test.tsx > discards a late response after switching to a different case
i18next: languageChanged en

stdout | src/lifecycle/LifecycleWebPanel.test.tsx > shows selected OAuth and cost before one explicit launch
i18next: languageChanged zh-Hant

stdout | src/lifecycle/LifecycleWebPanel.test.tsx > shows selected OAuth and cost before one explicit launch
i18next: languageChanged en

stdout | src/lifecycle/LifecycleWebPanel.test.tsx > shows selected OAuth and cost before one explicit launch
i18next: languageChanged en

stdout | src/lifecycle/LifecycleCurrentView.test.tsx > prepares the action read-only then confirms with one backend command
i18next: languageChanged zh-Hant

stdout | src/lifecycle/LifecycleCurrentView.test.tsx > prepares the action read-only then confirms with one backend command
i18next: languageChanged en

stdout | src/lifecycle/LifecycleCurrentView.test.tsx > prepares the action read-only then confirms with one backend command
i18next: languageChanged en

stdout | src/lifecycle/LifecycleActivityBand.test.tsx
i18next: languageChanged zh-Hant
i18next: initialized {
  debug: true,
  initAsync: false,
  ns: [
    'common',
    'shell',
    'settings',
    'research',
    'explore',
    'portfolio',
    'system'
  ],
  defaultNS: 'common',
  fallbackLng: [ 'zh-Hant' ],
  fallbackNS: false,
  supportedLngs: [ 'zh-Hant', 'en', 'cimode' ],
  nonExplicitSupportedLngs: false,
  load: 'currentOnly',
  preload: false,
  keySeparator: '.',
  nsSeparator: ':',
  pluralSeparator: '_',
  contextSeparator: '_',
  enableSelector: false,
  partialBundledLanguages: false,
  saveMissing: false,
  updateMissing: false,
  saveMissingTo: 'fallback',
  saveMissingPlurals: true,
  missingKeyHandler: false,
  missingInterpolationHandler: false,
  postProcess: false,
  postProcessPassResolved: false,
  returnNull: false,
  returnEmptyString: false,
  returnObjects: false,
  joinArrays: false,
  returnedObjectHandler: false,
  parseMissingKeyHandler: [Function: parseMissingKeyHandler],
  appendNamespaceToMissingKey: false,
  appendNamespaceToCIMode: false,
  overloadTranslationOptionHandler: [Function: overloadTranslationOptionHandler],
  interpolation: {
    escapeValue: false,
    prefix: '{{',
    suffix: '}}',
    formatSeparator: ',',
    unescapePrefix: '-',
    nestingPrefix: '$t(',
    nestingSuffix: ')',
    nestingOptionsSeparator: ',',
    maxReplaces: 1000,
    skipOnVariables: true,
    format: [Function: bound format]
  },
  cacheInBuiltFormats: true,
  resources: {
    'zh-Hant': {
      common: [Object],
      shell: [Object],
      settings: [Object],
      research: [Object],
      explore: [Object],
      portfolio: [Object],
      system: [Object]
    },
    en: {
      common: [Object],
      shell: [Object],
      settings: [Object],
      research: [Object],
      explore: [Object],
      portfolio: [Object],
      system: [Object]
    }
  },
  lng: 'zh-Hant',
  react: { useSuspense: false },
  ignoreJSONStructure: true
}

stdout | src/lifecycle/CurrentLifecycleAudit.test.tsx > preserves original evidence and legacy assessment provenance in en
i18next: languageChanged zh-Hant

stdout | src/lifecycle/CurrentLifecycleAudit.test.tsx > preserves original evidence and legacy assessment provenance in en
i18next: languageChanged en

stdout | src/lifecycle/CurrentLifecycleAudit.test.tsx > preserves original evidence and legacy assessment provenance in en
i18next: languageChanged en

stdout | src/lifecycle/CurrentLifecycleAudit.test.tsx > preserves original evidence and legacy assessment provenance in zh-Hant
i18next: languageChanged zh-Hant

stdout | src/lifecycle/CurrentLifecycleAudit.test.tsx > preserves original evidence and legacy assessment provenance in zh-Hant
i18next: languageChanged en

stdout | src/lifecycle/CurrentLifecycleAudit.test.tsx > preserves original evidence and legacy assessment provenance in zh-Hant
i18next: languageChanged zh-Hant

stdout | src/lifecycle/LifecycleWebPanel.test.tsx > requires action-specific confirmation after reading sources and exact effects
i18next: languageChanged zh-Hant

stdout | src/lifecycle/LifecycleWebPanel.test.tsx > requires action-specific confirmation after reading sources and exact effects
i18next: languageChanged en

stdout | src/lifecycle/LifecycleWebPanel.test.tsx > requires action-specific confirmation after reading sources and exact effects
i18next: languageChanged en

stdout | src/lifecycle/CurrentLifecycleAudit.test.tsx > preserves the accepted legacy review meaning in both locales
i18next: languageChanged zh-Hant

stdout | src/lifecycle/CurrentLifecycleAudit.test.tsx > preserves the accepted legacy review meaning in both locales
i18next: languageChanged en

stdout | src/lifecycle/CurrentLifecycleAudit.test.tsx > preserves the accepted legacy review meaning in both locales
i18next: languageChanged en

stdout | src/lifecycle/CurrentLifecycleAudit.test.tsx > preserves the accepted legacy review meaning in both locales
i18next: languageChanged zh-Hant

stdout | src/lifecycle/CurrentLifecycleAudit.test.tsx > shows all structured transaction facts without deriving them from prose
i18next: languageChanged zh-Hant

stdout | src/lifecycle/CurrentLifecycleAudit.test.tsx > shows all structured transaction facts without deriving them from prose
i18next: languageChanged en

stdout | src/lifecycle/CurrentLifecycleAudit.test.tsx > shows all structured transaction facts without deriving them from prose
i18next: languageChanged en

stdout | src/lifecycle/LifecycleWebPanel.test.tsx > shows unread references and the reviewed conclusion at the last confirmation (en)
i18next: languageChanged zh-Hant

stdout | src/lifecycle/LifecycleWebPanel.test.tsx > shows unread references and the reviewed conclusion at the last confirmation (en)
i18next: languageChanged en

stdout | src/lifecycle/CurrentLifecycleAudit.test.tsx > keeps deterministic automation authorship and structured bilingual meaning
i18next: languageChanged zh-Hant

stdout | src/lifecycle/LifecycleWebPanel.test.tsx > shows unread references and the reviewed conclusion at the last confirmation (en)
i18next: languageChanged en

stdout | src/lifecycle/CurrentLifecycleAudit.test.tsx > keeps deterministic automation authorship and structured bilingual meaning
i18next: languageChanged en

stdout | src/lifecycle/CurrentLifecycleAudit.test.tsx > keeps deterministic automation authorship and structured bilingual meaning
i18next: languageChanged en

stdout | src/lifecycle/CurrentLifecycleAudit.test.tsx > keeps deterministic automation authorship and structured bilingual meaning
i18next: languageChanged zh-Hant

stdout | src/lifecycle/LifecycleActivityBand.test.tsx > Lifecycle transition activity > renders unacknowledged automatic activity before history without implicit acknowledgement
i18next: languageChanged zh-Hant

stdout | src/lifecycle/LifecycleActivityBand.test.tsx > Lifecycle transition activity > renders unacknowledged automatic activity before history without implicit acknowledgement
i18next: languageChanged en

stdout | src/lifecycle/CurrentLifecycleAudit.test.tsx > switches a cached translation without invoking a model and keeps the source accessible
i18next: languageChanged zh-Hant

stdout | src/lifecycle/CurrentLifecycleAudit.test.tsx > switches a cached translation without invoking a model and keeps the source accessible
i18next: languageChanged en

stdout | src/lifecycle/CurrentLifecycleAudit.test.tsx > switches a cached translation without invoking a model and keeps the source accessible
i18next: languageChanged en

stdout | src/lifecycle/LifecycleWebPanel.test.tsx > shows unread references and the reviewed conclusion at the last confirmation (zh-Hant)
i18next: languageChanged zh-Hant

stdout | src/lifecycle/LifecycleWebPanel.test.tsx > shows unread references and the reviewed conclusion at the last confirmation (zh-Hant)
i18next: languageChanged en

stdout | src/lifecycle/LifecycleWebPanel.test.tsx > shows unread references and the reviewed conclusion at the last confirmation (zh-Hant)
i18next: languageChanged zh-Hant

stdout | src/lifecycle/CurrentLifecycleAudit.test.tsx > uses the shared content-translation runtime only on explicit request
i18next: languageChanged zh-Hant

stdout | src/lifecycle/CurrentLifecycleAudit.test.tsx > uses the shared content-translation runtime only on explicit request
i18next: languageChanged en

stdout | src/lifecycle/CurrentLifecycleAudit.test.tsx > uses the shared content-translation runtime only on explicit request
i18next: languageChanged en

stdout | src/lifecycle/LifecycleCurrentView.test.tsx > never offers confirm on a blocked or stale packet
i18next: languageChanged zh-Hant

stdout | src/lifecycle/LifecycleCurrentView.test.tsx > never offers confirm on a blocked or stale packet
i18next: languageChanged en

stdout | src/lifecycle/LifecycleCurrentView.test.tsx > never offers confirm on a blocked or stale packet
i18next: languageChanged en

stdout | src/lifecycle/CurrentLifecycleAudit.test.tsx > does not attach a translation for the wrong content digest
i18next: languageChanged zh-Hant

stdout | src/lifecycle/CurrentLifecycleAudit.test.tsx > does not attach a translation for the wrong content digest
i18next: languageChanged en

stdout | src/lifecycle/CurrentLifecycleAudit.test.tsx > does not attach a translation for the wrong content digest
i18next: languageChanged en

stdout | src/lifecycle/LifecycleWebPanel.test.tsx > keeps a legacy missing URL explicit instead of inventing a link or claiming no gaps
i18next: languageChanged zh-Hant

stdout | src/lifecycle/LifecycleWebPanel.test.tsx > keeps a legacy missing URL explicit instead of inventing a link or claiming no gaps
i18next: languageChanged en

stdout | src/lifecycle/LifecycleWebPanel.test.tsx > keeps a legacy missing URL explicit instead of inventing a link or claiming no gaps
i18next: languageChanged en

stdout | src/lifecycle/CurrentLifecycleAudit.test.tsx > never automatically retries a failed translation and keeps Settings navigation local
i18next: languageChanged zh-Hant

stdout | src/lifecycle/CurrentLifecycleAudit.test.tsx > never automatically retries a failed translation and keeps Settings navigation local
i18next: languageChanged en

stdout | src/lifecycle/CurrentLifecycleAudit.test.tsx > never automatically retries a failed translation and keeps Settings navigation local
i18next: languageChanged en

stdout | src/lifecycle/LifecycleWebPanel.test.tsx > an unrecognized source reason does not turn a complete finding into a failed investigation (en)
i18next: languageChanged zh-Hant

stdout | src/lifecycle/LifecycleWebPanel.test.tsx > an unrecognized source reason does not turn a complete finding into a failed investigation (en)
i18next: languageChanged en

stdout | src/lifecycle/LifecycleWebPanel.test.tsx > an unrecognized source reason does not turn a complete finding into a failed investigation (en)
i18next: languageChanged en

stdout | src/lifecycle/LifecycleWebPanel.test.tsx > an unrecognized source reason does not turn a complete finding into a failed investigation (zh-Hant)
i18next: languageChanged zh-Hant

stdout | src/lifecycle/LifecycleWebPanel.test.tsx > an unrecognized source reason does not turn a complete finding into a failed investigation (zh-Hant)
i18next: languageChanged en

stdout | src/lifecycle/LifecycleWebPanel.test.tsx > an unrecognized source reason does not turn a complete finding into a failed investigation (zh-Hant)
i18next: languageChanged zh-Hant

stdout | src/lifecycle/LifecycleWebPanel.test.tsx > does not offer human confirmation when a read gap accompanies a material conflict
i18next: languageChanged zh-Hant

stdout | src/lifecycle/CurrentLifecycleAudit.test.tsx > offers retry only for a reviewed retryable failure
i18next: languageChanged zh-Hant

stdout | src/lifecycle/CurrentLifecycleAudit.test.tsx > offers retry only for a reviewed retryable failure
i18next: languageChanged en

stdout | src/lifecycle/LifecycleWebPanel.test.tsx > does not offer human confirmation when a read gap accompanies a material conflict
i18next: languageChanged en

stdout | src/lifecycle/CurrentLifecycleAudit.test.tsx > offers retry only for a reviewed retryable failure
i18next: languageChanged en

stdout | src/lifecycle/LifecycleWebPanel.test.tsx > does not offer human confirmation when a read gap accompanies a material conflict
i18next: languageChanged en

stdout | src/lifecycle/LifecycleWebPanel.test.tsx > invalidates Web confirmation immediately when its reviewed execution date changes
i18next: languageChanged zh-Hant

stdout | src/lifecycle/LifecycleWebPanel.test.tsx > invalidates Web confirmation immediately when its reviewed execution date changes
i18next: languageChanged en

stdout | src/lifecycle/LifecycleWebPanel.test.tsx > invalidates Web confirmation immediately when its reviewed execution date changes
i18next: languageChanged en

stdout | src/lifecycle/CurrentLifecycleAudit.test.tsx > keeps unknown translation errors safe and never displays their raw details
i18next: languageChanged zh-Hant

stdout | src/lifecycle/CurrentLifecycleAudit.test.tsx > keeps unknown translation errors safe and never displays their raw details
i18next: languageChanged en

stdout | src/lifecycle/CurrentLifecycleAudit.test.tsx > keeps unknown translation errors safe and never displays their raw details
i18next: languageChanged en

stdout | src/lifecycle/LifecycleCurrentView.test.tsx > does not replay a command after an unknown response
i18next: languageChanged zh-Hant

stdout | src/lifecycle/LifecycleCurrentView.test.tsx > does not replay a command after an unknown response
i18next: languageChanged en

stdout | src/lifecycle/LifecycleCurrentView.test.tsx > does not replay a command after an unknown response
i18next: languageChanged en

stdout | src/lifecycle/LifecycleWebPanel.test.tsx > cancel acknowledgment stays pending, then an unknown outcome stays visible without retry
i18next: languageChanged zh-Hant

stdout | src/lifecycle/LifecycleWebPanel.test.tsx > cancel acknowledgment stays pending, then an unknown outcome stays visible without retry
i18next: languageChanged en

stdout | src/lifecycle/LifecycleWebPanel.test.tsx > cancel acknowledgment stays pending, then an unknown outcome stays visible without retry
i18next: languageChanged en

stdout | src/lifecycle/CurrentLifecycleAudit.test.tsx > does not offer prose translation for a structured listing or ticker timeline
i18next: languageChanged zh-Hant

stdout | src/lifecycle/CurrentLifecycleAudit.test.tsx > does not offer prose translation for a structured listing or ticker timeline
i18next: languageChanged en

stdout | src/lifecycle/CurrentLifecycleAudit.test.tsx > does not offer prose translation for a structured listing or ticker timeline
i18next: languageChanged en

stdout | src/lifecycle/LifecycleWebPanel.test.tsx > cancel acknowledgment stays pending, then an unknown outcome stays visible without retry
i18next: languageChanged zh-Hant

stdout | src/lifecycle/LifecycleWebPanel.test.tsx > does not show another case's late response or reuse its launch confirmation
i18next: languageChanged zh-Hant

stdout | src/lifecycle/LifecycleWebPanel.test.tsx > does not show another case's late response or reuse its launch confirmation
i18next: languageChanged en

stdout | src/lifecycle/LifecycleWebPanel.test.tsx > does not show another case's late response or reuse its launch confirmation
i18next: languageChanged en

stdout | src/lifecycle/CurrentLifecycleAudit.test.tsx > retains historical failed and zero-result runs without claiming no impact
i18next: languageChanged zh-Hant

stdout | src/lifecycle/CurrentLifecycleAudit.test.tsx > retains historical failed and zero-result runs without claiming no impact
i18next: languageChanged en

stdout | src/lifecycle/CurrentLifecycleAudit.test.tsx > retains historical failed and zero-result runs without claiming no impact
i18next: languageChanged en

stdout | src/lifecycle/LifecycleWebPanel.test.tsx > does not show another case's late response or reuse its launch confirmation
i18next: languageChanged en

stdout | src/lifecycle/LifecycleActivityBand.test.tsx > Lifecycle transition activity > renders unacknowledged automatic activity before history without implicit acknowledgement
i18next: languageChanged en

stdout | src/lifecycle/LifecycleWebPanel.test.tsx > makes an unavailable credential visible without another credential choice or silent retry
i18next: languageChanged zh-Hant

stdout | src/lifecycle/LifecycleWebPanel.test.tsx > makes an unavailable credential visible without another credential choice or silent retry
i18next: languageChanged en

stdout | src/lifecycle/LifecycleWebPanel.test.tsx > makes an unavailable credential visible without another credential choice or silent retry
i18next: languageChanged en

stdout | src/lifecycle/CurrentLifecycleAudit.test.tsx > keeps provider-budget diagnostics visible in the audit and marks bounded history
i18next: languageChanged zh-Hant

stdout | src/lifecycle/CurrentLifecycleAudit.test.tsx > keeps provider-budget diagnostics visible in the audit and marks bounded history
i18next: languageChanged en

stdout | src/lifecycle/CurrentLifecycleAudit.test.tsx > keeps provider-budget diagnostics visible in the audit and marks bounded history
i18next: languageChanged en

stdout | src/lifecycle/LifecycleWebPanel.test.tsx > keeps changed effects blocked and offers a fresh review, not another provider call
i18next: languageChanged zh-Hant

stdout | src/lifecycle/LifecycleWebPanel.test.tsx > keeps changed effects blocked and offers a fresh review, not another provider call
i18next: languageChanged en

stdout | src/lifecycle/LifecycleWebPanel.test.tsx > keeps changed effects blocked and offers a fresh review, not another provider call
i18next: languageChanged en

stdout | src/lifecycle/CurrentLifecycleAudit.test.tsx > retains reviewed bilingual presentation for translation_route_unavailable
i18next: languageChanged zh-Hant

stdout | src/lifecycle/CurrentLifecycleAudit.test.tsx > retains reviewed bilingual presentation for translation_route_unavailable
i18next: languageChanged en

stdout | src/lifecycle/CurrentLifecycleAudit.test.tsx > retains reviewed bilingual presentation for translation_credential_missing
i18next: languageChanged zh-Hant

stdout | src/lifecycle/CurrentLifecycleAudit.test.tsx > retains reviewed bilingual presentation for translation_credential_missing
i18next: languageChanged en

stdout | src/lifecycle/CurrentLifecycleAudit.test.tsx > retains reviewed bilingual presentation for translation_auth_rejected
i18next: languageChanged zh-Hant

stdout | src/lifecycle/CurrentLifecycleAudit.test.tsx > retains reviewed bilingual presentation for translation_auth_rejected
i18next: languageChanged en

stdout | src/lifecycle/CurrentLifecycleAudit.test.tsx > retains reviewed bilingual presentation for translation_rate_limited
i18next: languageChanged zh-Hant

stdout | src/lifecycle/CurrentLifecycleAudit.test.tsx > retains reviewed bilingual presentation for translation_rate_limited
i18next: languageChanged en

stdout | src/lifecycle/CurrentLifecycleAudit.test.tsx > retains reviewed bilingual presentation for translation_quota_exhausted
i18next: languageChanged zh-Hant

stdout | src/lifecycle/CurrentLifecycleAudit.test.tsx > retains reviewed bilingual presentation for translation_quota_exhausted
i18next: languageChanged en

stdout | src/lifecycle/CurrentLifecycleAudit.test.tsx > retains reviewed bilingual presentation for translation_model_unavailable
i18next: languageChanged zh-Hant

stdout | src/lifecycle/CurrentLifecycleAudit.test.tsx > retains reviewed bilingual presentation for translation_model_unavailable
i18next: languageChanged en

stdout | src/lifecycle/CurrentLifecycleAudit.test.tsx > retains reviewed bilingual presentation for translation_timeout
i18next: languageChanged zh-Hant

stdout | src/lifecycle/CurrentLifecycleAudit.test.tsx > retains reviewed bilingual presentation for translation_timeout
i18next: languageChanged en

stdout | src/lifecycle/CurrentLifecycleAudit.test.tsx > retains reviewed bilingual presentation for translation_output_invalid
i18next: languageChanged zh-Hant

stdout | src/lifecycle/CurrentLifecycleAudit.test.tsx > retains reviewed bilingual presentation for translation_output_invalid
i18next: languageChanged en

stdout | src/lifecycle/LifecycleWebPanel.test.tsx > localizes the whole web surface and its OAuth provenance
i18next: languageChanged zh-Hant

stdout | src/lifecycle/LifecycleWebPanel.test.tsx > localizes the whole web surface and its OAuth provenance
i18next: languageChanged en

stdout | src/lifecycle/CurrentLifecycleAudit.test.tsx > retains reviewed bilingual presentation for translation_context_window_exceeded
i18next: languageChanged zh-Hant

stdout | src/lifecycle/LifecycleWebPanel.test.tsx > localizes the whole web surface and its OAuth provenance
i18next: languageChanged zh-Hant

stdout | src/lifecycle/CurrentLifecycleAudit.test.tsx > retains reviewed bilingual presentation for translation_context_window_exceeded
i18next: languageChanged en

stdout | src/lifecycle/CurrentLifecycleAudit.test.tsx > retains reviewed bilingual presentation for translation_protocol_resource_exhausted
i18next: languageChanged zh-Hant

stdout | src/lifecycle/CurrentLifecycleAudit.test.tsx > retains reviewed bilingual presentation for translation_protocol_resource_exhausted
i18next: languageChanged en

stdout | src/lifecycle/CurrentLifecycleAudit.test.tsx > retains reviewed bilingual presentation for translation_provider_error
i18next: languageChanged zh-Hant

stdout | src/lifecycle/CurrentLifecycleAudit.test.tsx > retains reviewed bilingual presentation for translation_provider_error
i18next: languageChanged en

stdout | src/lifecycle/LifecycleActivityBand.test.tsx > Lifecycle transition activity > keeps acknowledged activity in history and reverse available
i18next: languageChanged zh-Hant

stdout | src/lifecycle/LifecycleActivityBand.test.tsx > Lifecycle transition activity > keeps acknowledged activity in history and reverse available
i18next: languageChanged en

stdout | src/lifecycle/CurrentLifecycleAudit.test.tsx > retains reviewed bilingual presentation for evidence_changed
i18next: languageChanged zh-Hant

stdout | src/lifecycle/CurrentLifecycleAudit.test.tsx > retains reviewed bilingual presentation for evidence_changed
i18next: languageChanged en

 ✓ src/lifecycle/LifecycleWebPanel.test.tsx (17 tests) 215ms
 ✓ src/lifecycle/CurrentLifecycleAudit.test.tsx (29 tests) 266ms
stdout | src/lifecycle/LifecycleCurrentView.test.tsx > shows scheduled as distinct from a successful application
i18next: languageChanged zh-Hant

stdout | src/lifecycle/LifecycleCurrentView.test.tsx > shows scheduled as distinct from a successful application
i18next: languageChanged en

stdout | src/lifecycle/LifecycleCurrentView.test.tsx > shows scheduled as distinct from a successful application
i18next: languageChanged en

stdout | src/lifecycle/LifecycleActivityBand.test.tsx > Lifecycle transition activity > keeps acknowledged activity in history and reverse available
i18next: languageChanged en

stdout | src/lifecycle/LifecycleActivityBand.test.tsx > Lifecycle transition activity > shows the exact reverse blocker instead of an unsafe command
i18next: languageChanged zh-Hant

stdout | src/lifecycle/LifecycleActivityBand.test.tsx > Lifecycle transition activity > shows the exact reverse blocker instead of an unsafe command
i18next: languageChanged en

stdout | src/lifecycle/LifecycleActivityBand.test.tsx > Lifecycle transition activity > shows the exact reverse blocker instead of an unsafe command
i18next: languageChanged en

 ✓ src/lifecycle/LifecycleActivityBand.test.tsx (3 tests) 128ms
stdout | src/lifecycle/LifecycleCurrentView.test.tsx > shows blocked as distinct from a successful application
i18next: languageChanged zh-Hant

stdout | src/lifecycle/LifecycleCurrentView.test.tsx > shows blocked as distinct from a successful application
i18next: languageChanged en

stdout | src/lifecycle/LifecycleCurrentView.test.tsx > shows blocked as distinct from a successful application
i18next: languageChanged en

stdout | src/lifecycle/LifecycleCurrentView.test.tsx > shows cancelled as distinct from a successful application
i18next: languageChanged zh-Hant

stdout | src/lifecycle/LifecycleCurrentView.test.tsx > shows cancelled as distinct from a successful application
i18next: languageChanged en

stdout | src/lifecycle/LifecycleCurrentView.test.tsx > shows cancelled as distinct from a successful application
i18next: languageChanged en

stdout | src/lifecycle/LifecycleCurrentView.test.tsx > shows reversed as distinct from a successful application
i18next: languageChanged zh-Hant

stdout | src/lifecycle/LifecycleCurrentView.test.tsx > shows reversed as distinct from a successful application
i18next: languageChanged en

stdout | src/lifecycle/LifecycleCurrentView.test.tsx > shows reversed as distinct from a successful application
i18next: languageChanged en

stdout | src/lifecycle/LifecycleCurrentView.test.tsx > shows applied_state_changed as distinct from a successful application
i18next: languageChanged zh-Hant

stdout | src/lifecycle/LifecycleCurrentView.test.tsx > shows applied_state_changed as distinct from a successful application
i18next: languageChanged en

stdout | src/lifecycle/LifecycleCurrentView.test.tsx > shows applied_state_changed as distinct from a successful application
i18next: languageChanged en

stdout | src/lifecycle/LifecycleCurrentView.test.tsx > keeps completed removal with unresolved continuation in attention
i18next: languageChanged zh-Hant

stdout | src/lifecycle/LifecycleCurrentView.test.tsx > keeps completed removal with unresolved continuation in attention
i18next: languageChanged en

stdout | src/lifecycle/LifecycleCurrentView.test.tsx > keeps completed removal with unresolved continuation in attention
i18next: languageChanged en

stdout | src/lifecycle/LifecycleCurrentView.test.tsx > requires explicit provider confirmation before rechecking sources
i18next: languageChanged zh-Hant

stdout | src/lifecycle/LifecycleCurrentView.test.tsx > requires explicit provider confirmation before rechecking sources
i18next: languageChanged en

stdout | src/lifecycle/LifecycleCurrentView.test.tsx > requires explicit provider confirmation before rechecking sources
i18next: languageChanged en

stdout | src/lifecycle/lifecyclePresentation.test.ts
i18next: languageChanged zh-Hant
i18next: initialized {
  debug: true,
  initAsync: false,
  ns: [
    'common',
    'shell',
    'settings',
    'research',
    'explore',
    'portfolio',
    'system'
  ],
  defaultNS: 'common',
  fallbackLng: [ 'zh-Hant' ],
  fallbackNS: false,
  supportedLngs: [ 'zh-Hant', 'en', 'cimode' ],
  nonExplicitSupportedLngs: false,
  load: 'currentOnly',
  preload: false,
  keySeparator: '.',
  nsSeparator: ':',
  pluralSeparator: '_',
  contextSeparator: '_',
  enableSelector: false,
  partialBundledLanguages: false,
  saveMissing: false,
  updateMissing: false,
  saveMissingTo: 'fallback',
  saveMissingPlurals: true,
  missingKeyHandler: false,
  missingInterpolationHandler: false,
  postProcess: false,
  postProcessPassResolved: false,
  returnNull: false,
  returnEmptyString: false,
  returnObjects: false,
  joinArrays: false,
  returnedObjectHandler: false,
  parseMissingKeyHandler: [Function: parseMissingKeyHandler],
  appendNamespaceToMissingKey: false,
  appendNamespaceToCIMode: false,
  overloadTranslationOptionHandler: [Function: overloadTranslationOptionHandler],
  interpolation: {
    escapeValue: false,
    prefix: '{{',
    suffix: '}}',
    formatSeparator: ',',
    unescapePrefix: '-',
    nestingPrefix: '$t(',
    nestingSuffix: ')',
    nestingOptionsSeparator: ',',
    maxReplaces: 1000,
    skipOnVariables: true,
    format: [Function: bound format]
  },
  cacheInBuiltFormats: true,
  resources: {
    'zh-Hant': {
      common: [Object],
      shell: [Object],
      settings: [Object],
      research: [Object],
      explore: [Object],
      portfolio: [Object],
      system: [Object]
    },
    en: {
      common: [Object],
      shell: [Object],
      settings: [Object],
      research: [Object],
      explore: [Object],
      portfolio: [Object],
      system: [Object]
    }
  },
  lng: 'zh-Hant',
  react: { useSuspense: false },
  ignoreJSONStructure: true
}

stdout | src/lifecycle/LifecycleCurrentView.test.tsx > loads audit only on disclosure and keeps the primary view usable if it fails
i18next: languageChanged zh-Hant

stdout | src/lifecycle/LifecycleCurrentView.test.tsx > loads audit only on disclosure and keeps the primary view usable if it fails
i18next: languageChanged en

stdout | src/lifecycle/LifecycleCurrentView.test.tsx > loads audit only on disclosure and keeps the primary view usable if it fails
i18next: languageChanged en

stdout | src/lifecycle/lifecyclePresentation.test.ts > Lifecycle presentation > covers the closed listing diagnostics in both languages without exposing internal context
i18next: languageChanged zh-Hant

stdout | src/lifecycle/LifecycleCurrentView.test.tsx > rejects a malformed list as an error instead of claiming no cases
i18next: languageChanged zh-Hant

stdout | src/lifecycle/LifecycleCurrentView.test.tsx > rejects a malformed list as an error instead of claiming no cases
i18next: languageChanged en

stdout | src/lifecycle/LifecycleCurrentView.test.tsx > rejects a malformed list as an error instead of claiming no cases
i18next: languageChanged en

stdout | src/lifecycle/LifecycleCurrentView.test.tsx > keeps only the newest queue response
i18next: languageChanged zh-Hant

stdout | src/lifecycle/LifecycleCurrentView.test.tsx > keeps only the newest queue response
i18next: languageChanged en

stdout | src/lifecycle/LifecycleCurrentView.test.tsx > keeps only the newest queue response
i18next: languageChanged en

stdout | src/lifecycle/lifecyclePresentation.test.ts > Lifecycle presentation > labels listing authority and snapshot states without calling not-found delisted
i18next: languageChanged zh-Hant

stdout | src/lifecycle/lifecyclePresentation.test.ts > Lifecycle presentation > labels every disposition, wait reason, and source-family state
i18next: languageChanged zh-Hant

stdout | src/lifecycle/lifecyclePresentation.test.ts > Lifecycle presentation > derives bilingual automation narratives from structured fields
i18next: languageChanged zh-Hant

stdout | src/lifecycle/lifecyclePresentation.test.ts > Lifecycle presentation > preserves human and legacy assessment prose
i18next: languageChanged zh-Hant

stdout | src/lifecycle/lifecyclePresentation.test.ts > Lifecycle presentation > labels source presence and workflow state without mixing their meanings
i18next: languageChanged zh-Hant

stdout | src/lifecycle/LifecycleCurrentView.test.tsx > keeps only the selected detail response
i18next: languageChanged zh-Hant

stdout | src/lifecycle/lifecyclePresentation.test.ts > Lifecycle presentation > labels current and former Alpha Picks as separate tracking sources
i18next: languageChanged zh-Hant

stdout | src/lifecycle/LifecycleCurrentView.test.tsx > keeps only the selected detail response
i18next: languageChanged en

stdout | src/lifecycle/LifecycleCurrentView.test.tsx > keeps only the selected detail response
i18next: languageChanged en

stdout | src/lifecycle/lifecyclePresentation.test.ts > Lifecycle presentation > preserves decimal assessment facts and unknown values
i18next: languageChanged zh-Hant

stdout | src/lifecycle/lifecyclePresentation.test.ts > Lifecycle presentation > labels closed automation fact values without exposing storage codes
i18next: languageChanged zh-Hant

stdout | src/lifecycle/lifecyclePresentation.test.ts > Lifecycle presentation > labels transition revalidation without collapsing it into eligibility or a generic block
i18next: languageChanged zh-Hant

stdout | src/lifecycle/lifecyclePresentation.test.ts > Lifecycle presentation > labels every v3 listing blocker in English and Traditional Chinese
i18next: languageChanged zh-Hant

stdout | src/lifecycle/lifecyclePresentation.test.ts > Lifecycle presentation > keeps operator detail vocabulary closed in both locales
i18next: languageChanged zh-Hant

stdout | src/lifecycle/lifecyclePresentation.test.ts > Lifecycle presentation > rejects unsafe evidence links before rendering an external action
i18next: languageChanged zh-Hant

stdout | src/lifecycle/lifecyclePresentation.test.ts > Lifecycle presentation > renders proposals as recommendations rather than completed actions
i18next: languageChanged zh-Hant

stdout | src/lifecycle/lifecyclePresentation.test.ts > Lifecycle presentation > labels every persisted proposal block reason without a semantic fallback
i18next: languageChanged zh-Hant

stdout | src/lifecycle/lifecyclePresentation.test.ts > Lifecycle presentation > labels cancelled runs without reporting them as failures
i18next: languageChanged zh-Hant

stdout | src/lifecycle/lifecyclePresentation.test.ts > Lifecycle presentation > keeps provider failure categories distinct in user-facing copy
i18next: languageChanged zh-Hant

stdout | src/lifecycle/lifecyclePresentation.test.ts > Lifecycle presentation > sanitizes typed API failures without exposing diagnostic detail
i18next: languageChanged zh-Hant

 ✓ src/lifecycle/lifecyclePresentation.test.ts (18 tests) 34ms
stdout | src/lifecycle/LifecycleCurrentView.test.tsx > renders Traditional Chinese without translating provider evidence
i18next: languageChanged zh-Hant

stdout | src/lifecycle/LifecycleCurrentView.test.tsx > renders Traditional Chinese without translating provider evidence
i18next: languageChanged en

stdout | src/lifecycle/LifecycleCurrentView.test.tsx > renders Traditional Chinese without translating provider evidence
i18next: languageChanged zh-Hant

stdout | src/lifecycle/LifecycleCurrentView.test.tsx > labels successful source checks neutrally and distinguishes both Nasdaq directories
i18next: languageChanged zh-Hant

stdout | src/lifecycle/LifecycleCurrentView.test.tsx > labels successful source checks neutrally and distinguishes both Nasdaq directories
i18next: languageChanged en

stdout | src/lifecycle/LifecycleCurrentView.test.tsx > labels successful source checks neutrally and distinguishes both Nasdaq directories
i18next: languageChanged en

stdout | src/lifecycle/LifecycleCurrentView.test.tsx > resolves a case link outside the first attention page without spending
i18next: languageChanged zh-Hant

stdout | src/lifecycle/LifecycleCurrentView.test.tsx > resolves a case link outside the first attention page without spending
i18next: languageChanged en

stdout | src/lifecycle/LifecycleCurrentView.test.tsx > resolves a case link outside the first attention page without spending
i18next: languageChanged en

stdout | src/lifecycle/LifecycleCurrentView.test.tsx > reports an unresolvable case link without inventing an empty review
i18next: languageChanged zh-Hant

stdout | src/lifecycle/LifecycleCurrentView.test.tsx > reports an unresolvable case link without inventing an empty review
i18next: languageChanged en

stdout | src/lifecycle/LifecycleCurrentView.test.tsx > reports an unresolvable case link without inventing an empty review
i18next: languageChanged en

stdout | src/lifecycle/LifecycleCurrentView.test.tsx > clears the old preview lock when switching cases and discards its late result
i18next: languageChanged zh-Hant

stdout | src/lifecycle/LifecycleCurrentView.test.tsx > clears the old preview lock when switching cases and discards its late result
i18next: languageChanged en

stdout | src/lifecycle/LifecycleCurrentView.test.tsx > clears the old preview lock when switching cases and discards its late result
i18next: languageChanged en

stdout | src/lifecycle/LifecycleCurrentView.test.tsx > sends only one confirmation even for two clicks in the same render
i18next: languageChanged zh-Hant

stdout | src/lifecycle/LifecycleCurrentView.test.tsx > sends only one confirmation even for two clicks in the same render
i18next: languageChanged en

stdout | src/lifecycle/LifecycleCurrentView.test.tsx > sends only one confirmation even for two clicks in the same render
i18next: languageChanged en

stdout | src/lifecycle/LifecycleCurrentView.test.tsx > uses the durable transition kind when resuming a symbol change
i18next: languageChanged zh-Hant

stdout | src/lifecycle/LifecycleCurrentView.test.tsx > uses the durable transition kind when resuming a symbol change
i18next: languageChanged en

stdout | src/lifecycle/LifecycleCurrentView.test.tsx > uses the durable transition kind when resuming a symbol change
i18next: languageChanged en

stdout | src/lifecycle/LifecycleCurrentView.test.tsx > shows actual running stages, not skipped stages, while preserving active failure visibility
i18next: languageChanged zh-Hant

stdout | src/lifecycle/LifecycleCurrentView.test.tsx > shows actual running stages, not skipped stages, while preserving active failure visibility
i18next: languageChanged en

stdout | src/lifecycle/LifecycleCurrentView.test.tsx > shows actual running stages, not skipped stages, while preserving active failure visibility
i18next: languageChanged en

stdout | src/lifecycle/LifecycleCurrentView.test.tsx > keeps a regulator-only notice and its source link in the lazy audit without authorizing removal
i18next: languageChanged zh-Hant

stdout | src/lifecycle/LifecycleCurrentView.test.tsx > keeps a regulator-only notice and its source link in the lazy audit without authorizing removal
i18next: languageChanged en

stdout | src/lifecycle/LifecycleCurrentView.test.tsx > keeps a regulator-only notice and its source link in the lazy audit without authorizing removal
i18next: languageChanged en

stdout | src/lifecycle/LifecycleCurrentView.test.tsx > requires a fresh preview after changing a missing date, priority or successor visibility
i18next: languageChanged zh-Hant

stdout | src/lifecycle/LifecycleCurrentView.test.tsx > requires a fresh preview after changing a missing date, priority or successor visibility
i18next: languageChanged en

stdout | src/lifecycle/LifecycleCurrentView.test.tsx > requires a fresh preview after changing a missing date, priority or successor visibility
i18next: languageChanged en

stdout | src/lifecycle/LifecycleCurrentView.test.tsx > refreshes the currently selected view after a pending command completes
i18next: languageChanged zh-Hant

stdout | src/lifecycle/LifecycleCurrentView.test.tsx > refreshes the currently selected view after a pending command completes
i18next: languageChanged en

stdout | src/lifecycle/LifecycleCurrentView.test.tsx > refreshes the currently selected view after a pending command completes
i18next: languageChanged en

stdout | src/lifecycle/LifecycleCurrentView.test.tsx > cancels the exact durable scheduled action only after confirmation
i18next: languageChanged zh-Hant

stdout | src/lifecycle/LifecycleCurrentView.test.tsx > cancels the exact durable scheduled action only after confirmation
i18next: languageChanged en

stdout | src/lifecycle/LifecycleCurrentView.test.tsx > cancels the exact durable scheduled action only after confirmation
i18next: languageChanged en

stdout | src/lifecycle/LifecycleCurrentView.test.tsx > reports changed confirmation without displaying success or retrying
i18next: languageChanged zh-Hant

stdout | src/lifecycle/LifecycleCurrentView.test.tsx > reports changed confirmation without displaying success or retrying
i18next: languageChanged en

stdout | src/lifecycle/LifecycleCurrentView.test.tsx > reports changed confirmation without displaying success or retrying
i18next: languageChanged en

stdout | src/lifecycle/LifecycleCurrentView.test.tsx > does not reverse an action whose current effects no longer match
i18next: languageChanged zh-Hant

stdout | src/lifecycle/LifecycleCurrentView.test.tsx > does not reverse an action whose current effects no longer match
i18next: languageChanged en

stdout | src/lifecycle/LifecycleCurrentView.test.tsx > does not reverse an action whose current effects no longer match
i18next: languageChanged en

stdout | src/lifecycle/LifecycleCurrentView.test.tsx > reports a blocked global reversal without requiring an open case
i18next: languageChanged zh-Hant

stdout | src/lifecycle/LifecycleCurrentView.test.tsx > reports a blocked global reversal without requiring an open case
i18next: languageChanged en

stdout | src/lifecycle/LifecycleCurrentView.test.tsx > reports a blocked global reversal without requiring an open case
i18next: languageChanged en

stdout | src/lifecycle/LifecycleCurrentView.test.tsx > acknowledges activity at most once and preserves other visible case data
i18next: languageChanged zh-Hant

stdout | src/lifecycle/LifecycleCurrentView.test.tsx > acknowledges activity at most once and preserves other visible case data
i18next: languageChanged en

stdout | src/lifecycle/LifecycleCurrentView.test.tsx > acknowledges activity at most once and preserves other visible case data
i18next: languageChanged en

stdout | src/lifecycle/LifecycleCurrentView.test.tsx > does not let a late activity read undo a newer acknowledgement
i18next: languageChanged zh-Hant

stdout | src/lifecycle/LifecycleCurrentView.test.tsx > does not let a late activity read undo a newer acknowledgement
i18next: languageChanged en

stdout | src/lifecycle/LifecycleCurrentView.test.tsx > does not let a late activity read undo a newer acknowledgement
i18next: languageChanged en

stdout | src/lifecycle/LifecycleCurrentView.test.tsx > does not offer another source check while durable running state has no progress
i18next: languageChanged zh-Hant

stdout | src/lifecycle/LifecycleCurrentView.test.tsx > does not offer another source check while durable running state has no progress
i18next: languageChanged en

stdout | src/lifecycle/LifecycleCurrentView.test.tsx > does not offer another source check while durable running state has no progress
i18next: languageChanged en

stdout | src/lifecycle/LifecycleCurrentView.test.tsx > does not describe an attended receipt as an automatic application
i18next: languageChanged zh-Hant

stdout | src/lifecycle/LifecycleCurrentView.test.tsx > does not describe an attended receipt as an automatic application
i18next: languageChanged en

stdout | src/lifecycle/LifecycleCurrentView.test.tsx > does not describe an attended receipt as an automatic application
i18next: languageChanged en

stdout | src/lifecycle/LifecycleCurrentView.test.tsx > invalidates a ready packet immediately when its execution date changes
i18next: languageChanged zh-Hant

stdout | src/lifecycle/LifecycleCurrentView.test.tsx > invalidates a ready packet immediately when its execution date changes
i18next: languageChanged en

stdout | src/lifecycle/LifecycleCurrentView.test.tsx > invalidates a ready packet immediately when its execution date changes
i18next: languageChanged en

stdout | src/lifecycle/LifecycleCurrentView.test.tsx > keeps unresolved source-only rows visible instead of silently filtering them
i18next: languageChanged zh-Hant

stdout | src/lifecycle/LifecycleCurrentView.test.tsx > keeps unresolved source-only rows visible instead of silently filtering them
i18next: languageChanged en

stdout | src/lifecycle/LifecycleCurrentView.test.tsx > keeps unresolved source-only rows visible instead of silently filtering them
i18next: languageChanged en

 ✓ src/lifecycle/LifecycleCurrentView.test.tsx (36 tests) 797ms
stdout | src/lifecycle/currentReviewContract.test.ts
i18next: languageChanged zh-Hant
i18next: initialized {
  debug: true,
  initAsync: false,
  ns: [
    'common',
    'shell',
    'settings',
    'research',
    'explore',
    'portfolio',
    'system'
  ],
  defaultNS: 'common',
  fallbackLng: [ 'zh-Hant' ],
  fallbackNS: false,
  supportedLngs: [ 'zh-Hant', 'en', 'cimode' ],
  nonExplicitSupportedLngs: false,
  load: 'currentOnly',
  preload: false,
  keySeparator: '.',
  nsSeparator: ':',
  pluralSeparator: '_',
  contextSeparator: '_',
  enableSelector: false,
  partialBundledLanguages: false,
  saveMissing: false,
  updateMissing: false,
  saveMissingTo: 'fallback',
  saveMissingPlurals: true,
  missingKeyHandler: false,
  missingInterpolationHandler: false,
  postProcess: false,
  postProcessPassResolved: false,
  returnNull: false,
  returnEmptyString: false,
  returnObjects: false,
  joinArrays: false,
  returnedObjectHandler: false,
  parseMissingKeyHandler: [Function: parseMissingKeyHandler],
  appendNamespaceToMissingKey: false,
  appendNamespaceToCIMode: false,
  overloadTranslationOptionHandler: [Function: overloadTranslationOptionHandler],
  interpolation: {
    escapeValue: false,
    prefix: '{{',
    suffix: '}}',
    formatSeparator: ',',
    unescapePrefix: '-',
    nestingPrefix: '$t(',
    nestingSuffix: ')',
    nestingOptionsSeparator: ',',
    maxReplaces: 1000,
    skipOnVariables: true,
    format: [Function: bound format]
  },
  cacheInBuiltFormats: true,
  resources: {
    'zh-Hant': {
      common: [Object],
      shell: [Object],
      settings: [Object],
      research: [Object],
      explore: [Object],
      portfolio: [Object],
      system: [Object]
    },
    en: {
      common: [Object],
      shell: [Object],
      settings: [Object],
      research: [Object],
      explore: [Object],
      portfolio: [Object],
      system: [Object]
    }
  },
  lng: 'zh-Hant',
  react: { useSuspense: false },
  ignoreJSONStructure: true
}

stdout | src/lifecycle/currentReviewContract.test.ts > keeps validated Web findings in current detail but rejects malformed or cross-case journals
i18next: languageChanged zh-Hant

stdout | src/lifecycle/useLifecycleSourceCheck.test.tsx
i18next: languageChanged zh-Hant
i18next: initialized {
  debug: true,
  initAsync: false,
  ns: [
    'common',
    'shell',
    'settings',
    'research',
    'explore',
    'portfolio',
    'system'
  ],
  defaultNS: 'common',
  fallbackLng: [ 'zh-Hant' ],
  fallbackNS: false,
  supportedLngs: [ 'zh-Hant', 'en', 'cimode' ],
  nonExplicitSupportedLngs: false,
  load: 'currentOnly',
  preload: false,
  keySeparator: '.',
  nsSeparator: ':',
  pluralSeparator: '_',
  contextSeparator: '_',
  enableSelector: false,
  partialBundledLanguages: false,
  saveMissing: false,
  updateMissing: false,
  saveMissingTo: 'fallback',
  saveMissingPlurals: true,
  missingKeyHandler: false,
  missingInterpolationHandler: false,
  postProcess: false,
  postProcessPassResolved: false,
  returnNull: false,
  returnEmptyString: false,
  returnObjects: false,
  joinArrays: false,
  returnedObjectHandler: false,
  parseMissingKeyHandler: [Function: parseMissingKeyHandler],
  appendNamespaceToMissingKey: false,
  appendNamespaceToCIMode: false,
  overloadTranslationOptionHandler: [Function: overloadTranslationOptionHandler],
  interpolation: {
    escapeValue: false,
    prefix: '{{',
    suffix: '}}',
    formatSeparator: ',',
    unescapePrefix: '-',
    nestingPrefix: '$t(',
    nestingSuffix: ')',
    nestingOptionsSeparator: ',',
    maxReplaces: 1000,
    skipOnVariables: true,
    format: [Function: bound format]
  },
  cacheInBuiltFormats: true,
  resources: {
    'zh-Hant': {
      common: [Object],
      shell: [Object],
      settings: [Object],
      research: [Object],
      explore: [Object],
      portfolio: [Object],
      system: [Object]
    },
    en: {
      common: [Object],
      shell: [Object],
      settings: [Object],
      research: [Object],
      explore: [Object],
      portfolio: [Object],
      system: [Object]
    }
  },
  lng: 'zh-Hant',
  react: { useSuspense: false },
  ignoreJSONStructure: true
}

stdout | src/lifecycle/currentReviewContract.test.ts > parses the backend-owned persisted current projection: attention
i18next: languageChanged zh-Hant

stdout | src/lifecycle/currentReviewContract.test.ts > parses the backend-owned persisted current projection: applied
i18next: languageChanged zh-Hant

stdout | src/lifecycle/currentReviewContract.test.ts > parses the public action packet and committed readback without internal material
i18next: languageChanged zh-Hant

stdout | src/lifecycle/currentReviewContract.test.ts > rejects malformed current data instead of displaying a healthy empty view ({})
i18next: languageChanged zh-Hant

stdout | src/lifecycle/currentReviewContract.test.ts > rejects malformed current data instead of displaying a healthy empty view ({"items":null})
i18next: languageChanged zh-Hant

stdout | src/lifecycle/currentReviewContract.test.ts > rejects malformed current data instead of displaying a healthy empty view ({"items":{}})
i18next: languageChanged zh-Hant

stdout | src/lifecycle/currentReviewContract.test.ts > rejects malformed current data instead of displaying a healthy empty view ({"version":2})
i18next: languageChanged zh-Hant

stdout | src/lifecycle/currentReviewContract.test.ts > rejects malformed current data instead of displaying a healthy empty view ({"as_of":"2026-02-30T01:00:00Z"})
i18next: languageChanged zh-Hant

stdout | src/lifecycle/currentReviewContract.test.ts > rejects malformed current data instead of displaying a healthy empty view ({"coverage":{"tracked":2,"confirmed_active":3,"unconfirmed":-1}})
i18next: languageChanged zh-Hant

stdout | src/lifecycle/currentReviewContract.test.ts > rejects malformed current data instead of displaying a healthy empty view ({"counts":{"attention":-1,"history":0}})
i18next: languageChanged zh-Hant

stdout | src/lifecycle/currentReviewContract.test.ts > rejects malformed current data instead of displaying a healthy empty view ({"page":{"offset":0,"limit":50,"total":0}})
i18next: languageChanged zh-Hant

stdout | src/lifecycle/currentReviewContract.test.ts > rejects malformed current data instead of displaying a healthy empty view ({"items":[{"review_id":"slpr_8bbfc1abdcbc2ef1c6d21f26d070d5e8fd7c94a07d011859c047cc7bc07c06f4","case_ids":null,"ticker":"OLD","issuer_name":null,"bucket":"attention","finding":"old_listing_inactive","reason":"removal_requires_confirmation","collection":{"state":"tracking","sources":["manual_lists","sa_alpha_picks_former"]},"listing":{"state":"inactive","basis":"observation","ended_on":"2023-05-16"},"continuation":{"state":"unavailable","successor_ticker":null,"candidate_tickers":[]},"observed_at":"2026-09-05T01:00:00Z","next_check_at":null,"diagnostics":{"code":"listing_checks","missing_checks":["continuation"],"provider_issues":[{"provider":"massive","reason":"not_found"}],"manual_review_required":false},"next_action":{"kind":"review_removal","state":"not_prepared","case_id":"slc_c32970319a94016ddf258a0252d2ca09f4356f830993df66f0569563d1c8b28c","assessment_id":"sla_aaaaaaaaaaaaaaaaaaaaaaaaaaaaaaaa","transition_id":null,"preview_sha256":null,"transition_kind":null,"execute_on":null,"current_effects_match":null,"can_reverse":false,"block_reasons":[]},"source_checks":[{"provider":"eodhd","check":"eodhd","directory":null,"status":"inactive","ticker":"OLD","observed_at":"2026-09-05T01:00:00Z","url":null},{"provider":"massive","check":"delisting","directory":null,"status":"inactive","ticker":"OLD","observed_at":"2026-09-05T01:00:00Z","url":null},{"provider":"massive","check":"otc","directory":null,"status":"not_found","ticker":"OLD","observed_at":"2026-09-05T01:00:00Z","url":null},{"provider":"massive","check":"stocks","directory":null,"status":"not_found","ticker":"OLD","observed_at":"2026-09-05T01:00:00Z","url":null},{"provider":"nasdaq","check":"nasdaq","directory":"nasdaq_listed","status":"not_found","ticker":"OLD","observed_at":"2026-09-05T01:00:00Z","url":null},{"provider":"nasdaq","check":"nasdaq","directory":"other_listed","status":"not_found","ticker":"OLD","observed_at":"2026-09-05T01:00:00Z","url":null}],"source_notices":[]}]})
i18next: languageChanged zh-Hant

stdout | src/lifecycle/currentReviewContract.test.ts > rejects malformed current data instead of displaying a healthy empty view ({"items":[{"review_id":"slpr_8bbfc1abdcbc2ef1c6d21f26d070d5e8fd7c94a07d011859c047cc7bc07c06f4","case_ids":[],"ticker":"OLD","issuer_name":null,"bucket":"attention","finding":"old_listing_inactive","reason":"removal_requires_confirmation","collection":{"state":"tracking","sources":["manual_lists","sa_alpha_picks_former"]},"listing":{"state":"inactive","basis":"observation","ended_on":"2023-05-16"},"continuation":{"state":"unavailable","successor_ticker":null,"candidate_tickers":[]},"observed_at":"2026-09-05T01:00:00Z","next_check_at":null,"diagnostics":{"code":"listing_checks","missing_checks":["continuation"],"provider_issues":[{"provider":"massive","reason":"not_found"}],"manual_review_required":false},"next_action":{"kind":"review_removal","state":"not_prepared","case_id":"slc_c32970319a94016ddf258a0252d2ca09f4356f830993df66f0569563d1c8b28c","assessment_id":"sla_aaaaaaaaaaaaaaaaaaaaaaaaaaaaaaaa","transition_id":null,"preview_sha256":null,"transition_kind":null,"execute_on":null,"current_effects_match":null,"can_reverse":false,"block_reasons":[]},"source_checks":[{"provider":"eodhd","check":"eodhd","directory":null,"status":"inactive","ticker":"OLD","observed_at":"2026-09-05T01:00:00Z","url":null},{"provider":"massive","check":"delisting","directory":null,"status":"inactive","ticker":"OLD","observed_at":"2026-09-05T01:00:00Z","url":null},{"provider":"massive","check":"otc","directory":null,"status":"not_found","ticker":"OLD","observed_at":"2026-09-05T01:00:00Z","url":null},{"provider":"massive","check":"stocks","directory":null,"status":"not_found","ticker":"OLD","observed_at":"2026-09-05T01:00:00Z","url":null},{"provider":"nasdaq","check":"nasdaq","directory":"nasdaq_listed","status":"not_found","ticker":"OLD","observed_at":"2026-09-05T01:00:00Z","url":null},{"provider":"nasdaq","check":"nasdaq","directory":"other_listed","status":"not_found","ticker":"OLD","observed_at":"2026-09-05T01:00:00Z","url":null}],"source_notices":[]}]})
i18next: languageChanged zh-Hant

stdout | src/lifecycle/currentReviewContract.test.ts > rejects malformed current data instead of displaying a healthy empty view ({"items":[{"review_id":"slpr_8bbfc1abdcbc2ef1c6d21f26d070d5e8fd7c94a07d011859c047cc7bc07c06f4","case_ids":["slc_c32970319a94016ddf258a0252d2ca09f4356f830993df66f0569563d1c8b28c"],"ticker":"OLD","issuer_name":null,"bucket":"attention","finding":"old_listing_inactive","reason":"removal_requires_confirmation","collection":{"state":"tracking","sources":"manual_lists"},"listing":{"state":"inactive","basis":"observation","ended_on":"2023-05-16"},"continuation":{"state":"unavailable","successor_ticker":null,"candidate_tickers":[]},"observed_at":"2026-09-05T01:00:00Z","next_check_at":null,"diagnostics":{"code":"listing_checks","missing_checks":["continuation"],"provider_issues":[{"provider":"massive","reason":"not_found"}],"manual_review_required":false},"next_action":{"kind":"review_removal","state":"not_prepared","case_id":"slc_c32970319a94016ddf258a0252d2ca09f4356f830993df66f0569563d1c8b28c","assessment_id":"sla_aaaaaaaaaaaaaaaaaaaaaaaaaaaaaaaa","transition_id":null,"preview_sha256":null,"transition_kind":null,"execute_on":null,"current_effects_match":null,"can_reverse":false,"block_reasons":[]},"source_checks":[{"provider":"eodhd","check":"eodhd","directory":null,"status":"inactive","ticker":"OLD","observed_at":"2026-09-05T01:00:00Z","url":null},{"provider":"massive","check":"delisting","directory":null,"status":"inactive","ticker":"OLD","observed_at":"2026-09-05T01:00:00Z","url":null},{"provider":"massive","check":"otc","directory":null,"status":"not_found","ticker":"OLD","observed_at":"2026-09-05T01:00:00Z","url":null},{"provider":"massive","check":"stocks","directory":null,"status":"not_found","ticker":"OLD","observed_at":"2026-09-05T01:00:00Z","url":null},{"provider":"nasdaq","check":"nasdaq","directory":"nasdaq_listed","status":"not_found","ticker":"OLD","observed_at":"2026-09-05T01:00:00Z","url":null},{"provider":"nasdaq","check":"nasdaq","directory":"other_listed","status":"not_found","ticker":"OLD","observed_at":"2026-09-05T01:00:00Z","url":null}],"source_notices":[]}]})
i18next: languageChanged zh-Hant

stdout | src/lifecycle/currentReviewContract.test.ts > rejects malformed current data instead of displaying a healthy empty view ({"items":[{"review_id":"slpr_8bbfc1abdcbc2ef1c6d21f26d070d5e8fd7c94a07d011859c047cc7bc07c06f4","case_ids":["slc_c32970319a94016ddf258a0252d2ca09f4356f830993df66f0569563d1c8b28c"],"ticker":"OLD","issuer_name":null,"bucket":"attention","finding":"old_listing_inactive","reason":"removal_requires_confirmation","collection":{"state":"not_tracking","sources":["manual_lists"]},"listing":{"state":"inactive","basis":"observation","ended_on":"2023-05-16"},"continuation":{"state":"unavailable","successor_ticker":null,"candidate_tickers":[]},"observed_at":"2026-09-05T01:00:00Z","next_check_at":null,"diagnostics":{"code":"listing_checks","missing_checks":["continuation"],"provider_issues":[{"provider":"massive","reason":"not_found"}],"manual_review_required":false},"next_action":{"kind":"review_removal","state":"not_prepared","case_id":"slc_c32970319a94016ddf258a0252d2ca09f4356f830993df66f0569563d1c8b28c","assessment_id":"sla_aaaaaaaaaaaaaaaaaaaaaaaaaaaaaaaa","transition_id":null,"preview_sha256":null,"transition_kind":null,"execute_on":null,"current_effects_match":null,"can_reverse":false,"block_reasons":[]},"source_checks":[{"provider":"eodhd","check":"eodhd","directory":null,"status":"inactive","ticker":"OLD","observed_at":"2026-09-05T01:00:00Z","url":null},{"provider":"massive","check":"delisting","directory":null,"status":"inactive","ticker":"OLD","observed_at":"2026-09-05T01:00:00Z","url":null},{"provider":"massive","check":"otc","directory":null,"status":"not_found","ticker":"OLD","observed_at":"2026-09-05T01:00:00Z","url":null},{"provider":"massive","check":"stocks","directory":null,"status":"not_found","ticker":"OLD","observed_at":"2026-09-05T01:00:00Z","url":null},{"provider":"nasdaq","check":"nasdaq","directory":"nasdaq_listed","status":"not_found","ticker":"OLD","observed_at":"2026-09-05T01:00:00Z","url":null},{"provider":"nasdaq","check":"nasdaq","directory":"other_listed","status":"not_found","ticker":"OLD","observed_at":"2026-09-05T01:00:00Z","url":null}],"source_notices":[]}]})
i18next: languageChanged zh-Hant

stdout | src/lifecycle/currentReviewContract.test.ts > rejects malformed current data instead of displaying a healthy empty view ({"items":[{"review_id":"slpr_8bbfc1abdcbc2ef1c6d21f26d070d5e8fd7c94a07d011859c047cc7bc07c06f4","case_ids":["slc_c32970319a94016ddf258a0252d2ca09f4356f830993df66f0569563d1c8b28c"],"ticker":"OLD","issuer_name":null,"bucket":"attention","finding":"automatically_safe","reason":"removal_requires_confirmation","collection":{"state":"tracking","sources":["manual_lists","sa_alpha_picks_former"]},"listing":{"state":"inactive","basis":"observation","ended_on":"2023-05-16"},"continuation":{"state":"unavailable","successor_ticker":null,"candidate_tickers":[]},"observed_at":"2026-09-05T01:00:00Z","next_check_at":null,"diagnostics":{"code":"listing_checks","missing_checks":["continuation"],"provider_issues":[{"provider":"massive","reason":"not_found"}],"manual_review_required":false},"next_action":{"kind":"review_removal","state":"not_prepared","case_id":"slc_c32970319a94016ddf258a0252d2ca09f4356f830993df66f0569563d1c8b28c","assessment_id":"sla_aaaaaaaaaaaaaaaaaaaaaaaaaaaaaaaa","transition_id":null,"preview_sha256":null,"transition_kind":null,"execute_on":null,"current_effects_match":null,"can_reverse":false,"block_reasons":[]},"source_checks":[{"provider":"eodhd","check":"eodhd","directory":null,"status":"inactive","ticker":"OLD","observed_at":"2026-09-05T01:00:00Z","url":null},{"provider":"massive","check":"delisting","directory":null,"status":"inactive","ticker":"OLD","observed_at":"2026-09-05T01:00:00Z","url":null},{"provider":"massive","check":"otc","directory":null,"status":"not_found","ticker":"OLD","observed_at":"2026-09-05T01:00:00Z","url":null},{"provider":"massive","check":"stocks","directory":null,"status":"not_found","ticker":"OLD","observed_at":"2026-09-05T01:00:00Z","url":null},{"provider":"nasdaq","check":"nasdaq","directory":"nasdaq_listed","status":"not_found","ticker":"OLD","observed_at":"2026-09-05T01:00:00Z","url":null},{"provider":"nasdaq","check":"nasdaq","directory":"other_listed","status":"not_found","ticker":"OLD","observed_at":"2026-09-05T01:00:00Z","url":null}],"source_notices":[]}]})
i18next: languageChanged zh-Hant

stdout | src/lifecycle/currentReviewContract.test.ts > rejects malformed current data instead of displaying a healthy empty view ({"items":[{"review_id":"slpr_8bbfc1abdcbc2ef1c6d21f26d070d5e8fd7c94a07d011859c047cc7bc07c06f4","case_ids":["slc_c32970319a94016ddf258a0252d2ca09f4356f830993df66f0569563d1c8b28c"],"ticker":"OLD","issuer_name":null,"bucket":"attention","finding":"old_listing_inactive","reason":"future_reason","collection":{"state":"tracking","sources":["manual_lists","sa_alpha_picks_former"]},"listing":{"state":"inactive","basis":"observation","ended_on":"2023-05-16"},"continuation":{"state":"unavailable","successor_ticker":null,"candidate_tickers":[]},"observed_at":"2026-09-05T01:00:00Z","next_check_at":null,"diagnostics":{"code":"listing_checks","missing_checks":["continuation"],"provider_issues":[{"provider":"massive","reason":"not_found"}],"manual_review_required":false},"next_action":{"kind":"review_removal","state":"not_prepared","case_id":"slc_c32970319a94016ddf258a0252d2ca09f4356f830993df66f0569563d1c8b28c","assessment_id":"sla_aaaaaaaaaaaaaaaaaaaaaaaaaaaaaaaa","transition_id":null,"preview_sha256":null,"transition_kind":null,"execute_on":null,"current_effects_match":null,"can_reverse":false,"block_reasons":[]},"source_checks":[{"provider":"eodhd","check":"eodhd","directory":null,"status":"inactive","ticker":"OLD","observed_at":"2026-09-05T01:00:00Z","url":null},{"provider":"massive","check":"delisting","directory":null,"status":"inactive","ticker":"OLD","observed_at":"2026-09-05T01:00:00Z","url":null},{"provider":"massive","check":"otc","directory":null,"status":"not_found","ticker":"OLD","observed_at":"2026-09-05T01:00:00Z","url":null},{"provider":"massive","check":"stocks","directory":null,"status":"not_found","ticker":"OLD","observed_at":"2026-09-05T01:00:00Z","url":null},{"provider":"nasdaq","check":"nasdaq","directory":"nasdaq_listed","status":"not_found","ticker":"OLD","observed_at":"2026-09-05T01:00:00Z","url":null},{"provider":"nasdaq","check":"nasdaq","directory":"other_listed","status":"not_found","ticker":"OLD","observed_at":"2026-09-05T01:00:00Z","url":null}],"source_notices":[]}]})
i18next: languageChanged zh-Hant

stdout | src/lifecycle/currentReviewContract.test.ts > rejects malformed current data instead of displaying a healthy empty view ({"items":[{"review_id":"slpr_8bbfc1abdcbc2ef1c6d21f26d070d5e8fd7c94a07d011859c047cc7bc07c06f4","case_ids":["slc_c32970319a94016ddf258a0252d2ca09f4356f830993df66f0569563d1c8b28c"],"ticker":"OLD","issuer_name":null,"bucket":"attention","finding":"old_listing_inactive","reason":"removal_requires_confirmation","collection":{"state":"tracking","sources":["manual_lists","sa_alpha_picks_former"]},"listing":{"state":"inactive","basis":"observation","ended_on":"2023-05-16"},"continuation":{"state":"unavailable","successor_ticker":null,"candidate_tickers":{}},"observed_at":"2026-09-05T01:00:00Z","next_check_at":null,"diagnostics":{"code":"listing_checks","missing_checks":["continuation"],"provider_issues":[{"provider":"massive","reason":"not_found"}],"manual_review_required":false},"next_action":{"kind":"review_removal","state":"not_prepared","case_id":"slc_c32970319a94016ddf258a0252d2ca09f4356f830993df66f0569563d1c8b28c","assessment_id":"sla_aaaaaaaaaaaaaaaaaaaaaaaaaaaaaaaa","transition_id":null,"preview_sha256":null,"transition_kind":null,"execute_on":null,"current_effects_match":null,"can_reverse":false,"block_reasons":[]},"source_checks":[{"provider":"eodhd","check":"eodhd","directory":null,"status":"inactive","ticker":"OLD","observed_at":"2026-09-05T01:00:00Z","url":null},{"provider":"massive","check":"delisting","directory":null,"status":"inactive","ticker":"OLD","observed_at":"2026-09-05T01:00:00Z","url":null},{"provider":"massive","check":"otc","directory":null,"status":"not_found","ticker":"OLD","observed_at":"2026-09-05T01:00:00Z","url":null},{"provider":"massive","check":"stocks","directory":null,"status":"not_found","ticker":"OLD","observed_at":"2026-09-05T01:00:00Z","url":null},{"provider":"nasdaq","check":"nasdaq","directory":"nasdaq_listed","status":"not_found","ticker":"OLD","observed_at":"2026-09-05T01:00:00Z","url":null},{"provider":"nasdaq","check":"nasdaq","directory":"other_listed","status":"not_found","ticker":"OLD","observed_at":"2026-09-05T01:00:00Z","url":null}],"source_notices":[]}]})
i18next: languageChanged zh-Hant

stdout | src/lifecycle/currentReviewContract.test.ts > rejects malformed current data instead of displaying a healthy empty view ({"items":[{"review_id":"slpr_8bbfc1abdcbc2ef1c6d21f26d070d5e8fd7c94a07d011859c047cc7bc07c06f4","case_ids":["slc_c32970319a94016ddf258a0252d2ca09f4356f830993df66f0569563d1c8b28c"],"ticker":"OLD","issuer_name":null,"bucket":"attention","finding":"old_listing_inactive","reason":"removal_requires_confirmation","collection":{"state":"tracking","sources":["manual_lists","sa_alpha_picks_former"]},"listing":{"state":"inactive","basis":"observation","ended_on":"2023-05-16"},"continuation":{"state":"unavailable","successor_ticker":null,"candidate_tickers":[]},"observed_at":"2026-09-05T01:00:00Z","next_check_at":null,"diagnostics":{"code":"listing_checks","missing_checks":["continuation"],"provider_issues":[{"provider":"massive","reason":"not_found"}],"manual_review_required":false},"next_action":{"kind":"review_removal","state":"not_prepared","case_id":"slc_c32970319a94016ddf258a0252d2ca09f4356f830993df66f0569563d1c8b28c","assessment_id":"sla_aaaaaaaaaaaaaaaaaaaaaaaaaaaaaaaa","transition_id":null,"preview_sha256":null,"transition_kind":null,"execute_on":null,"current_effects_match":null,"can_reverse":false,"block_reasons":[]},"source_checks":[null],"source_notices":[]}]})
i18next: languageChanged zh-Hant

stdout | src/lifecycle/currentReviewContract.test.ts > rejects malformed current data instead of displaying a healthy empty view ({"items":[{"review_id":"slpr_8bbfc1abdcbc2ef1c6d21f26d070d5e8fd7c94a07d011859c047cc7bc07c06f4","case_ids":["slc_c32970319a94016ddf258a0252d2ca09f4356f830993df66f0569563d1c8b28c"],"ticker":"OLD","issuer_name":null,"bucket":"attention","finding":"old_listing_inactive","reason":"removal_requires_confirmation","collection":{"state":"tracking","sources":["manual_lists","sa_alpha_picks_former"]},"listing":{"state":"inactive","basis":"observation","ended_on":"2023-05-16"},"continuation":{"state":"unavailable","successor_ticker":null,"candidate_tickers":[]},"observed_at":"2026-09-05T01:00:00Z","next_check_at":null,"diagnostics":{"code":"listing_checks","missing_checks":["continuation"],"provider_issues":[{"provider":"massive","reason":"not_found"}],"manual_review_required":false},"next_action":{"kind":"review_removal","state":"not_prepared","case_id":"slc_c32970319a94016ddf258a0252d2ca09f4356f830993df66f0569563d1c8b28c","assessment_id":"sla_aaaaaaaaaaaaaaaaaaaaaaaaaaaaaaaa","transition_id":null,"preview_sha256":null,"transition_kind":null,"execute_on":null,"current_effects_match":null,"can_reverse":false,"block_reasons":[]},"source_notices":[]}]})
i18next: languageChanged zh-Hant

stdout | src/lifecycle/currentReviewContract.test.ts > rejects malformed current data instead of displaying a healthy empty view ({"items":[{"review_id":"slpr_8bbfc1abdcbc2ef1c6d21f26d070d5e8fd7c94a07d011859c047cc7bc07c06f4","case_ids":["slc_c32970319a94016ddf258a0252d2ca09f4356f830993df66f0569563d1c8b28c"],"ticker":"OLD","issuer_name":null,"bucket":"attention","finding":"old_listing_inactive","reason":"removal_requires_confirmation","collection":{"state":"tracking","sources":["manual_lists","sa_alpha_picks_former"]},"listing":{"state":"inactive","basis":"observation","ended_on":"2023-05-16"},"continuation":{"state":"unavailable","successor_ticker":null,"candidate_tickers":[]},"observed_at":"2026-09-05T01:00:00Z","next_check_at":null,"diagnostics":{"code":"listing_checks","missing_checks":["continuation"],"provider_issues":[{"provider":"massive","reason":"not_found"}],"manual_review_required":false},"next_action":{"kind":"review_removal","state":"not_prepared","case_id":"slc_c32970319a94016ddf258a0252d2ca09f4356f830993df66f0569563d1c8b28c","assessment_id":"sla_aaaaaaaaaaaaaaaaaaaaaaaaaaaaaaaa","transition_id":null,"preview_sha256":null,"transition_kind":null,"execute_on":null,"current_effects_match":null,"can_reverse":false,"block_reasons":[]},"source_checks":[{"provider":"eodhd","check":"eodhd","directory":null,"status":"inactive","ticker":"OLD","observed_at":"2026-09-05T01:00:00Z","url":null},{"provider":"massive","check":"delisting","directory":null,"status":"inactive","ticker":"OLD","observed_at":"2026-09-05T01:00:00Z","url":null},{"provider":"massive","check":"otc","directory":null,"status":"not_found","ticker":"OLD","observed_at":"2026-09-05T01:00:00Z","url":null},{"provider":"massive","check":"stocks","directory":null,"status":"not_found","ticker":"OLD","observed_at":"2026-09-05T01:00:00Z","url":null},{"provider":"nasdaq","check":"nasdaq","directory":"nasdaq_listed","status":"not_found","ticker":"OLD","observed_at":"2026-09-05T01:00:00Z","url":null},{"provider":"nasdaq","check":"nasdaq","directory":"other_listed","status":"not_found","ticker":"OLD","observed_at":"2026-09-05T01:00:00Z","url":null}],"source_notices":null}]})
i18next: languageChanged zh-Hant

stdout | src/lifecycle/currentReviewContract.test.ts > rejects malformed current data instead of displaying a healthy empty view ({"items":[{"review_id":"slpr_8bbfc1abdcbc2ef1c6d21f26d070d5e8fd7c94a07d011859c047cc7bc07c06f4","case_ids":["slc_c32970319a94016ddf258a0252d2ca09f4356f830993df66f0569563d1c8b28c"],"ticker":"OLD","issuer_name":null,"bucket":"attention","finding":"old_listing_inactive","reason":"removal_requires_confirmation","collection":{"state":"tracking","sources":["manual_lists","sa_alpha_picks_former"]},"listing":{"state":"inactive","basis":"observation","ended_on":"2026-02-30"},"continuation":{"state":"unavailable","successor_ticker":null,"candidate_tickers":[]},"observed_at":"2026-09-05T01:00:00Z","next_check_at":null,"diagnostics":{"code":"listing_checks","missing_checks":["continuation"],"provider_issues":[{"provider":"massive","reason":"not_found"}],"manual_review_required":false},"next_action":{"kind":"review_removal","state":"not_prepared","case_id":"slc_c32970319a94016ddf258a0252d2ca09f4356f830993df66f0569563d1c8b28c","assessment_id":"sla_aaaaaaaaaaaaaaaaaaaaaaaaaaaaaaaa","transition_id":null,"preview_sha256":null,"transition_kind":null,"execute_on":null,"current_effects_match":null,"can_reverse":false,"block_reasons":[]},"source_checks":[{"provider":"eodhd","check":"eodhd","directory":null,"status":"inactive","ticker":"OLD","observed_at":"2026-09-05T01:00:00Z","url":null},{"provider":"massive","check":"delisting","directory":null,"status":"inactive","ticker":"OLD","observed_at":"2026-09-05T01:00:00Z","url":null},{"provider":"massive","check":"otc","directory":null,"status":"not_found","ticker":"OLD","observed_at":"2026-09-05T01:00:00Z","url":null},{"provider":"massive","check":"stocks","directory":null,"status":"not_found","ticker":"OLD","observed_at":"2026-09-05T01:00:00Z","url":null},{"provider":"nasdaq","check":"nasdaq","directory":"nasdaq_listed","status":"not_found","ticker":"OLD","observed_at":"2026-09-05T01:00:00Z","url":null},{"provider":"nasdaq","check":"nasdaq","directory":"other_listed","status":"not_found","ticker":"OLD","observed_at":"2026-09-05T01:00:00Z","url":null}],"source_notices":[]}]})
i18next: languageChanged zh-Hant

stdout | src/lifecycle/currentReviewContract.test.ts > rejects malformed current data instead of displaying a healthy empty view ({"items":[{"review_id":"slpr_8bbfc1abdcbc2ef1c6d21f26d070d5e8fd7c94a07d011859c047cc7bc07c06f4","case_ids":["slc_c32970319a94016ddf258a0252d2ca09f4356f830993df66f0569563d1c8b28c"],"ticker":"OLD","issuer_name":null,"bucket":"attention","finding":"old_listing_inactive","reason":"removal_requires_confirmation","collection":{"state":"tracking","sources":["manual_lists","sa_alpha_picks_former"]},"listing":{"state":"inactive","basis":"observation","ended_on":"2023-05-16"},"continuation":{"state":"unavailable","successor_ticker":null,"candidate_tickers":[]},"observed_at":"2026-09-05T01:00:00Z","next_check_at":null,"diagnostics":{"code":"listing_checks","missing_checks":["continuation"],"provider_issues":[{"provider":"massive","reason":"not_found"}],"manual_review_required":false},"next_action":{"kind":"review_removal","state":"applied","case_id":"slc_c32970319a94016ddf258a0252d2ca09f4356f830993df66f0569563d1c8b28c","assessment_id":"sla_aaaaaaaaaaaaaaaaaaaaaaaaaaaaaaaa","transition_id":null,"preview_sha256":null,"transition_kind":null,"execute_on":null,"current_effects_match":null,"can_reverse":false,"block_reasons":[]},"source_checks":[{"provider":"eodhd","check":"eodhd","directory":null,"status":"inactive","ticker":"OLD","observed_at":"2026-09-05T01:00:00Z","url":null},{"provider":"massive","check":"delisting","directory":null,"status":"inactive","ticker":"OLD","observed_at":"2026-09-05T01:00:00Z","url":null},{"provider":"massive","check":"otc","directory":null,"status":"not_found","ticker":"OLD","observed_at":"2026-09-05T01:00:00Z","url":null},{"provider":"massive","check":"stocks","directory":null,"status":"not_found","ticker":"OLD","observed_at":"2026-09-05T01:00:00Z","url":null},{"provider":"nasdaq","check":"nasdaq","directory":"nasdaq_listed","status":"not_found","ticker":"OLD","observed_at":"2026-09-05T01:00:00Z","url":null},{"provider":"nasdaq","check":"nasdaq","directory":"other_listed","status":"not_found","ticker":"OLD","observed_at":"2026-09-05T01:00:00Z","url":null}],"source_notices":[]}]})
i18next: languageChanged zh-Hant

stdout | src/lifecycle/currentReviewContract.test.ts > rejects malformed current data instead of displaying a healthy empty view ({"items":[{"review_id":"slpr_8bbfc1abdcbc2ef1c6d21f26d070d5e8fd7c94a07d011859c047cc7bc07c06f4","case_ids":["slc_c32970319a94016ddf258a0252d2ca09f4356f830993df66f0569563d1c8b28c"],"ticker":"OLD","issuer_name":null,"bucket":"attention","finding":"old_listing_inactive","reason":"removal_requires_confirmation","collection":{"state":"tracking","sources":["manual_lists","sa_alpha_picks_former"]},"listing":{"state":"inactive","basis":"observation","ended_on":"2023-05-16"},"continuation":{"state":"unavailable","successor_ticker":null,"candidate_tickers":[]},"observed_at":"2026-09-05T01:00:00Z","next_check_at":null,"diagnostics":{"code":"listing_checks","missing_checks":["continuation"],"provider_issues":[{"provider":"massive","reason":"not_found"}],"manual_review_required":false},"next_action":{"kind":"resume","state":"not_prepared","case_id":"slc_c32970319a94016ddf258a0252d2ca09f4356f830993df66f0569563d1c8b28c","assessment_id":"sla_aaaaaaaaaaaaaaaaaaaaaaaaaaaaaaaa","transition_id":null,"preview_sha256":null,"transition_kind":null,"execute_on":null,"current_effects_match":null,"can_reverse":false,"block_reasons":[]},"source_checks":[{"provider":"eodhd","check":"eodhd","directory":null,"status":"inactive","ticker":"OLD","observed_at":"2026-09-05T01:00:00Z","url":null},{"provider":"massive","check":"delisting","directory":null,"status":"inactive","ticker":"OLD","observed_at":"2026-09-05T01:00:00Z","url":null},{"provider":"massive","check":"otc","directory":null,"status":"not_found","ticker":"OLD","observed_at":"2026-09-05T01:00:00Z","url":null},{"provider":"massive","check":"stocks","directory":null,"status":"not_found","ticker":"OLD","observed_at":"2026-09-05T01:00:00Z","url":null},{"provider":"nasdaq","check":"nasdaq","directory":"nasdaq_listed","status":"not_found","ticker":"OLD","observed_at":"2026-09-05T01:00:00Z","url":null},{"provider":"nasdaq","check":"nasdaq","directory":"other_listed","status":"not_found","ticker":"OLD","observed_at":"2026-09-05T01:00:00Z","url":null}],"source_notices":[]}]})
i18next: languageChanged zh-Hant

stdout | src/lifecycle/currentReviewContract.test.ts > rejects malformed current data instead of displaying a healthy empty view ({"items":[{"review_id":"slpr_8bbfc1abdcbc2ef1c6d21f26d070d5e8fd7c94a07d011859c047cc7bc07c06f4","case_ids":["slc_c32970319a94016ddf258a0252d2ca09f4356f830993df66f0569563d1c8b28c"],"ticker":"OLD","issuer_name":null,"bucket":"attention","finding":"old_listing_inactive","reason":"removal_requires_confirmation","collection":{"state":"tracking","sources":["manual_lists","sa_alpha_picks_former"]},"listing":{"state":"inactive","basis":"observation","ended_on":"2023-05-16"},"continuation":{"state":"unavailable","successor_ticker":null,"candidate_tickers":[]},"observed_at":"2026-09-05T01:00:00Z","next_check_at":null,"diagnostics":{"code":"listing_checks","missing_checks":["continuation"],"provider_issues":[{"provider":"massive","reason":"not_found"}],"manual_review_required":false},"next_action":{"kind":"review_removal","state":"scheduled","case_id":"slc_c32970319a94016ddf258a0252d2ca09f4356f830993df66f0569563d1c8b28c","assessment_id":"sla_aaaaaaaaaaaaaaaaaaaaaaaaaaaaaaaa","transition_id":"slt_existing","preview_sha256":null,"transition_kind":null,"execute_on":null,"current_effects_match":null,"can_reverse":false,"block_reasons":[]},"source_checks":[{"provider":"eodhd","check":"eodhd","directory":null,"status":"inactive","ticker":"OLD","observed_at":"2026-09-05T01:00:00Z","url":null},{"provider":"massive","check":"delisting","directory":null,"status":"inactive","ticker":"OLD","observed_at":"2026-09-05T01:00:00Z","url":null},{"provider":"massive","check":"otc","directory":null,"status":"not_found","ticker":"OLD","observed_at":"2026-09-05T01:00:00Z","url":null},{"provider":"massive","check":"stocks","directory":null,"status":"not_found","ticker":"OLD","observed_at":"2026-09-05T01:00:00Z","url":null},{"provider":"nasdaq","check":"nasdaq","directory":"nasdaq_listed","status":"not_found","ticker":"OLD","observed_at":"2026-09-05T01:00:00Z","url":null},{"provider":"nasdaq","check":"nasdaq","directory":"other_listed","status":"not_found","ticker":"OLD","observed_at":"2026-09-05T01:00:00Z","url":null}],"source_notices":[]}]})
i18next: languageChanged zh-Hant

stdout | src/lifecycle/currentReviewContract.test.ts > rejects malformed current data instead of displaying a healthy empty view ({"items":[{"review_id":"slpr_8bbfc1abdcbc2ef1c6d21f26d070d5e8fd7c94a07d011859c047cc7bc07c06f4","case_ids":["slc_c32970319a94016ddf258a0252d2ca09f4356f830993df66f0569563d1c8b28c"],"ticker":"OLD","issuer_name":null,"bucket":"attention","finding":"old_listing_inactive","reason":"removal_requires_confirmation","collection":{"state":"tracking","sources":["manual_lists","sa_alpha_picks_former"]},"listing":{"state":"inactive","basis":"observation","ended_on":"2023-05-16"},"continuation":{"state":"unavailable","successor_ticker":null,"candidate_tickers":[]},"observed_at":"2026-09-05T01:00:00Z","next_check_at":null,"diagnostics":{"code":"listing_checks","missing_checks":["continuation"],"provider_issues":[{"provider":"massive","reason":"not_found"}],"manual_review_required":false},"next_action":{"kind":"review_removal","state":"not_prepared","case_id":"slc_c32970319a94016ddf258a0252d2ca09f4356f830993df66f0569563d1c8b28c","assessment_id":"sla_aaaaaaaaaaaaaaaaaaaaaaaaaaaaaaaa","transition_id":null,"preview_sha256":null,"transition_kind":null,"execute_on":null,"current_effects_match":null,"can_reverse":true,"block_reasons":[]},"source_checks":[{"provider":"eodhd","check":"eodhd","directory":null,"status":"inactive","ticker":"OLD","observed_at":"2026-09-05T01:00:00Z","url":null},{"provider":"massive","check":"delisting","directory":null,"status":"inactive","ticker":"OLD","observed_at":"2026-09-05T01:00:00Z","url":null},{"provider":"massive","check":"otc","directory":null,"status":"not_found","ticker":"OLD","observed_at":"2026-09-05T01:00:00Z","url":null},{"provider":"massive","check":"stocks","directory":null,"status":"not_found","ticker":"OLD","observed_at":"2026-09-05T01:00:00Z","url":null},{"provider":"nasdaq","check":"nasdaq","directory":"nasdaq_listed","status":"not_found","ticker":"OLD","observed_at":"2026-09-05T01:00:00Z","url":null},{"provider":"nasdaq","check":"nasdaq","directory":"other_listed","status":"not_found","ticker":"OLD","observed_at":"2026-09-05T01:00:00Z","url":null}],"source_notices":[]}]})
i18next: languageChanged zh-Hant

stdout | src/lifecycle/currentReviewContract.test.ts > rejects malformed current data instead of displaying a healthy empty view ({"items":[{"review_id":"slpr_8bbfc1abdcbc2ef1c6d21f26d070d5e8fd7c94a07d011859c047cc7bc07c06f4","case_ids":["slc_c32970319a94016ddf258a0252d2ca09f4356f830993df66f0569563d1c8b28c"],"ticker":"OLD","issuer_name":null,"bucket":"attention","finding":"old_listing_inactive","reason":"removal_requires_confirmation","collection":{"state":"tracking","sources":["manual_lists","sa_alpha_picks_former"]},"listing":{"state":"inactive","basis":"observation","ended_on":"2023-05-16"},"continuation":{"state":"unavailable","successor_ticker":null,"candidate_tickers":[]},"observed_at":"2026-09-05T01:00:00Z","next_check_at":null,"diagnostics":{"code":"listing_checks","missing_checks":["continuation"],"provider_issues":[{"provider":"massive","reason":"not_found"}],"manual_review_required":false},"next_action":{"kind":"review_removal","state":"not_prepared","case_id":"slc_c32970319a94016ddf258a0252d2ca09f4356f830993df66f0569563d1c8b28c","assessment_id":"sla_aaaaaaaaaaaaaaaaaaaaaaaaaaaaaaaa","transition_id":"slt_unexpected","preview_sha256":null,"transition_kind":null,"execute_on":null,"current_effects_match":null,"can_reverse":false,"block_reasons":[]},"source_checks":[{"provider":"eodhd","check":"eodhd","directory":null,"status":"inactive","ticker":"OLD","observed_at":"2026-09-05T01:00:00Z","url":null},{"provider":"massive","check":"delisting","directory":null,"status":"inactive","ticker":"OLD","observed_at":"2026-09-05T01:00:00Z","url":null},{"provider":"massive","check":"otc","directory":null,"status":"not_found","ticker":"OLD","observed_at":"2026-09-05T01:00:00Z","url":null},{"provider":"massive","check":"stocks","directory":null,"status":"not_found","ticker":"OLD","observed_at":"2026-09-05T01:00:00Z","url":null},{"provider":"nasdaq","check":"nasdaq","directory":"nasdaq_listed","status":"not_found","ticker":"OLD","observed_at":"2026-09-05T01:00:00Z","url":null},{"provider":"nasdaq","check":"nasdaq","directory":"other_listed","status":"not_found","ticker":"OLD","observed_at":"2026-09-05T01:00:00Z","url":null}],"source_notices":[]}]})
i18next: languageChanged zh-Hant

stdout | src/lifecycle/currentReviewContract.test.ts > rejects malformed current data instead of displaying a healthy empty view ({"items":[{"review_id":"slpr_8bbfc1abdcbc2ef1c6d21f26d070d5e8fd7c94a07d011859c047cc7bc07c06f4","case_ids":["slc_c32970319a94016ddf258a0252d2ca09f4356f830993df66f0569563d1c8b28c"],"ticker":"OLD","issuer_name":null,"bucket":"attention","finding":"old_listing_inactive","reason":"removal_requires_confirmation","collection":{"state":"tracking","sources":["manual_lists","sa_alpha_picks_former"]},"listing":{"state":"inactive","basis":"observation","ended_on":"2023-05-16"},"continuation":{"state":"unavailable","successor_ticker":null,"candidate_tickers":[]},"observed_at":"2026-09-05T01:00:00Z","next_check_at":null,"diagnostics":{"code":"listing_checks","missing_checks":["continuation"],"provider_issues":[{"provider":"massive","reason":"not_found"}],"manual_review_required":false},"next_action":{"kind":"review_removal","state":"not_prepared","case_id":"slc_c32970319a94016ddf258a0252d2ca09f4356f830993df66f0569563d1c8b28c","assessment_id":"sla_aaaaaaaaaaaaaaaaaaaaaaaaaaaaaaaa","transition_id":null,"preview_sha256":null,"transition_kind":null,"execute_on":null,"current_effects_match":true,"can_reverse":false,"block_reasons":[]},"source_checks":[{"provider":"eodhd","check":"eodhd","directory":null,"status":"inactive","ticker":"OLD","observed_at":"2026-09-05T01:00:00Z","url":null},{"provider":"massive","check":"delisting","directory":null,"status":"inactive","ticker":"OLD","observed_at":"2026-09-05T01:00:00Z","url":null},{"provider":"massive","check":"otc","directory":null,"status":"not_found","ticker":"OLD","observed_at":"2026-09-05T01:00:00Z","url":null},{"provider":"massive","check":"stocks","directory":null,"status":"not_found","ticker":"OLD","observed_at":"2026-09-05T01:00:00Z","url":null},{"provider":"nasdaq","check":"nasdaq","directory":"nasdaq_listed","status":"not_found","ticker":"OLD","observed_at":"2026-09-05T01:00:00Z","url":null},{"provider":"nasdaq","check":"nasdaq","directory":"other_listed","status":"not_found","ticker":"OLD","observed_at":"2026-09-05T01:00:00Z","url":null}],"source_notices":[]}]})
i18next: languageChanged zh-Hant

stdout | src/lifecycle/currentReviewContract.test.ts > rejects malformed current data instead of displaying a healthy empty view ({"items":[{"review_id":"slpr_8bbfc1abdcbc2ef1c6d21f26d070d5e8fd7c94a07d011859c047cc7bc07c06f4","case_ids":["slc_c32970319a94016ddf258a0252d2ca09f4356f830993df66f0569563d1c8b28c"],"ticker":"OLD","issuer_name":null,"bucket":"attention","finding":"old_listing_inactive","reason":"removal_requires_confirmation","collection":{"state":"tracking","sources":["manual_lists","sa_alpha_picks_former"]},"listing":{"state":"inactive","basis":"observation","ended_on":"2023-05-16"},"continuation":{"state":"unavailable","successor_ticker":null,"candidate_tickers":[]},"observed_at":"2026-09-05T01:00:00Z","next_check_at":null,"diagnostics":{"code":"listing_checks","missing_checks":["continuation"],"provider_issues":[{"provider":"massive","reason":"not_found"}],"manual_review_required":false},"next_action":{"kind":"review_removal","state":"not_prepared","case_id":"slc_c32970319a94016ddf258a0252d2ca09f4356f830993df66f0569563d1c8b28c","assessment_id":"sla_aaaaaaaaaaaaaaaaaaaaaaaaaaaaaaaa","transition_id":null,"preview_sha256":null,"transition_kind":null,"execute_on":null,"current_effects_match":null,"can_reverse":false,"block_reasons":[]},"source_checks":[{"provider":"eodhd","check":"eodhd","directory":"unexpected","status":"inactive","ticker":"OLD","observed_at":"2026-09-05T01:00:00Z","url":null},{"provider":"massive","check":"delisting","directory":"unexpected","status":"inactive","ticker":"OLD","observed_at":"2026-09-05T01:00:00Z","url":null},{"provider":"massive","check":"otc","directory":"unexpected","status":"not_found","ticker":"OLD","observed_at":"2026-09-05T01:00:00Z","url":null},{"provider":"massive","check":"stocks","directory":"unexpected","status":"not_found","ticker":"OLD","observed_at":"2026-09-05T01:00:00Z","url":null},{"provider":"nasdaq","check":"nasdaq","directory":"unexpected","status":"not_found","ticker":"OLD","observed_at":"2026-09-05T01:00:00Z","url":null},{"provider":"nasdaq","check":"nasdaq","directory":"unexpected","status":"not_found","ticker":"OLD","observed_at":"2026-09-05T01:00:00Z","url":null}],"source_notices":[]}]})
i18next: languageChanged zh-Hant

stdout | src/lifecycle/currentReviewContract.test.ts > rejects malformed current data instead of displaying a healthy empty view ({"items":[{"review_id":"slpr_8bbfc1abdcbc2ef1c6d21f26d070d5e8fd7c94a07d011859c047cc7bc07c06f4","case_ids":["slc_c32970319a94016ddf258a0252d2ca09f4356f830993df66f0569563d1c8b28c"],"ticker":"OLD","issuer_name":null,"bucket":"attention","finding":"old_listing_inactive","reason":"removal_requires_confirmation","collection":{"state":"tracking","sources":["manual_lists","sa_alpha_picks_former"]},"listing":{"state":"inactive","basis":"observation","ended_on":"2023-05-16"},"continuation":{"state":"unavailable","successor_ticker":null,"candidate_tickers":[]},"observed_at":"2026-09-05T01:00:00Z","next_check_at":null,"diagnostics":{"code":"listing_checks","missing_checks":["continuation"],"provider_issues":[{"provider":"massive","reason":"not_found"}],"manual_review_required":false},"next_action":{"kind":"review_removal","state":"not_prepared","case_id":"slc_c32970319a94016ddf258a0252d2ca09f4356f830993df66f0569563d1c8b28c","assessment_id":"sla_aaaaaaaaaaaaaaaaaaaaaaaaaaaaaaaa","transition_id":null,"preview_sha256":null,"transition_kind":null,"execute_on":null,"current_effects_match":null,"can_reverse":false,"block_reasons":[]},"source_checks":[{"provider":"eodhd","check":"eodhd","directory":null,"status":"inactive","ticker":"OLD","observed_at":"2026-09-05T01:00:00Z","url":null},{"provider":"massive","check":"delisting","directory":null,"status":"inactive","ticker":"OLD","observed_at":"2026-09-05T01:00:00Z","url":null},{"provider":"massive","check":"otc","directory":null,"status":"not_found","ticker":"OLD","observed_at":"2026-09-05T01:00:00Z","url":null},{"provider":"massive","check":"stocks","directory":null,"status":"not_found","ticker":"OLD","observed_at":"2026-09-05T01:00:00Z","url":null},{"provider":"nasdaq","check":"nasdaq","directory":null,"status":"not_found","ticker":"OLD","observed_at":"2026-09-05T01:00:00Z","url":null},{"provider":"nasdaq","check":"nasdaq","directory":null,"status":"not_found","ticker":"OLD","observed_at":"2026-09-05T01:00:00Z","url":null}],"source_notices":[]}]})
i18next: languageChanged zh-Hant

stdout | src/lifecycle/currentReviewContract.test.ts > rejects malformed current data instead of displaying a healthy empty view ({"items":[{"review_id":"slpr_8bbfc1abdcbc2ef1c6d21f26d070d5e8fd7c94a07d011859c047cc7bc07c06f4","case_ids":["slc_c32970319a94016ddf258a0252d2ca09f4356f830993df66f0569563d1c8b28c"],"ticker":"OLD","issuer_name":null,"bucket":"attention","finding":"old_listing_inactive","reason":"removal_requires_confirmation","collection":{"state":"tracking","sources":["manual_lists","sa_alpha_picks_former"]},"listing":{"state":"inactive","basis":"observation","ended_on":"2023-05-16"},"continuation":{"state":"unavailable","successor_ticker":null,"candidate_tickers":[]},"observed_at":"2026-09-05T01:00:00Z","next_check_at":null,"diagnostics":{"code":"listing_checks","missing_checks":null,"provider_issues":[{"provider":"massive","reason":"not_found"}],"manual_review_required":false},"next_action":{"kind":"review_removal","state":"not_prepared","case_id":"slc_c32970319a94016ddf258a0252d2ca09f4356f830993df66f0569563d1c8b28c","assessment_id":"sla_aaaaaaaaaaaaaaaaaaaaaaaaaaaaaaaa","transition_id":null,"preview_sha256":null,"transition_kind":null,"execute_on":null,"current_effects_match":null,"can_reverse":false,"block_reasons":[]},"source_checks":[{"provider":"eodhd","check":"eodhd","directory":null,"status":"inactive","ticker":"OLD","observed_at":"2026-09-05T01:00:00Z","url":null},{"provider":"massive","check":"delisting","directory":null,"status":"inactive","ticker":"OLD","observed_at":"2026-09-05T01:00:00Z","url":null},{"provider":"massive","check":"otc","directory":null,"status":"not_found","ticker":"OLD","observed_at":"2026-09-05T01:00:00Z","url":null},{"provider":"massive","check":"stocks","directory":null,"status":"not_found","ticker":"OLD","observed_at":"2026-09-05T01:00:00Z","url":null},{"provider":"nasdaq","check":"nasdaq","directory":"nasdaq_listed","status":"not_found","ticker":"OLD","observed_at":"2026-09-05T01:00:00Z","url":null},{"provider":"nasdaq","check":"nasdaq","directory":"other_listed","status":"not_found","ticker":"OLD","observed_at":"2026-09-05T01:00:00Z","url":null}],"source_notices":[]}]})
i18next: languageChanged zh-Hant

stdout | src/lifecycle/currentReviewContract.test.ts > rejects malformed action packets before a confirmation can be offered ({"ready":"true"})
i18next: languageChanged zh-Hant

stdout | src/lifecycle/currentReviewContract.test.ts > rejects malformed action packets before a confirmation can be offered ({"action":"acquisition"})
i18next: languageChanged zh-Hant

stdout | src/lifecycle/currentReviewContract.test.ts > rejects malformed action packets before a confirmation can be offered ({"effects":null})
i18next: languageChanged zh-Hant

stdout | src/lifecycle/currentReviewContract.test.ts > rejects malformed action packets before a confirmation can be offered ({"block_reasons":null})
i18next: languageChanged zh-Hant

stdout | src/lifecycle/currentReviewContract.test.ts > rejects malformed action packets before a confirmation can be offered ({"ready":true,"block_reasons":["listing_authority_required"]})
i18next: languageChanged zh-Hant

stdout | src/lifecycle/currentReviewContract.test.ts > rejects malformed action packets before a confirmation can be offered ({"execute_on":"2026-02-30"})
i18next: languageChanged zh-Hant

stdout | src/lifecycle/currentReviewContract.test.ts > rejects malformed action packets before a confirmation can be offered ({"effects":{"watchlists":{},"legacy_config_seed":{"add":[],"archive":[],"reactivate":[],"unchanged":[]},"editable_tags_to_copy":[],"priority":{"resolution":null,"result_value":null,"source_value":null,"successor_value":null,"write_successor":false},"suppression":{"hide_source":true,"source_hidden":false,"successor_hidden":false,"unhide_successor":false},"sa_tracking_memberships":[{"ticker":"OLD","picked_date":"2023-01-01","portfolio_status":"closed","current_tracking":false,"removed":false}]}})
i18next: languageChanged zh-Hant

stdout | src/lifecycle/currentReviewContract.test.ts > rejects malformed action packets before a confirmation can be offered ({"finding":{"conclusion":"Reviewed explicit delisting with current trading checks; no acquirer alias is authorized.","impact_summary":"Stop collection, preserve history.","relevance":"direct_tracked_security","confidence":"high","outcomes":null,"successor_ticker":null,"destination_venue":null,"effective_date":"2023-05-16","counterparty_name":null,"counterparty_ticker":null,"counterparty_cik":null,"consideration_currency":null,"cash_per_security_decimal":null,"exchange_ratio_decimal":null}})
i18next: languageChanged zh-Hant

stdout | src/lifecycle/currentReviewContract.test.ts > rejects malformed action packets before a confirmation can be offered ({"source_references":null})
i18next: languageChanged zh-Hant

stdout | src/lifecycle/currentReviewContract.test.ts > rejects malformed action packets before a confirmation can be offered ({"options":{"execute_on":"2026-09-05","priority_resolution":null,"unhide_successor":false}})
i18next: languageChanged zh-Hant

stdout | src/lifecycle/currentReviewContract.test.ts > rejects false applied readbacks and preserves approved, scheduled and blocked states
i18next: languageChanged zh-Hant

stdout | src/lifecycle/currentReviewContract.test.ts > does not attach checked applied effects to approved
i18next: languageChanged zh-Hant

stdout | src/lifecycle/currentReviewContract.test.ts > does not attach checked applied effects to scheduled
i18next: languageChanged zh-Hant

stdout | src/lifecycle/currentReviewContract.test.ts > does not attach checked applied effects to blocked
i18next: languageChanged zh-Hant

stdout | src/lifecycle/currentReviewContract.test.ts > does not attach checked applied effects to cancelled
i18next: languageChanged zh-Hant

stdout | src/lifecycle/currentReviewContract.test.ts > does not attach checked applied effects to reversed
i18next: languageChanged zh-Hant

stdout | src/lifecycle/currentReviewContract.test.ts > reads with GET, checks result identity and submits exactly one confirmation command
i18next: languageChanged zh-Hant

stdout | src/lifecycle/currentReviewContract.test.ts > rejects a different review or receipt instead of applying its result to the selected row
i18next: languageChanged zh-Hant

stdout | src/lifecycle/currentReviewContract.test.ts > checks the case identity returned by a lazy audit request
i18next: languageChanged zh-Hant

stdout | src/lifecycle/currentReviewContract.test.ts > validates the explicit translation response ({"evidence_id":"other"})
i18next: languageChanged zh-Hant

stdout | src/lifecycle/currentReviewContract.test.ts > validates the explicit translation response ({"locale":"zh-Hant"})
i18next: languageChanged zh-Hant

stdout | src/lifecycle/currentReviewContract.test.ts > validates the explicit translation response ({"translated_text":null})
i18next: languageChanged zh-Hant

stdout | src/lifecycle/currentReviewContract.test.ts > rejects malformed tracking activity before opening its UI (null)
i18next: languageChanged zh-Hant

stdout | src/lifecycle/currentReviewContract.test.ts > rejects malformed tracking activity before opening its UI ({})
i18next: languageChanged zh-Hant

stdout | src/lifecycle/currentReviewContract.test.ts > rejects malformed tracking activity before opening its UI ({"items":null,"count":0,"unacknowledged_count":0})
i18next: languageChanged zh-Hant

stdout | src/lifecycle/currentReviewContract.test.ts > rejects malformed tracking activity before opening its UI ({"items":[null],"count":1,"unacknowledged_count":1})
i18next: languageChanged zh-Hant

stdout | src/lifecycle/currentReviewContract.test.ts > rejects malformed tracking activity before opening its UI ({"items":[{"activity_type":"applied","user_owned_changes":null}],"count":1,"unacknowledged_count":1})
i18next: languageChanged zh-Hant

stdout | src/lifecycle/currentReviewContract.test.ts > reads the actual persisted tracking receipt through a closed activity projection
i18next: languageChanged zh-Hant

stdout | src/lifecycle/currentReviewContract.test.ts > binds activity acknowledgement to the requested receipt
i18next: languageChanged zh-Hant

stdout | src/lifecycle/currentReviewContract.test.ts > checks the nested tracking receipt used by the audit ({"user_owned_changes":null})
i18next: languageChanged zh-Hant

stdout | src/lifecycle/currentReviewContract.test.ts > checks the nested tracking receipt used by the audit ({"provider_owned_retained":{}})
i18next: languageChanged zh-Hant

stdout | src/lifecycle/currentReviewContract.test.ts > checks the nested tracking receipt used by the audit ({"effective_date":"2026-02-30"})
i18next: languageChanged zh-Hant

stdout | src/lifecycle/currentReviewContract.test.ts > checks the nested tracking receipt used by the audit ({"reverse_readiness":{"reversible":true,"block_reasons":["reverse_state_changed"]}})
i18next: languageChanged zh-Hant

stdout | src/lifecycle/currentReviewContract.test.ts > checks the nested tracking receipt used by the audit ({"reverse_readiness":{"reversible":"true","block_reasons":[]}})
i18next: languageChanged zh-Hant

stdout | src/lifecycle/currentReviewContract.test.ts > does not claim an unacknowledged receipt has been acknowledged
i18next: languageChanged zh-Hant

stdout | src/lifecycle/currentReviewContract.test.ts > does not bypass current-list parsing at the real API boundary
i18next: languageChanged zh-Hant

 ✓ src/lifecycle/currentReviewContract.test.ts (68 tests) 37ms
stdout | src/lifecycle/useLifecycleSourceCheck.test.tsx > initial read never dispatches a source check or repeatedly polls idle state
i18next: languageChanged zh-Hant

stdout | src/lifecycle/useLifecycleSourceCheck.test.tsx > continues polling a durable running job through a temporary read failure
i18next: languageChanged zh-Hant

stdout | src/lifecycle/useLifecycleSourceCheck.test.tsx > keeps an attended request pending while durable running has no memory progress
i18next: languageChanged zh-Hant

stdout | src/lifecycle/useLifecycleSourceCheck.test.tsx > does not use a stale same-case result as completion of a new request
i18next: languageChanged zh-Hant

stdout | src/lifecycle/useLifecycleSourceCheck.test.tsx > does not use another case's running or completed job as the request receipt
i18next: languageChanged zh-Hant

stdout | src/lifecycle/useLifecycleSourceCheck.test.tsx > keeps polling a pending request after a read failure without another POST
i18next: languageChanged zh-Hant

stdout | src/lifecycle/useLifecycleSourceCheck.test.tsx > rejects a stale status response after explicit refresh
i18next: languageChanged zh-Hant

stdout | src/lifecycle/useLifecycleSourceCheck.test.tsx > prevents double dispatch before the first promise settles
i18next: languageChanged zh-Hant

stdout | src/lifecycle/useLifecycleSourceCheck.test.tsx > checks a lost dispatch response through durable reads and never automatically retries it
i18next: languageChanged zh-Hant

stdout | src/lifecycle/useLifecycleSourceCheck.test.tsx > a rejected dispatch does not pretend a background request started
i18next: languageChanged zh-Hant

stdout | src/lifecycle/useLifecycleSourceCheck.test.tsx > polling stops after unmount without dispatching or invoking completion
i18next: languageChanged zh-Hant

 ✓ src/lifecycle/useLifecycleSourceCheck.test.tsx (11 tests) 32ms
stdout | src/lifecycle/webContract.test.ts
i18next: languageChanged zh-Hant
i18next: initialized {
  debug: true,
  initAsync: false,
  ns: [
    'common',
    'shell',
    'settings',
    'research',
    'explore',
    'portfolio',
    'system'
  ],
  defaultNS: 'common',
  fallbackLng: [ 'zh-Hant' ],
  fallbackNS: false,
  supportedLngs: [ 'zh-Hant', 'en', 'cimode' ],
  nonExplicitSupportedLngs: false,
  load: 'currentOnly',
  preload: false,
  keySeparator: '.',
  nsSeparator: ':',
  pluralSeparator: '_',
  contextSeparator: '_',
  enableSelector: false,
  partialBundledLanguages: false,
  saveMissing: false,
  updateMissing: false,
  saveMissingTo: 'fallback',
  saveMissingPlurals: true,
  missingKeyHandler: false,
  missingInterpolationHandler: false,
  postProcess: false,
  postProcessPassResolved: false,
  returnNull: false,
  returnEmptyString: false,
  returnObjects: false,
  joinArrays: false,
  returnedObjectHandler: false,
  parseMissingKeyHandler: [Function: parseMissingKeyHandler],
  appendNamespaceToMissingKey: false,
  appendNamespaceToCIMode: false,
  overloadTranslationOptionHandler: [Function: overloadTranslationOptionHandler],
  interpolation: {
    escapeValue: false,
    prefix: '{{',
    suffix: '}}',
    formatSeparator: ',',
    unescapePrefix: '-',
    nestingPrefix: '$t(',
    nestingSuffix: ')',
    nestingOptionsSeparator: ',',
    maxReplaces: 1000,
    skipOnVariables: true,
    format: [Function: bound format]
  },
  cacheInBuiltFormats: true,
  resources: {
    'zh-Hant': {
      common: [Object],
      shell: [Object],
      settings: [Object],
      research: [Object],
      explore: [Object],
      portfolio: [Object],
      system: [Object]
    },
    en: {
      common: [Object],
      shell: [Object],
      settings: [Object],
      research: [Object],
      explore: [Object],
      portfolio: [Object],
      system: [Object]
    }
  },
  lng: 'zh-Hant',
  react: { useSuspense: false },
  ignoreJSONStructure: true
}

stdout | src/lifecycle/webContract.test.ts > Lifecycle Web DTOs > reads known four-channel provenance without exporting extra internal fields
i18next: languageChanged zh-Hant

stdout | src/lifecycle/webContract.test.ts > Lifecycle Web DTOs > keeps unknown identity details and usage unknown
i18next: languageChanged zh-Hant

stdout | src/lifecycle/webContract.test.ts > Lifecycle Web DTOs > keeps older source size declarations unknown across repeated parsing
i18next: languageChanged zh-Hant

stdout | src/lifecycle/webContract.test.ts > Lifecycle Web DTOs > keeps legacy source coverage unknown but validates every new coverage field
i18next: languageChanged zh-Hant

stdout | src/lifecycle/webContract.test.ts > Lifecycle Web DTOs > reads bounded source diagnostics without accepting header blobs or fake counts
i18next: languageChanged zh-Hant

stdout | src/lifecycle/webContract.test.ts > Lifecycle Web DTOs > preserves the same closed source gap disclosure in result and confirmation
i18next: languageChanged zh-Hant

stdout | src/lifecycle/webContract.test.ts > Lifecycle Web DTOs > rejects malformed gap metadata rather than hiding it: {}
i18next: languageChanged zh-Hant

stdout | src/lifecycle/webContract.test.ts > Lifecycle Web DTOs > rejects malformed gap metadata rather than hiding it: "unknown"
i18next: languageChanged zh-Hant

stdout | src/lifecycle/webContract.test.ts > Lifecycle Web DTOs > rejects malformed gap metadata rather than hiding it: {}
i18next: languageChanged zh-Hant

stdout | src/lifecycle/webContract.test.ts > Lifecycle Web DTOs > rejects malformed gap metadata rather than hiding it: {"url":"https://news.example.com","reason":null}
i18next: languageChanged zh-Hant

stdout | src/lifecycle/webContract.test.ts > Lifecycle Web DTOs > rejects malformed gap metadata rather than hiding it: {"url":"javascript:alert(1)","reason":"source_unavailable"}
i18next: languageChanged zh-Hant

stdout | src/lifecycle/webContract.test.ts > Lifecycle Web DTOs > rejects malformed gap metadata rather than hiding it: {"url":"https://user:secret@example.com","reason":"source_unavailable"}
i18next: languageChanged zh-Hant

stdout | src/lifecycle/webContract.test.ts > Lifecycle Web DTOs > rejects malformed gap metadata rather than hiding it: {"url":"https://news.example.com","reason":"raw server error"}
i18next: languageChanged zh-Hant

stdout | src/lifecycle/webContract.test.ts > Lifecycle Web DTOs > rejects malformed gap metadata rather than hiding it: {"url":"https://news.example.com","reason":"source_unavailable","source_id":"private-binding"}
i18next: languageChanged zh-Hant

stdout | src/lifecycle/webContract.test.ts > Lifecycle Web DTOs > requires a real citations array
i18next: languageChanged zh-Hant

stdout | src/lifecycle/webContract.test.ts > Lifecycle Web DTOs > requires a real contradictions array
i18next: languageChanged zh-Hant

stdout | src/lifecycle/webContract.test.ts > Lifecycle Web DTOs > requires a real unresolved_conditions array
i18next: languageChanged zh-Hant

stdout | src/lifecycle/webContract.test.ts > Lifecycle Web DTOs > requires a real block_reasons array
i18next: languageChanged zh-Hant

stdout | src/lifecycle/webContract.test.ts > Lifecycle Web DTOs > rejects unsafe citation URL javascript:alert(1)
i18next: languageChanged zh-Hant

stdout | src/lifecycle/webContract.test.ts > Lifecycle Web DTOs > rejects unsafe citation URL https://name:password@issuer.example/notices
i18next: languageChanged zh-Hant

stdout | src/lifecycle/webContract.test.ts > Lifecycle Web DTOs > rejects unsafe citation URL file:///home/private
i18next: languageChanged zh-Hant

stdout | src/lifecycle/webContract.test.ts > Lifecycle Web DTOs > rejects unsafe citation URL http://issuer.example/notices
i18next: languageChanged zh-Hant

stdout | src/lifecycle/webContract.test.ts > Lifecycle Web DTOs > does not treat a cancellation acknowledgment or unknown outcome as success
i18next: languageChanged zh-Hant

stdout | src/lifecycle/webContract.test.ts > Lifecycle Web DTOs > binds actionable findings to the run ticker and supported evidence
i18next: languageChanged zh-Hant

stdout | src/lifecycle/webContract.test.ts > Lifecycle Web DTOs > requires a complete launch preview or an explicit unavailable reason
i18next: languageChanged zh-Hant

stdout | src/lifecycle/webContract.test.ts > Lifecycle Web DTOs > validates request receipts rather than trusting an HTTP success cast
i18next: languageChanged zh-Hant

 ✓ src/lifecycle/webContract.test.ts (26 tests) 19ms
stdout | src/lifecycle/webApi.test.ts
i18next: languageChanged zh-Hant
i18next: initialized {
  debug: true,
  initAsync: false,
  ns: [
    'common',
    'shell',
    'settings',
    'research',
    'explore',
    'portfolio',
    'system'
  ],
  defaultNS: 'common',
  fallbackLng: [ 'zh-Hant' ],
  fallbackNS: false,
  supportedLngs: [ 'zh-Hant', 'en', 'cimode' ],
  nonExplicitSupportedLngs: false,
  load: 'currentOnly',
  preload: false,
  keySeparator: '.',
  nsSeparator: ':',
  pluralSeparator: '_',
  contextSeparator: '_',
  enableSelector: false,
  partialBundledLanguages: false,
  saveMissing: false,
  updateMissing: false,
  saveMissingTo: 'fallback',
  saveMissingPlurals: true,
  missingKeyHandler: false,
  missingInterpolationHandler: false,
  postProcess: false,
  postProcessPassResolved: false,
  returnNull: false,
  returnEmptyString: false,
  returnObjects: false,
  joinArrays: false,
  returnedObjectHandler: false,
  parseMissingKeyHandler: [Function: parseMissingKeyHandler],
  appendNamespaceToMissingKey: false,
  appendNamespaceToCIMode: false,
  overloadTranslationOptionHandler: [Function: overloadTranslationOptionHandler],
  interpolation: {
    escapeValue: false,
    prefix: '{{',
    suffix: '}}',
    formatSeparator: ',',
    unescapePrefix: '-',
    nestingPrefix: '$t(',
    nestingSuffix: ')',
    nestingOptionsSeparator: ',',
    maxReplaces: 1000,
    skipOnVariables: true,
    format: [Function: bound format]
  },
  cacheInBuiltFormats: true,
  resources: {
    'zh-Hant': {
      common: [Object],
      shell: [Object],
      settings: [Object],
      research: [Object],
      explore: [Object],
      portfolio: [Object],
      system: [Object]
    },
    en: {
      common: [Object],
      shell: [Object],
      settings: [Object],
      research: [Object],
      explore: [Object],
      portfolio: [Object],
      system: [Object]
    }
  },
  lng: 'zh-Hant',
  react: { useSuspense: false },
  ignoreJSONStructure: true
}

stdout | src/lifecycle/webApi.test.ts > validates Web run shape at the actual read boundary and never dispatches on read
i18next: languageChanged zh-Hant

stdout | src/lifecycle/webApi.test.ts > binds Web reads and cancellation receipts to the exact requested run or case
i18next: languageChanged zh-Hant

stdout | src/lifecycle/webApi.test.ts > binds the launch preview to its exact case and public question
i18next: languageChanged zh-Hant

stdout | src/lifecycle/webApi.test.ts > validates an explicit Web start receipt without retrying malformed success
i18next: languageChanged zh-Hant

stdout | src/lifecycle/webApi.test.ts > checks the exact Web confirmation receipt and never turns a rejection into another execution
i18next: languageChanged zh-Hant

stdout | src/lifecycle/webApi.test.ts > acknowledges only the validated source gaps shown with the confirmed packet
i18next: languageChanged zh-Hant

stdout | src/lifecycle/webApi.test.ts > gives retained-source validation its own receipt budget: 'current detail'
i18next: languageChanged zh-Hant

stdout | src/lifecycle/webApi.test.ts > gives retained-source validation its own receipt budget: 'latest result'
i18next: languageChanged zh-Hant

stdout | src/lifecycle/webApi.test.ts > gives retained-source validation its own receipt budget: 'run result'
i18next: languageChanged zh-Hant

stdout | src/lifecycle/webApi.test.ts > gives retained-source validation its own receipt budget: 'cancel receipt'
i18next: languageChanged zh-Hant

stdout | src/lifecycle/webApi.test.ts > gives retained-source validation its own receipt budget: 'review packet'
i18next: languageChanged zh-Hant

stdout | src/lifecycle/webApi.test.ts > gives retained-source validation its own receipt budget: 'confirm receipt'
i18next: languageChanged zh-Hant

stdout | src/lifecycle/webApi.test.ts > accepts a slow verified local result without retrying or starting another investigation
i18next: languageChanged zh-Hant

stdout | src/lifecycle/webApi.test.ts > still bounds a stalled receipt read and never retries it
i18next: languageChanged zh-Hant

stdout | src/lifecycle/webApi.test.ts > does not increase the unrelated dispatch/default request budget: preflight
i18next: languageChanged zh-Hant

stdout | src/lifecycle/webApi.test.ts > does not increase the unrelated dispatch/default request budget: start
i18next: languageChanged zh-Hant

 ✓ src/lifecycle/webApi.test.ts (16 tests) 25ms
stdout | src/lifecycle/webPresentation.test.ts
i18next: languageChanged zh-Hant
i18next: initialized {
  debug: true,
  initAsync: false,
  ns: [
    'common',
    'shell',
    'settings',
    'research',
    'explore',
    'portfolio',
    'system'
  ],
  defaultNS: 'common',
  fallbackLng: [ 'zh-Hant' ],
  fallbackNS: false,
  supportedLngs: [ 'zh-Hant', 'en', 'cimode' ],
  nonExplicitSupportedLngs: false,
  load: 'currentOnly',
  preload: false,
  keySeparator: '.',
  nsSeparator: ':',
  pluralSeparator: '_',
  contextSeparator: '_',
  enableSelector: false,
  partialBundledLanguages: false,
  saveMissing: false,
  updateMissing: false,
  saveMissingTo: 'fallback',
  saveMissingPlurals: true,
  missingKeyHandler: false,
  missingInterpolationHandler: false,
  postProcess: false,
  postProcessPassResolved: false,
  returnNull: false,
  returnEmptyString: false,
  returnObjects: false,
  joinArrays: false,
  returnedObjectHandler: false,
  parseMissingKeyHandler: [Function: parseMissingKeyHandler],
  appendNamespaceToMissingKey: false,
  appendNamespaceToCIMode: false,
  overloadTranslationOptionHandler: [Function: overloadTranslationOptionHandler],
  interpolation: {
    escapeValue: false,
    prefix: '{{',
    suffix: '}}',
    formatSeparator: ',',
    unescapePrefix: '-',
    nestingPrefix: '$t(',
    nestingSuffix: ')',
    nestingOptionsSeparator: ',',
    maxReplaces: 1000,
    skipOnVariables: true,
    format: [Function: bound format]
  },
  cacheInBuiltFormats: true,
  resources: {
    'zh-Hant': {
      common: [Object],
      shell: [Object],
      settings: [Object],
      research: [Object],
      explore: [Object],
      portfolio: [Object],
      system: [Object]
    },
    en: {
      common: [Object],
      shell: [Object],
      settings: [Object],
      research: [Object],
      explore: [Object],
      portfolio: [Object],
      system: [Object]
    }
  },
  lng: 'zh-Hant',
  react: { useSuspense: false },
  ignoreJSONStructure: true
}

stdout | src/lifecycle/webPresentation.test.ts > covers every Web state in both languages without inventing a state label
i18next: languageChanged zh-Hant

stdout | src/lifecycle/webPresentation.test.ts > requires complete bilingual Web copy with identical keys in both directions
i18next: languageChanged zh-Hant

 ✓ src/lifecycle/webPresentation.test.ts (2 tests) 9ms
stdout | src/lifecycle/currentReviewPresentation.test.ts
i18next: languageChanged zh-Hant
i18next: initialized {
  debug: true,
  initAsync: false,
  ns: [
    'common',
    'shell',
    'settings',
    'research',
    'explore',
    'portfolio',
    'system'
  ],
  defaultNS: 'common',
  fallbackLng: [ 'zh-Hant' ],
  fallbackNS: false,
  supportedLngs: [ 'zh-Hant', 'en', 'cimode' ],
  nonExplicitSupportedLngs: false,
  load: 'currentOnly',
  preload: false,
  keySeparator: '.',
  nsSeparator: ':',
  pluralSeparator: '_',
  contextSeparator: '_',
  enableSelector: false,
  partialBundledLanguages: false,
  saveMissing: false,
  updateMissing: false,
  saveMissingTo: 'fallback',
  saveMissingPlurals: true,
  missingKeyHandler: false,
  missingInterpolationHandler: false,
  postProcess: false,
  postProcessPassResolved: false,
  returnNull: false,
  returnEmptyString: false,
  returnObjects: false,
  joinArrays: false,
  returnedObjectHandler: false,
  parseMissingKeyHandler: [Function: parseMissingKeyHandler],
  appendNamespaceToMissingKey: false,
  appendNamespaceToCIMode: false,
  overloadTranslationOptionHandler: [Function: overloadTranslationOptionHandler],
  interpolation: {
    escapeValue: false,
    prefix: '{{',
    suffix: '}}',
    formatSeparator: ',',
    unescapePrefix: '-',
    nestingPrefix: '$t(',
    nestingSuffix: ')',
    nestingOptionsSeparator: ',',
    maxReplaces: 1000,
    skipOnVariables: true,
    format: [Function: bound format]
  },
  cacheInBuiltFormats: true,
  resources: {
    'zh-Hant': {
      common: [Object],
      shell: [Object],
      settings: [Object],
      research: [Object],
      explore: [Object],
      portfolio: [Object],
      system: [Object]
    },
    en: {
      common: [Object],
      shell: [Object],
      settings: [Object],
      research: [Object],
      explore: [Object],
      portfolio: [Object],
      system: [Object]
    }
  },
  lng: 'zh-Hant',
  react: { useSuspense: false },
  ignoreJSONStructure: true
}

stdout | src/lifecycle/currentReviewPresentation.test.ts > has exactly the current review and action vocabulary in en
i18next: languageChanged zh-Hant

stdout | src/lifecycle/currentReviewPresentation.test.ts > has exactly the current review and action vocabulary in zh-Hant
i18next: languageChanged zh-Hant

 ✓ src/lifecycle/currentReviewPresentation.test.ts (2 tests) 5ms
stdout | src/LifecycleCss.test.ts
i18next: languageChanged zh-Hant
i18next: initialized {
  debug: true,
  initAsync: false,
  ns: [
    'common',
    'shell',
    'settings',
    'research',
    'explore',
    'portfolio',
    'system'
  ],
  defaultNS: 'common',
  fallbackLng: [ 'zh-Hant' ],
  fallbackNS: false,
  supportedLngs: [ 'zh-Hant', 'en', 'cimode' ],
  nonExplicitSupportedLngs: false,
  load: 'currentOnly',
  preload: false,
  keySeparator: '.',
  nsSeparator: ':',
  pluralSeparator: '_',
  contextSeparator: '_',
  enableSelector: false,
  partialBundledLanguages: false,
  saveMissing: false,
  updateMissing: false,
  saveMissingTo: 'fallback',
  saveMissingPlurals: true,
  missingKeyHandler: false,
  missingInterpolationHandler: false,
  postProcess: false,
  postProcessPassResolved: false,
  returnNull: false,
  returnEmptyString: false,
  returnObjects: false,
  joinArrays: false,
  returnedObjectHandler: false,
  parseMissingKeyHandler: [Function: parseMissingKeyHandler],
  appendNamespaceToMissingKey: false,
  appendNamespaceToCIMode: false,
  overloadTranslationOptionHandler: [Function: overloadTranslationOptionHandler],
  interpolation: {
    escapeValue: false,
    prefix: '{{',
    suffix: '}}',
    formatSeparator: ',',
    unescapePrefix: '-',
    nestingPrefix: '$t(',
    nestingSuffix: ')',
    nestingOptionsSeparator: ',',
    maxReplaces: 1000,
    skipOnVariables: true,
    format: [Function: bound format]
  },
  cacheInBuiltFormats: true,
  resources: {
    'zh-Hant': {
      common: [Object],
      shell: [Object],
      settings: [Object],
      research: [Object],
      explore: [Object],
      portfolio: [Object],
      system: [Object]
    },
    en: {
      common: [Object],
      shell: [Object],
      settings: [Object],
      research: [Object],
      explore: [Object],
      portfolio: [Object],
      system: [Object]
    }
  },
  lng: 'zh-Hant',
  react: { useSuspense: false },
  ignoreJSONStructure: true
}

stdout | src/LifecycleCss.test.ts > lifecycle queue CSS contract > keeps four stable desktop segments and two bounded mobile columns
i18next: languageChanged zh-Hant

stdout | src/LifecycleCss.test.ts > lifecycle queue CSS contract > keeps closed manual evidence commands out of layout
i18next: languageChanged zh-Hant

stdout | src/LifecycleCss.test.ts > lifecycle queue CSS contract > keeps closed evidence bodies out of layout
i18next: languageChanged zh-Hant

 ✓ src/LifecycleCss.test.ts (3 tests) 4ms
stdout | src/lifecycle/tickerIdentityPresentation.test.ts
i18next: languageChanged zh-Hant
i18next: initialized {
  debug: true,
  initAsync: false,
  ns: [
    'common',
    'shell',
    'settings',
    'research',
    'explore',
    'portfolio',
    'system'
  ],
  defaultNS: 'common',
  fallbackLng: [ 'zh-Hant' ],
  fallbackNS: false,
  supportedLngs: [ 'zh-Hant', 'en', 'cimode' ],
  nonExplicitSupportedLngs: false,
  load: 'currentOnly',
  preload: false,
  keySeparator: '.',
  nsSeparator: ':',
  pluralSeparator: '_',
  contextSeparator: '_',
  enableSelector: false,
  partialBundledLanguages: false,
  saveMissing: false,
  updateMissing: false,
  saveMissingTo: 'fallback',
  saveMissingPlurals: true,
  missingKeyHandler: false,
  missingInterpolationHandler: false,
  postProcess: false,
  postProcessPassResolved: false,
  returnNull: false,
  returnEmptyString: false,
  returnObjects: false,
  joinArrays: false,
  returnedObjectHandler: false,
  parseMissingKeyHandler: [Function: parseMissingKeyHandler],
  appendNamespaceToMissingKey: false,
  appendNamespaceToCIMode: false,
  overloadTranslationOptionHandler: [Function: overloadTranslationOptionHandler],
  interpolation: {
    escapeValue: false,
    prefix: '{{',
    suffix: '}}',
    formatSeparator: ',',
    unescapePrefix: '-',
    nestingPrefix: '$t(',
    nestingSuffix: ')',
    nestingOptionsSeparator: ',',
    maxReplaces: 1000,
    skipOnVariables: true,
    format: [Function: bound format]
  },
  cacheInBuiltFormats: true,
  resources: {
    'zh-Hant': {
      common: [Object],
      shell: [Object],
      settings: [Object],
      research: [Object],
      explore: [Object],
      portfolio: [Object],
      system: [Object]
    },
    en: {
      common: [Object],
      shell: [Object],
      settings: [Object],
      research: [Object],
      explore: [Object],
      portfolio: [Object],
      system: [Object]
    }
  },
  lng: 'zh-Hant',
  react: { useSuspense: false },
  ignoreJSONStructure: true
}

stdout | src/lifecycle/tickerIdentityPresentation.test.ts > ticker identity presentation > keeps activity authority and type labels exhaustive with an explicit unknown value
i18next: languageChanged zh-Hant

stdout | src/lifecycle/tickerIdentityPresentation.test.ts > ticker identity presentation > keeps every durable status distinct and uses an explicit unknown value
i18next: languageChanged zh-Hant

stdout | src/lifecycle/tickerIdentityPresentation.test.ts > ticker identity presentation > does not collapse broker retention or blockers into a generic state
i18next: languageChanged zh-Hant

 ✓ src/lifecycle/tickerIdentityPresentation.test.ts (3 tests) 4ms
stdout | src/LifecycleCaseApi.test.ts
i18next: languageChanged zh-Hant
i18next: initialized {
  debug: true,
  initAsync: false,
  ns: [
    'common',
    'shell',
    'settings',
    'research',
    'explore',
    'portfolio',
    'system'
  ],
  defaultNS: 'common',
  fallbackLng: [ 'zh-Hant' ],
  fallbackNS: false,
  supportedLngs: [ 'zh-Hant', 'en', 'cimode' ],
  nonExplicitSupportedLngs: false,
  load: 'currentOnly',
  preload: false,
  keySeparator: '.',
  nsSeparator: ':',
  pluralSeparator: '_',
  contextSeparator: '_',
  enableSelector: false,
  partialBundledLanguages: false,
  saveMissing: false,
  updateMissing: false,
  saveMissingTo: 'fallback',
  saveMissingPlurals: true,
  missingKeyHandler: false,
  missingInterpolationHandler: false,
  postProcess: false,
  postProcessPassResolved: false,
  returnNull: false,
  returnEmptyString: false,
  returnObjects: false,
  joinArrays: false,
  returnedObjectHandler: false,
  parseMissingKeyHandler: [Function: parseMissingKeyHandler],
  appendNamespaceToMissingKey: false,
  appendNamespaceToCIMode: false,
  overloadTranslationOptionHandler: [Function: overloadTranslationOptionHandler],
  interpolation: {
    escapeValue: false,
    prefix: '{{',
    suffix: '}}',
    formatSeparator: ',',
    unescapePrefix: '-',
    nestingPrefix: '$t(',
    nestingSuffix: ')',
    nestingOptionsSeparator: ',',
    maxReplaces: 1000,
    skipOnVariables: true,
    format: [Function: bound format]
  },
  cacheInBuiltFormats: true,
  resources: {
    'zh-Hant': {
      common: [Object],
      shell: [Object],
      settings: [Object],
      research: [Object],
      explore: [Object],
      portfolio: [Object],
      system: [Object]
    },
    en: {
      common: [Object],
      shell: [Object],
      settings: [Object],
      research: [Object],
      explore: [Object],
      portfolio: [Object],
      system: [Object]
    }
  },
  lng: 'zh-Hant',
  react: { useSuspense: false },
  ignoreJSONStructure: true
}

stdout | src/LifecycleCaseApi.test.ts > security lifecycle case API > projects a backend proposal into the closed browser DTO
i18next: languageChanged zh-Hant

stdout | src/LifecycleCaseApi.test.ts > security lifecycle case API > keeps automation narrative semantics while stripping primary rule authority
i18next: languageChanged zh-Hant

stdout | src/LifecycleCaseApi.test.ts > security lifecycle case API > rejects malformed proposals before React receives the case
i18next: languageChanged zh-Hant

stdout | src/LifecycleCaseApi.test.ts > security lifecycle case API > rejects malformed current blockers before React receives the case
i18next: languageChanged zh-Hant

stdout | src/LifecycleCaseApi.test.ts > security lifecycle case API > rejects malformed null current blockers before React receives the case
i18next: languageChanged zh-Hant

stdout | src/LifecycleCaseApi.test.ts > security lifecycle case API > rejects malformed invalid current blocker before React receives the case
i18next: languageChanged zh-Hant

stdout | src/LifecycleCaseApi.test.ts > security lifecycle case API > rejects malformed active_sources before React receives the case
i18next: languageChanged zh-Hant

stdout | src/LifecycleCaseApi.test.ts > security lifecycle case API > rejects malformed observation items before React receives the case
i18next: languageChanged zh-Hant

stdout | src/LifecycleCaseApi.test.ts > security lifecycle case API > keeps current listing diagnostics closed and accepts their absence in older responses
i18next: languageChanged zh-Hant

stdout | src/LifecycleCaseApi.test.ts > security lifecycle case API > loads historical arrays only through the closed audit contract
i18next: languageChanged zh-Hant

stdout | src/LifecycleCaseApi.test.ts > security lifecycle case API > strips future fields from every audit row and nested translation
i18next: languageChanged zh-Hant

stdout | src/LifecycleCaseApi.test.ts > security lifecycle case API > rejects malformed audit evidence before React receives it
i18next: languageChanged zh-Hant

stdout | src/LifecycleCaseApi.test.ts > security lifecycle case API > rejects malformed audit automation blockers before React receives it
i18next: languageChanged zh-Hant

stdout | src/LifecycleCaseApi.test.ts > security lifecycle case API > rejects malformed audit assessment citations before React receives it
i18next: languageChanged zh-Hant

stdout | src/LifecycleCaseApi.test.ts > security lifecycle case API > projects SEC candidates through the closed browser DTO
i18next: languageChanged zh-Hant

stdout | src/LifecycleCaseApi.test.ts > security lifecycle case API > rejects malformed SEC candidate collection before React receives it
i18next: languageChanged zh-Hant

stdout | src/LifecycleCaseApi.test.ts > security lifecycle case API > rejects malformed SEC admission state before React receives it
i18next: languageChanged zh-Hant

stdout | src/LifecycleCaseApi.test.ts > security lifecycle case API > rejects malformed SEC admission reason before React receives it
i18next: languageChanged zh-Hant

 ✓ src/LifecycleCaseApi.test.ts (18 tests) 20ms
stdout | src/LifecycleAutomationApi.test.ts
i18next: languageChanged zh-Hant
i18next: initialized {
  debug: true,
  initAsync: false,
  ns: [
    'common',
    'shell',
    'settings',
    'research',
    'explore',
    'portfolio',
    'system'
  ],
  defaultNS: 'common',
  fallbackLng: [ 'zh-Hant' ],
  fallbackNS: false,
  supportedLngs: [ 'zh-Hant', 'en', 'cimode' ],
  nonExplicitSupportedLngs: false,
  load: 'currentOnly',
  preload: false,
  keySeparator: '.',
  nsSeparator: ':',
  pluralSeparator: '_',
  contextSeparator: '_',
  enableSelector: false,
  partialBundledLanguages: false,
  saveMissing: false,
  updateMissing: false,
  saveMissingTo: 'fallback',
  saveMissingPlurals: true,
  missingKeyHandler: false,
  missingInterpolationHandler: false,
  postProcess: false,
  postProcessPassResolved: false,
  returnNull: false,
  returnEmptyString: false,
  returnObjects: false,
  joinArrays: false,
  returnedObjectHandler: false,
  parseMissingKeyHandler: [Function: parseMissingKeyHandler],
  appendNamespaceToMissingKey: false,
  appendNamespaceToCIMode: false,
  overloadTranslationOptionHandler: [Function: overloadTranslationOptionHandler],
  interpolation: {
    escapeValue: false,
    prefix: '{{',
    suffix: '}}',
    formatSeparator: ',',
    unescapePrefix: '-',
    nestingPrefix: '$t(',
    nestingSuffix: ')',
    nestingOptionsSeparator: ',',
    maxReplaces: 1000,
    skipOnVariables: true,
    format: [Function: bound format]
  },
  cacheInBuiltFormats: true,
  resources: {
    'zh-Hant': {
      common: [Object],
      shell: [Object],
      settings: [Object],
      research: [Object],
      explore: [Object],
      portfolio: [Object],
      system: [Object]
    },
    en: {
      common: [Object],
      shell: [Object],
      settings: [Object],
      research: [Object],
      explore: [Object],
      portfolio: [Object],
      system: [Object]
    }
  },
  lng: 'zh-Hant',
  react: { useSuspense: false },
  ignoreJSONStructure: true
}

stdout | src/LifecycleAutomationApi.test.ts > security lifecycle automation API > parses the closed status contract from the lifecycle endpoint
i18next: languageChanged zh-Hant

stdout | src/LifecycleAutomationApi.test.ts > security lifecycle automation API > PUTs the complete config without implicit defaults
i18next: languageChanged zh-Hant

stdout | src/LifecycleAutomationApi.test.ts > security lifecycle automation API > dispatches due and case runs through their distinct attended endpoints
i18next: languageChanged zh-Hant

stdout | src/LifecycleAutomationApi.test.ts > security lifecycle automation API > rejects an unknown schedule status before it reaches presentation code
i18next: languageChanged zh-Hant

stdout | src/LifecycleAutomationApi.test.ts > security lifecycle automation API > rejects an unknown progress stage before it reaches presentation code
i18next: languageChanged zh-Hant

stdout | src/LifecycleAutomationApi.test.ts > security lifecycle automation API > rejects an unknown case outcome before it reaches presentation code
i18next: languageChanged zh-Hant

stdout | src/LifecycleAutomationApi.test.ts > security lifecycle automation API > rejects an unknown dispatch status
i18next: languageChanged zh-Hant

 ✓ src/LifecycleAutomationApi.test.ts (7 tests) 13ms

 Test Files  16 passed (16)
      Tests  273 passed (273)
   Start at  15:09:58
   Duration  2.66s (transform 997ms, setup 1.15s, import 1.14s, tests 1.74s, environment 4.50s)

JSON report written to /tmp/lifecycle-gap-adoption-r1/ui-final.json
